2026-03-12 13:24:16 | qs.system    | INFO  | Starting Quant Scalper v6 on http://localhost:8000
2026-03-12 13:24:44 | qs.system    | INFO  | Starting bot mode=paper symbols=['BTC/USDT', 'ETH/USDT', 'SOL/USDT']
2026-03-12 13:24:45 | qs.data      | INFO  | Exchange initialized for BTC/USDT
2026-03-12 13:24:45 | qs.data      | INFO  | Exchange initialized for ETH/USDT
2026-03-12 13:24:45 | qs.data      | INFO  | Exchange initialized for SOL/USDT
2026-03-12 13:24:45 | qs.graveyard | INFO  | Loaded 0 tombstones from graveyard
2026-03-12 13:24:45 | qs.data      | INFO  | Exchange initialized for BTC/USDT
2026-03-12 13:24:45 | qs.data      | INFO  | Exchange initialized for ETH/USDT
2026-03-12 13:24:45 | qs.data      | INFO  | Exchange initialized for SOL/USDT
2026-03-12 13:24:49 | qs.ml        | INFO  | Computing features for training...
2026-03-12 13:24:50 | qs.ml        | INFO  | Trained: val_accuracy=49.0% samples=386 top_features=['atr_norm', 'ema50_slope', 'hour_cos']
2026-03-12 13:25:07 | qs.volatility | INFO  | Top 3 volatile: SOL/USDT(0.092%), ETH/USDT(0.073%), BTC/USDT(0.073%)
2026-03-12 13:25:16 | qs.exploit_gate | INFO  | Gate OPEN | type=TRENDING conf=0.76 | H=0.780(TRENDING) S=0.817 AC=0.223(TRENDING) VR=1.321(TRENDING) | pass_rate=100.0%
2026-03-12 13:25:16 | qs.exploit_gate | INFO  | Gate OPEN | type=TRENDING conf=0.77 | H=0.750(TRENDING) S=0.759 AC=0.180(TRENDING) VR=1.107(TRENDING) | pass_rate=100.0%
2026-03-12 13:25:16 | qs.signal    | INFO  | REJECT ETH/USDT SHORT grade=D score=0.4 quality=0.441 | {"breakdown": {"technical": 0.213, "ml_confidence": 0.5, "order_flow": 0.515, "volatility": 0.55}}
2026-03-12 13:25:16 | qs.system    | ERROR | BotLoop error: name 'regrade' is not defined
2026-03-12 13:25:46 | qs.volatility | INFO  | Top 3 volatile: SOL/USDT(0.092%), ETH/USDT(0.073%), BTC/USDT(0.073%)
2026-03-12 13:25:47 | qs.exploit_gate | INFO  | Gate OPEN | type=TRENDING conf=0.75 | H=0.780(TRENDING) S=0.821 AC=0.220(TRENDING) VR=1.321(TRENDING) | pass_rate=100.0%
2026-03-12 13:25:47 | qs.exploit_gate | INFO  | Gate OPEN | type=TRENDING conf=0.54 | H=0.751(TRENDING) S=0.767 AC=0.180(TRENDING) VR=1.089(NONE) | pass_rate=100.0%
2026-03-12 13:25:47 | qs.exploit_gate | INFO  | Gate OPEN | type=TRENDING conf=0.52 | H=0.762(TRENDING) S=0.812 AC=0.116(TRENDING) VR=1.036(NONE) | pass_rate=100.0%
2026-03-12 13:26:17 | qs.volatility | INFO  | Top 3 volatile: SOL/USDT(0.092%), ETH/USDT(0.073%), BTC/USDT(0.073%)
2026-03-12 13:26:19 | qs.exploit_gate | INFO  | Gate OPEN | type=TRENDING conf=0.75 | H=0.787(TRENDING) S=0.821 AC=0.216(TRENDING) VR=1.324(TRENDING) | pass_rate=100.0%
2026-03-12 13:26:19 | qs.exploit_gate | INFO  | Gate OPEN | type=TRENDING conf=0.77 | H=0.762(TRENDING) S=0.765 AC=0.173(TRENDING) VR=1.101(TRENDING) | pass_rate=100.0%
2026-03-12 13:26:19 | qs.exploit_gate | INFO  | Gate OPEN | type=TRENDING conf=0.52 | H=0.764(TRENDING) S=0.815 AC=0.106(TRENDING) VR=1.033(NONE) | pass_rate=100.0%
2026-03-12 13:26:49 | qs.volatility | INFO  | Top 3 volatile: SOL/USDT(0.092%), ETH/USDT(0.073%), BTC/USDT(0.073%)
2026-03-12 13:26:50 | qs.exploit_gate | INFO  | Gate OPEN | type=TRENDING conf=0.75 | H=0.787(TRENDING) S=0.821 AC=0.218(TRENDING) VR=1.325(TRENDING) | pass_rate=100.0%
2026-03-12 13:26:50 | qs.exploit_gate | INFO  | Gate OPEN | type=TRENDING conf=0.77 | H=0.762(TRENDING) S=0.765 AC=0.174(TRENDING) VR=1.101(TRENDING) | pass_rate=100.0%
2026-03-12 13:26:50 | qs.exploit_gate | INFO  | Gate OPEN | type=TRENDING conf=0.52 | H=0.763(TRENDING) S=0.815 AC=0.108(TRENDING) VR=1.035(NONE) | pass_rate=100.0%
2026-03-12 13:27:20 | qs.volatility | INFO  | Top 3 volatile: SOL/USDT(0.092%), ETH/USDT(0.073%), BTC/USDT(0.073%)
2026-03-12 13:27:22 | qs.exploit_gate | INFO  | Gate OPEN | type=TRENDING conf=0.75 | H=0.812(TRENDING) S=0.830 AC=0.209(TRENDING) VR=1.297(TRENDING) | pass_rate=100.0%
2026-03-12 13:27:23 | qs.signal    | INFO  | REJECT SOL/USDT SHORT grade=D score=0.5 quality=0.499 | {"breakdown": {"technical": 0.475, "ml_confidence": 0.5, "order_flow": 0.475, "volatility": 0.55}}
2026-03-12 13:27:23 | qs.system    | ERROR | BotLoop error: name 'regrade' is not defined
2026-03-12 13:27:56 | qs.volatility | INFO  | Top 3 volatile: ETH/USDT(0.095%), SOL/USDT(0.096%), BTC/USDT(0.073%)
2026-03-12 13:27:58 | qs.exploit_gate | INFO  | Gate OPEN | type=TRENDING conf=0.54 | H=0.776(TRENDING) S=0.767 AC=0.165(TRENDING) VR=1.086(NONE) | pass_rate=100.0%
2026-03-12 13:27:59 | qs.signal    | INFO  | REJECT ETH/USDT SHORT grade=D score=0.5 quality=0.502 | {"breakdown": {"technical": 0.201, "ml_confidence": 0.5, "order_flow": 0.834, "volatility": 0.55}}
2026-03-12 13:27:59 | qs.system    | ERROR | BotLoop error: name 'regrade' is not defined
2026-03-12 13:28:29 | qs.volatility | INFO  | Top 3 volatile: ETH/USDT(0.095%), SOL/USDT(0.096%), BTC/USDT(0.073%)
2026-03-12 13:28:31 | qs.exploit_gate | INFO  | Gate OPEN | type=TRENDING conf=0.53 | H=0.781(TRENDING) S=0.775 AC=0.165(TRENDING) VR=1.069(NONE) | pass_rate=100.0%
2026-03-12 13:28:31 | qs.signal    | INFO  | REJECT ETH/USDT SHORT grade=D score=0.4 quality=0.380 | {"breakdown": {"technical": 0.205, "ml_confidence": 0.5, "order_flow": 0.218, "volatility": 0.55}}
2026-03-12 13:28:31 | qs.system    | ERROR | BotLoop error: name 'regrade' is not defined
2026-03-12 13:29:01 | qs.volatility | INFO  | Top 3 volatile: ETH/USDT(0.095%), SOL/USDT(0.096%), BTC/USDT(0.073%)
2026-03-12 13:29:03 | qs.exploit_gate | INFO  | Gate OPEN | type=TRENDING conf=0.54 | H=0.783(TRENDING) S=0.773 AC=0.159(TRENDING) VR=1.097(NONE) | pass_rate=100.0%
2026-03-12 13:29:03 | qs.signal    | INFO  | REJECT ETH/USDT SHORT grade=D score=0.5 quality=0.500 | {"breakdown": {"technical": 0.21, "ml_confidence": 0.5, "order_flow": 0.813, "volatility": 0.55}}
2026-03-12 13:29:03 | qs.system    | ERROR | BotLoop error: name 'regrade' is not defined
2026-03-12 13:29:33 | qs.volatility | INFO  | Top 3 volatile: ETH/USDT(0.095%), SOL/USDT(0.096%), BTC/USDT(0.073%)
2026-03-12 13:29:35 | qs.exploit_gate | INFO  | Gate OPEN | type=TRENDING conf=0.54 | H=0.783(TRENDING) S=0.773 AC=0.159(TRENDING) VR=1.097(NONE) | pass_rate=100.0%
2026-03-12 13:29:36 | qs.signal    | INFO  | REJECT ETH/USDT SHORT grade=D score=0.4 quality=0.362 | {"breakdown": {"technical": 0.209, "ml_confidence": 0.5, "order_flow": 0.127, "volatility": 0.55}}
2026-03-12 13:29:36 | qs.system    | ERROR | BotLoop error: name 'regrade' is not defined
2026-03-12 13:30:09 | qs.volatility | INFO  | Top 3 volatile: ETH/USDT(0.095%), SOL/USDT(0.096%), BTC/USDT(0.073%)
2026-03-12 13:30:10 | qs.exploit_gate | INFO  | Gate OPEN | type=TRENDING conf=0.54 | H=0.785(TRENDING) S=0.773 AC=0.154(TRENDING) VR=1.095(NONE) | pass_rate=100.0%
2026-03-12 13:30:10 | qs.exploit_gate | INFO  | Gate OPEN | type=TRENDING conf=0.75 | H=0.812(TRENDING) S=0.826 AC=0.213(TRENDING) VR=1.352(TRENDING) | pass_rate=100.0%
2026-03-12 13:30:10 | qs.exploit_gate | INFO  | Gate OPEN | type=TRENDING conf=0.53 | H=0.774(TRENDING) S=0.807 AC=0.090(TRENDING) VR=1.064(NONE) | pass_rate=100.0%
2026-03-12 13:30:43 | qs.volatility | INFO  | Top 3 volatile: ETH/USDT(0.090%), SOL/USDT(0.095%), BTC/USDT(0.079%)
2026-03-12 13:30:45 | qs.exploit_gate | INFO  | Gate OPEN | type=TRENDING conf=0.53 | H=0.784(TRENDING) S=0.775 AC=0.149(TRENDING) VR=1.076(NONE) | pass_rate=100.0%
2026-03-12 13:30:45 | qs.exploit_gate | INFO  | Gate OPEN | type=TRENDING conf=0.75 | H=0.811(TRENDING) S=0.829 AC=0.210(TRENDING) VR=1.338(TRENDING) | pass_rate=100.0%
2026-03-12 13:30:45 | qs.exploit_gate | INFO  | Gate OPEN | type=TRENDING conf=0.52 | H=0.773(TRENDING) S=0.817 AC=0.062(TRENDING) VR=1.026(NONE) | pass_rate=100.0%
2026-03-12 13:31:15 | qs.volatility | INFO  | Top 3 volatile: ETH/USDT(0.090%), SOL/USDT(0.095%), BTC/USDT(0.079%)
2026-03-12 13:31:17 | qs.exploit_gate | INFO  | Gate OPEN | type=TRENDING conf=0.77 | H=0.790(TRENDING) S=0.773 AC=0.152(TRENDING) VR=1.120(TRENDING) | pass_rate=100.0%
2026-03-12 13:31:17 | qs.signal    | INFO  | REJECT ETH/USDT SHORT grade=D score=0.4 quality=0.449 | {"breakdown": {"technical": 0.467, "ml_confidence": 0.5, "order_flow": 0.238, "volatility": 0.55}}
2026-03-12 13:31:17 | qs.system    | ERROR | BotLoop error: name 'regrade' is not defined
2026-03-12 13:31:47 | qs.volatility | INFO  | Top 3 volatile: ETH/USDT(0.090%), SOL/USDT(0.095%), BTC/USDT(0.079%)
2026-03-12 13:31:49 | qs.exploit_gate | INFO  | Gate OPEN | type=TRENDING conf=0.77 | H=0.790(TRENDING) S=0.772 AC=0.143(TRENDING) VR=1.108(TRENDING) | pass_rate=100.0%
2026-03-12 13:31:49 | qs.exploit_gate | INFO  | Gate OPEN | type=TRENDING conf=0.75 | H=0.816(TRENDING) S=0.826 AC=0.213(TRENDING) VR=1.348(TRENDING) | pass_rate=100.0%
2026-03-12 13:31:50 | qs.exploit_gate | INFO  | Gate OPEN | type=TRENDING conf=0.52 | H=0.766(TRENDING) S=0.816 AC=0.092(TRENDING) VR=1.036(NONE) | pass_rate=100.0%
2026-03-12 13:31:50 | qs.signal    | INFO  | ACCEPT BTC/USDT LONG grade=C score=0.7 quality=0.734 | {"breakdown": {"technical": 0.924, "ml_confidence": 0.5, "order_flow": 0.94, "volatility": 0.7}}
2026-03-12 13:31:50 | qs.system    | ERROR | BotLoop error: name 'regrade' is not defined
2026-03-12 13:32:20 | qs.volatility | INFO  | Top 3 volatile: ETH/USDT(0.090%), SOL/USDT(0.095%), BTC/USDT(0.079%)
2026-03-12 13:32:23 | qs.exploit_gate | INFO  | Gate OPEN | type=TRENDING conf=0.53 | H=0.802(TRENDING) S=0.777 AC=0.126(TRENDING) VR=1.077(NONE) | pass_rate=100.0%
2026-03-12 13:32:23 | qs.exploit_gate | INFO  | Gate OPEN | type=TRENDING conf=0.75 | H=0.817(TRENDING) S=0.828 AC=0.213(TRENDING) VR=1.355(TRENDING) | pass_rate=100.0%
2026-03-12 13:32:23 | qs.exploit_gate | INFO  | Gate OPEN | type=TRENDING conf=0.52 | H=0.787(TRENDING) S=0.818 AC=0.091(TRENDING) VR=1.035(NONE) | pass_rate=100.0%
2026-03-12 13:32:24 | qs.signal    | INFO  | REJECT BTC/USDT LONG grade=D score=0.6 quality=0.616 | {"breakdown": {"technical": 0.424, "ml_confidence": 0.5, "order_flow": 0.976, "volatility": 0.7}}
2026-03-12 13:32:24 | qs.system    | ERROR | BotLoop error: name 'regrade' is not defined
2026-03-12 13:32:54 | qs.volatility | INFO  | Top 3 volatile: ETH/USDT(0.090%), SOL/USDT(0.095%), BTC/USDT(0.079%)
2026-03-12 13:32:55 | qs.exploit_gate | INFO  | Gate OPEN | type=TRENDING conf=0.54 | H=0.802(TRENDING) S=0.773 AC=0.139(TRENDING) VR=1.087(NONE) | pass_rate=100.0%
2026-03-12 13:32:55 | qs.exploit_gate | INFO  | Gate OPEN | type=TRENDING conf=0.75 | H=0.817(TRENDING) S=0.829 AC=0.218(TRENDING) VR=1.358(TRENDING) | pass_rate=100.0%
2026-03-12 13:32:56 | qs.signal    | INFO  | REJECT SOL/USDT LONG grade=D score=0.6 quality=0.553 | {"breakdown": {"technical": 0.424, "ml_confidence": 0.5, "order_flow": 0.662, "volatility": 0.7}}
2026-03-12 13:32:56 | qs.system    | ERROR | BotLoop error: name 'regrade' is not defined
2026-03-12 13:33:30 | qs.volatility | INFO  | Top 3 volatile: ETH/USDT(0.102%), SOL/USDT(0.092%), BTC/USDT(0.080%)
2026-03-12 13:33:32 | qs.exploit_gate | INFO  | Gate OPEN | type=TRENDING conf=0.54 | H=0.800(TRENDING) S=0.773 AC=0.140(TRENDING) VR=1.080(NONE) | pass_rate=100.0%
2026-03-12 13:33:33 | qs.signal    | INFO  | REJECT ETH/USDT SHORT grade=D score=0.4 quality=0.384 | {"breakdown": {"technical": 0.223, "ml_confidence": 0.5, "order_flow": 0.217, "volatility": 0.55}}
2026-03-12 13:33:33 | qs.system    | ERROR | BotLoop error: name 'regrade' is not defined
2026-03-12 13:34:03 | qs.volatility | INFO  | Top 3 volatile: ETH/USDT(0.102%), SOL/USDT(0.092%), BTC/USDT(0.080%)
2026-03-12 13:34:04 | qs.exploit_gate | INFO  | Gate OPEN | type=TRENDING conf=0.54 | H=0.800(TRENDING) S=0.773 AC=0.140(TRENDING) VR=1.079(NONE) | pass_rate=100.0%
2026-03-12 13:34:04 | qs.signal    | INFO  | REJECT ETH/USDT SHORT grade=D score=0.4 quality=0.390 | {"breakdown": {"technical": 0.224, "ml_confidence": 0.5, "order_flow": 0.245, "volatility": 0.55}}
2026-03-12 13:34:04 | qs.system    | ERROR | BotLoop error: name 'regrade' is not defined
2026-03-12 13:34:34 | qs.volatility | INFO  | Top 3 volatile: ETH/USDT(0.102%), SOL/USDT(0.092%), BTC/USDT(0.080%)
2026-03-12 13:34:38 | qs.exploit_gate | INFO  | Gate OPEN | type=TRENDING conf=0.53 | H=0.786(TRENDING) S=0.774 AC=0.134(TRENDING) VR=1.073(NONE) | pass_rate=100.0%
2026-03-12 13:34:39 | qs.signal    | INFO  | REJECT ETH/USDT SHORT grade=D score=0.5 quality=0.470 | {"breakdown": {"technical": 0.229, "ml_confidence": 0.5, "order_flow": 0.64, "volatility": 0.55}}
2026-03-12 13:34:39 | qs.system    | ERROR | BotLoop error: name 'regrade' is not defined
2026-03-12 13:35:09 | qs.volatility | INFO  | Top 3 volatile: ETH/USDT(0.102%), SOL/USDT(0.092%), BTC/USDT(0.080%)
2026-03-12 13:35:10 | qs.exploit_gate | INFO  | Gate OPEN | type=TRENDING conf=0.53 | H=0.786(TRENDING) S=0.774 AC=0.141(TRENDING) VR=1.068(NONE) | pass_rate=100.0%
2026-03-12 13:35:10 | qs.exploit_gate | INFO  | Gate OPEN | type=TRENDING conf=0.75 | H=0.817(TRENDING) S=0.831 AC=0.211(TRENDING) VR=1.337(TRENDING) | pass_rate=100.0%
2026-03-12 13:35:10 | qs.exploit_gate | INFO  | Gate OPEN | type=TRENDING conf=0.52 | H=0.776(TRENDING) S=0.818 AC=0.103(TRENDING) VR=1.049(NONE) | pass_rate=100.0%
2026-03-12 13:35:10 | qs.signal    | INFO  | REJECT BTC/USDT LONG grade=D score=0.6 quality=0.592 | {"breakdown": {"technical": 0.424, "ml_confidence": 0.5, "order_flow": 0.854, "volatility": 0.7}}
2026-03-12 13:35:10 | qs.system    | ERROR | BotLoop error: name 'regrade' is not defined
2026-03-12 13:35:44 | qs.volatility | INFO  | Top 3 volatile: ETH/USDT(0.102%), SOL/USDT(0.092%), BTC/USDT(0.080%)
2026-03-12 13:35:46 | qs.exploit_gate | INFO  | Gate OPEN | type=TRENDING conf=0.54 | H=0.786(TRENDING) S=0.774 AC=0.143(TRENDING) VR=1.066(NONE) | pass_rate=100.0%
2026-03-12 13:35:47 | qs.signal    | INFO  | REJECT ETH/USDT SHORT grade=D score=0.4 quality=0.431 | {"breakdown": {"technical": 0.484, "ml_confidence": 0.5, "order_flow": 0.124, "volatility": 0.55}}
2026-03-12 13:35:47 | qs.system    | ERROR | BotLoop error: name 'regrade' is not defined
2026-03-12 13:36:23 | qs.volatility | INFO  | Top 3 volatile: ETH/USDT(0.099%), SOL/USDT(0.084%), BTC/USDT(0.070%)
2026-03-12 13:36:26 | qs.exploit_gate | INFO  | Gate OPEN | type=TRENDING conf=0.54 | H=0.782(TRENDING) S=0.774 AC=0.141(TRENDING) VR=1.062(NONE) | pass_rate=100.0%
2026-03-12 13:36:26 | qs.exploit_gate | INFO  | Gate OPEN | type=TRENDING conf=0.75 | H=0.802(TRENDING) S=0.829 AC=0.215(TRENDING) VR=1.340(TRENDING) | pass_rate=100.0%
2026-03-12 13:36:26 | qs.exploit_gate | INFO  | Gate OPEN | type=TRENDING conf=0.52 | H=0.785(TRENDING) S=0.819 AC=0.104(TRENDING) VR=1.046(NONE) | pass_rate=100.0%
2026-03-12 13:36:26 | qs.signal    | INFO  | REJECT BTC/USDT LONG grade=D score=0.6 quality=0.608 | {"breakdown": {"technical": 0.424, "ml_confidence": 0.5, "order_flow": 0.933, "volatility": 0.7}}
2026-03-12 13:36:26 | qs.system    | ERROR | BotLoop error: name 'regrade' is not defined
2026-03-12 13:36:56 | qs.volatility | INFO  | Top 3 volatile: ETH/USDT(0.099%), SOL/USDT(0.084%), BTC/USDT(0.070%)
2026-03-12 13:36:58 | qs.exploit_gate | INFO  | Gate OPEN | type=TRENDING conf=0.53 | H=0.782(TRENDING) S=0.776 AC=0.140(TRENDING) VR=1.060(NONE) | pass_rate=100.0%
2026-03-12 13:36:58 | qs.exploit_gate | INFO  | Gate OPEN | type=TRENDING conf=0.75 | H=0.801(TRENDING) S=0.833 AC=0.214(TRENDING) VR=1.336(TRENDING) | pass_rate=100.0%
2026-03-12 13:36:58 | qs.exploit_gate | INFO  | Gate OPEN | type=TRENDING conf=0.52 | H=0.785(TRENDING) S=0.819 AC=0.104(TRENDING) VR=1.046(NONE) | pass_rate=100.0%
2026-03-12 13:36:59 | qs.signal    | INFO  | REJECT BTC/USDT LONG grade=D score=0.6 quality=0.567 | {"breakdown": {"technical": 0.424, "ml_confidence": 0.5, "order_flow": 0.729, "volatility": 0.7}}
2026-03-12 13:36:59 | qs.system    | ERROR | BotLoop error: name 'regrade' is not defined
2026-03-12 13:37:29 | qs.volatility | INFO  | Top 3 volatile: ETH/USDT(0.099%), SOL/USDT(0.084%), BTC/USDT(0.070%)
2026-03-12 13:37:31 | qs.exploit_gate | INFO  | Gate OPEN | type=TRENDING conf=0.53 | H=0.780(TRENDING) S=0.777 AC=0.143(TRENDING) VR=1.039(NONE) | pass_rate=100.0%
2026-03-12 13:37:31 | qs.exploit_gate | INFO  | Gate OPEN | type=TRENDING conf=0.75 | H=0.817(TRENDING) S=0.834 AC=0.220(TRENDING) VR=1.322(TRENDING) | pass_rate=100.0%
2026-03-12 13:37:31 | qs.signal    | INFO  | REJECT SOL/USDT LONG grade=D score=0.5 quality=0.492 | {"breakdown": {"technical": 0.421, "ml_confidence": 0.5, "order_flow": 0.507, "volatility": 0.55}}
2026-03-12 13:37:31 | qs.system    | ERROR | BotLoop error: name 'regrade' is not defined
2026-03-12 13:38:01 | qs.volatility | INFO  | Top 3 volatile: ETH/USDT(0.099%), SOL/USDT(0.084%), BTC/USDT(0.070%)
2026-03-12 13:38:03 | qs.exploit_gate | INFO  | Gate OPEN | type=TRENDING conf=0.54 | H=0.767(TRENDING) S=0.774 AC=0.136(TRENDING) VR=1.030(NONE) | pass_rate=100.0%
2026-03-12 13:38:03 | qs.exploit_gate | INFO  | Gate OPEN | type=TRENDING conf=0.75 | H=0.817(TRENDING) S=0.831 AC=0.214(TRENDING) VR=1.330(TRENDING) | pass_rate=100.0%
2026-03-12 13:38:04 | qs.signal    | INFO  | REJECT SOL/USDT LONG grade=D score=0.5 quality=0.465 | {"breakdown": {"technical": 0.421, "ml_confidence": 0.5, "order_flow": 0.375, "volatility": 0.55}}
2026-03-12 13:38:04 | qs.system    | ERROR | BotLoop error: name 'regrade' is not defined
2026-03-12 13:38:34 | qs.volatility | INFO  | Top 3 volatile: ETH/USDT(0.099%), SOL/USDT(0.084%), BTC/USDT(0.070%)
2026-03-12 13:38:35 | qs.exploit_gate | INFO  | Gate OPEN | type=TRENDING conf=0.53 | H=0.767(TRENDING) S=0.774 AC=0.136(TRENDING) VR=1.031(NONE) | pass_rate=100.0%
2026-03-12 13:38:35 | qs.exploit_gate | INFO  | Gate OPEN | type=TRENDING conf=0.75 | H=0.798(TRENDING) S=0.831 AC=0.213(TRENDING) VR=1.315(TRENDING) | pass_rate=100.0%
2026-03-12 13:38:35 | qs.signal    | INFO  | REJECT SOL/USDT LONG grade=D score=0.5 quality=0.526 | {"breakdown": {"technical": 0.424, "ml_confidence": 0.5, "order_flow": 0.526, "volatility": 0.7}}
2026-03-12 13:38:35 | qs.system    | ERROR | BotLoop error: name 'regrade' is not defined
2026-03-12 13:39:08 | qs.volatility | INFO  | Top 3 volatile: ETH/USDT(0.089%), SOL/USDT(0.086%), BTC/USDT(0.066%)
2026-03-12 13:39:10 | qs.exploit_gate | INFO  | Gate OPEN | type=TRENDING conf=0.53 | H=0.759(TRENDING) S=0.774 AC=0.141(TRENDING) VR=1.028(NONE) | pass_rate=100.0%
2026-03-12 13:39:10 | qs.signal    | INFO  | REJECT ETH/USDT LONG grade=D score=0.6 quality=0.607 | {"breakdown": {"technical": 0.674, "ml_confidence": 0.5, "order_flow": 0.615, "volatility": 0.7}}
2026-03-12 13:39:10 | qs.system    | ERROR | BotLoop error: name 'regrade' is not defined
2026-03-12 13:39:40 | qs.volatility | INFO  | Top 3 volatile: ETH/USDT(0.089%), SOL/USDT(0.086%), BTC/USDT(0.066%)
2026-03-12 13:39:41 | qs.exploit_gate | INFO  | Gate OPEN | type=TRENDING conf=0.54 | H=0.758(TRENDING) S=0.771 AC=0.140(TRENDING) VR=1.030(NONE) | pass_rate=100.0%
2026-03-12 13:39:41 | qs.signal    | INFO  | REJECT ETH/USDT LONG grade=D score=0.5 quality=0.527 | {"breakdown": {"technical": 0.674, "ml_confidence": 0.5, "order_flow": 0.215, "volatility": 0.7}}
2026-03-12 13:39:41 | qs.system    | ERROR | BotLoop error: name 'regrade' is not defined
2026-03-12 13:40:11 | qs.volatility | INFO  | Top 3 volatile: ETH/USDT(0.089%), SOL/USDT(0.086%), BTC/USDT(0.066%)
2026-03-12 13:40:43 | qs.volatility | INFO  | Top 3 volatile: ETH/USDT(0.089%), SOL/USDT(0.086%), BTC/USDT(0.066%)
2026-03-12 13:41:16 | qs.volatility | INFO  | Top 3 volatile: ETH/USDT(0.089%), SOL/USDT(0.086%), BTC/USDT(0.066%)
2026-03-12 13:41:49 | qs.volatility | INFO  | Top 3 volatile: ETH/USDT(0.098%), SOL/USDT(0.095%), BTC/USDT(0.070%)
2026-03-12 13:42:20 | qs.volatility | INFO  | Top 3 volatile: ETH/USDT(0.098%), SOL/USDT(0.095%), BTC/USDT(0.070%)
2026-03-12 13:43:32 | qs.system    | INFO  | Starting bot mode=paper symbols=['BTC/USDT', 'ETH/USDT', 'SOL/USDT']
2026-03-12 13:43:33 | qs.data      | INFO  | Exchange initialized for BTC/USDT
2026-03-12 13:43:33 | qs.data      | INFO  | Exchange initialized for ETH/USDT
2026-03-12 13:43:33 | qs.data      | INFO  | Exchange initialized for SOL/USDT
2026-03-12 13:43:33 | qs.graveyard | INFO  | Loaded 0 tombstones from graveyard
2026-03-12 13:43:33 | qs.data      | INFO  | Exchange initialized for BTC/USDT
2026-03-12 13:43:33 | qs.data      | INFO  | Exchange initialized for ETH/USDT
2026-03-12 13:43:33 | qs.data      | INFO  | Exchange initialized for SOL/USDT
2026-03-12 13:43:37 | qs.ml        | INFO  | Computing features for training...
2026-03-12 13:43:37 | qs.ml        | INFO  | Trained: val_accuracy=46.2% samples=386 top_features=['atr_norm', 'ema50_slope', 'bb_width_z']
2026-03-12 13:43:48 | qs.volatility | INFO  | Top 3 volatile: ETH/USDT(0.103%), SOL/USDT(0.097%), BTC/USDT(0.069%)
2026-03-12 13:43:48 | qs.system    | INFO  | Starting bot mode=paper symbols=['BTC/USDT', 'ETH/USDT', 'SOL/USDT']
2026-03-12 13:43:48 | qs.data      | INFO  | Exchange initialized for BTC/USDT
2026-03-12 13:43:48 | qs.data      | INFO  | Exchange initialized for ETH/USDT
2026-03-12 13:43:48 | qs.data      | INFO  | Exchange initialized for SOL/USDT
2026-03-12 13:43:48 | qs.graveyard | INFO  | Loaded 0 tombstones from graveyard
2026-03-12 13:43:48 | qs.data      | INFO  | Exchange initialized for BTC/USDT
2026-03-12 13:43:48 | qs.data      | INFO  | Exchange initialized for ETH/USDT
2026-03-12 13:43:48 | qs.data      | INFO  | Exchange initialized for SOL/USDT
2026-03-12 13:43:52 | qs.ml        | INFO  | Computing features for training...
2026-03-12 13:43:52 | qs.ml        | INFO  | Trained: val_accuracy=46.2% samples=386 top_features=['atr_norm', 'ema50_slope', 'bb_width_z']
2026-03-12 13:44:05 | qs.volatility | INFO  | Top 3 volatile: ETH/USDT(0.103%), SOL/USDT(0.098%), BTC/USDT(0.075%)
2026-03-12 13:44:43 | qs.volatility | INFO  | Top 3 volatile: ETH/USDT(0.103%), SOL/USDT(0.098%), BTC/USDT(0.075%)
2026-03-12 14:08:24 | qs.system    | INFO  | Starting paper run for 20 cycles
2026-03-12 14:08:27 | qs.data      | INFO  | Exchange initialized for BTC/USDT
2026-03-12 14:08:27 | qs.data      | INFO  | Exchange initialized for ETH/USDT
2026-03-12 14:08:27 | qs.data      | INFO  | Exchange initialized for SOL/USDT
2026-03-12 14:08:27 | qs.graveyard | INFO  | Loaded 0 tombstones from graveyard
2026-03-12 14:08:27 | qs.data      | INFO  | Exchange initialized for BTC/USDT
2026-03-12 14:08:27 | qs.data      | INFO  | Exchange initialized for ETH/USDT
2026-03-12 14:08:27 | qs.data      | INFO  | Exchange initialized for SOL/USDT
2026-03-12 14:08:27 | qs.system    | INFO  | Cycle 1/20
2026-03-12 14:08:55 | qs.volatility | INFO  | Top 3 volatile: SOL/USDT(0.111%), ETH/USDT(0.100%), BTC/USDT(0.082%)
2026-03-12 14:09:15 | qs.exploit_gate | INFO  | Gate OPEN | type=TRENDING conf=0.58 | H=0.777(TRENDING) S=0.635 AC=0.234(TRENDING) VR=0.990(NONE) | pass_rate=100.0%
2026-03-12 14:09:15 | qs.exploit_gate | INFO  | Gate OPEN | type=TRENDING conf=0.57 | H=0.750(TRENDING) S=0.668 AC=0.124(TRENDING) VR=0.993(NONE) | pass_rate=100.0%
2026-03-12 14:09:15 | qs.exploit_gate | INFO  | Gate OPEN | type=TRENDING conf=0.58 | H=0.706(TRENDING) S=0.623 AC=0.148(TRENDING) VR=0.932(NONE) | pass_rate=100.0%
2026-03-12 14:09:15 | qs.signal    | INFO  | REJECT BTC/USDT SHORT grade=D score=0.4 quality=0.377 | {"breakdown": {"technical": 0.18, "ml_confidence": 0.5, "order_flow": 0.186, "volatility": 0.6}}
2026-03-12 14:09:37 | qs.system    | INFO  | Interrupted during startup
2026-03-12 14:09:37 | qs.system    | INFO  | Final equity=$200.00 trades=0
2026-03-12 14:14:16 | qs.system    | INFO  | Starting Quant Scalper v6 on http://localhost:8000
2026-03-12 14:20:48 | qs.system    | INFO  | Starting paper run for 100 cycles
2026-03-12 14:20:50 | qs.data      | INFO  | Exchange initialized for BTC/USDT
2026-03-12 14:20:50 | qs.data      | INFO  | Exchange initialized for ETH/USDT
2026-03-12 14:20:50 | qs.data      | INFO  | Exchange initialized for SOL/USDT
2026-03-12 14:20:50 | qs.graveyard | INFO  | Loaded 0 tombstones from graveyard
2026-03-12 14:20:50 | qs.data      | INFO  | Exchange initialized for BTC/USDT
2026-03-12 14:20:50 | qs.data      | INFO  | Exchange initialized for ETH/USDT
2026-03-12 14:20:50 | qs.data      | INFO  | Exchange initialized for SOL/USDT
2026-03-12 14:20:50 | qs.system    | INFO  | Cycle 1/100
2026-03-12 14:21:03 | qs.volatility | INFO  | Top 3 volatile: SOL/USDT(0.109%), ETH/USDT(0.088%), BTC/USDT(0.075%)
2026-03-12 14:21:47 | qs.system    | INFO  | Cycle 2/100
2026-03-12 14:21:47 | qs.volatility | INFO  | Top 3 volatile: SOL/USDT(0.109%), ETH/USDT(0.088%), BTC/USDT(0.075%)
2026-03-12 14:22:18 | qs.system    | INFO  | Cycle 3/100
2026-03-12 14:22:18 | qs.volatility | INFO  | Top 3 volatile: SOL/USDT(0.109%), ETH/USDT(0.088%), BTC/USDT(0.075%)
2026-03-12 14:22:49 | qs.system    | INFO  | Cycle 4/100
2026-03-12 14:22:49 | qs.volatility | INFO  | Top 3 volatile: SOL/USDT(0.109%), ETH/USDT(0.088%), BTC/USDT(0.075%)
2026-03-12 14:23:21 | qs.system    | INFO  | Cycle 5/100
2026-03-12 14:23:21 | qs.volatility | INFO  | Top 3 volatile: SOL/USDT(0.109%), ETH/USDT(0.088%), BTC/USDT(0.075%)
2026-03-12 14:23:53 | qs.system    | INFO  | Cycle 6/100
2026-03-12 14:23:55 | qs.volatility | INFO  | Top 3 volatile: SOL/USDT(0.110%), BTC/USDT(0.081%), ETH/USDT(0.092%)
2026-03-12 14:23:56 | qs.exploit_gate | INFO  | Gate OPEN | type=TRENDING conf=0.58 | H=0.788(TRENDING) S=0.632 AC=0.218(TRENDING) VR=1.097(NONE) | pass_rate=100.0%
2026-03-12 14:23:57 | qs.signal    | INFO  | REJECT SOL/USDT LONG grade=D score=0.5 quality=0.489 | {"breakdown": {"technical": 0.431, "ml_confidence": 0.5, "order_flow": 0.482, "volatility": 0.55}}
2026-03-12 14:23:57 | qs.exploit_gate | INFO  | Gate OPEN | type=TRENDING conf=0.58 | H=0.718(TRENDING) S=0.610 AC=0.115(TRENDING) VR=0.969(NONE) | pass_rate=100.0%
2026-03-12 14:23:57 | qs.signal    | INFO  | REJECT BTC/USDT LONG grade=D score=0.5 quality=0.501 | {"breakdown": {"technical": 0.674, "ml_confidence": 0.5, "order_flow": 0.089, "volatility": 0.7}}
2026-03-12 14:23:57 | qs.exploit_gate | INFO  | Gate OPEN | type=TRENDING conf=0.57 | H=0.756(TRENDING) S=0.659 AC=0.069(TRENDING) VR=1.003(NONE) | pass_rate=100.0%
2026-03-12 14:23:57 | qs.signal    | INFO  | REJECT ETH/USDT LONG grade=D score=0.5 quality=0.505 | {"breakdown": {"technical": 0.674, "ml_confidence": 0.5, "order_flow": 0.106, "volatility": 0.7}}
2026-03-12 14:24:27 | qs.system    | INFO  | Cycle 7/100
2026-03-12 14:24:27 | qs.volatility | INFO  | Top 3 volatile: SOL/USDT(0.110%), BTC/USDT(0.081%), ETH/USDT(0.092%)
2026-03-12 14:24:28 | qs.exploit_gate | INFO  | Gate OPEN | type=TRENDING conf=0.81 | H=0.784(TRENDING) S=0.632 AC=0.216(TRENDING) VR=1.102(TRENDING) | pass_rate=100.0%
2026-03-12 14:24:28 | qs.exploit_gate | INFO  | Gate OPEN | type=TRENDING conf=0.58 | H=0.707(TRENDING) S=0.619 AC=0.110(TRENDING) VR=0.957(NONE) | pass_rate=100.0%
2026-03-12 14:24:29 | qs.signal    | INFO  | REJECT BTC/USDT LONG grade=D score=0.6 quality=0.574 | {"breakdown": {"technical": 0.424, "ml_confidence": 0.5, "order_flow": 0.763, "volatility": 0.7}}
2026-03-12 14:24:29 | qs.exploit_gate | INFO  | Gate OPEN | type=TRENDING conf=0.57 | H=0.737(TRENDING) S=0.659 AC=0.066(TRENDING) VR=1.006(NONE) | pass_rate=100.0%
2026-03-12 14:24:29 | qs.signal    | INFO  | REJECT ETH/USDT LONG grade=D score=0.6 quality=0.604 | {"breakdown": {"technical": 0.424, "ml_confidence": 0.5, "order_flow": 0.916, "volatility": 0.7}}
2026-03-12 14:24:29 | qs.asym_risk | INFO  | LONG entry=2060.13 | SL=2052.87(0.35%) TP=2073.20 | RR=1.8 EV=6.1792 ✓ +EV
2026-03-12 14:24:29 | qs.risk      | INFO  | Kelly sizing: p=0.66 rr=1.8 kelly_f=0.4728 risk%=0.0500 quality=0.66 size=$1900
2026-03-12 14:24:29 | qs.system    | INFO  | Execution attempt symbol=ETH/USDT signal=LONG mode=paper size=1900.00
2026-03-12 14:24:29 | qs.risk      | WARNING | TRADE_REJECTED | {"symbol": "ETH/USDT", "side": "LONG", "size_usd": 1900.0, "reasons": ["asset_exposure 95.0% > 25%"]}
2026-03-12 14:24:29 | qs.order     | INFO  | RISK_REJECT ETH/USDT LONG size=$1900.00 price=2060.13 | {"reason": "asset_exposure 95.0% > 25%"}
2026-03-12 14:24:59 | qs.system    | INFO  | Cycle 8/100
2026-03-12 14:24:59 | qs.volatility | INFO  | Top 3 volatile: SOL/USDT(0.110%), BTC/USDT(0.081%), ETH/USDT(0.092%)
2026-03-12 14:25:00 | qs.exploit_gate | INFO  | Gate OPEN | type=TRENDING conf=0.81 | H=0.784(TRENDING) S=0.632 AC=0.216(TRENDING) VR=1.105(TRENDING) | pass_rate=100.0%
2026-03-12 14:25:00 | qs.exploit_gate | INFO  | Gate OPEN | type=TRENDING conf=0.58 | H=0.707(TRENDING) S=0.612 AC=0.111(TRENDING) VR=0.963(NONE) | pass_rate=100.0%
2026-03-12 14:25:01 | qs.signal    | INFO  | REJECT BTC/USDT LONG grade=D score=0.6 quality=0.587 | {"breakdown": {"technical": 0.424, "ml_confidence": 0.5, "order_flow": 0.83, "volatility": 0.7}}
2026-03-12 14:25:01 | qs.exploit_gate | INFO  | Gate OPEN | type=TRENDING conf=0.57 | H=0.737(TRENDING) S=0.659 AC=0.066(TRENDING) VR=1.003(NONE) | pass_rate=100.0%
2026-03-12 14:25:01 | qs.signal    | INFO  | REJECT ETH/USDT LONG grade=D score=0.5 quality=0.522 | {"breakdown": {"technical": 0.424, "ml_confidence": 0.5, "order_flow": 0.504, "volatility": 0.7}}
2026-03-12 14:25:31 | qs.system    | INFO  | Cycle 9/100
2026-03-12 14:25:31 | qs.volatility | INFO  | Top 3 volatile: SOL/USDT(0.110%), BTC/USDT(0.081%), ETH/USDT(0.092%)
2026-03-12 14:25:32 | qs.exploit_gate | INFO  | Gate OPEN | type=TRENDING conf=0.81 | H=0.791(TRENDING) S=0.629 AC=0.213(TRENDING) VR=1.107(TRENDING) | pass_rate=100.0%
2026-03-12 14:25:32 | qs.exploit_gate | INFO  | Gate OPEN | type=TRENDING conf=0.58 | H=0.701(TRENDING) S=0.610 AC=0.110(TRENDING) VR=0.971(NONE) | pass_rate=100.0%
2026-03-12 14:25:33 | qs.signal    | INFO  | REJECT BTC/USDT LONG grade=D score=0.5 quality=0.524 | {"breakdown": {"technical": 0.424, "ml_confidence": 0.5, "order_flow": 0.515, "volatility": 0.7}}
2026-03-12 14:25:33 | qs.exploit_gate | INFO  | Gate OPEN | type=TRENDING conf=0.57 | H=0.738(TRENDING) S=0.657 AC=0.066(TRENDING) VR=1.006(NONE) | pass_rate=100.0%
2026-03-12 14:25:33 | qs.signal    | INFO  | REJECT ETH/USDT LONG grade=D score=0.5 quality=0.520 | {"breakdown": {"technical": 0.424, "ml_confidence": 0.5, "order_flow": 0.494, "volatility": 0.7}}
2026-03-12 14:26:03 | qs.system    | INFO  | Cycle 10/100
2026-03-12 14:26:04 | qs.volatility | INFO  | Top 3 volatile: SOL/USDT(0.110%), BTC/USDT(0.081%), ETH/USDT(0.092%)
2026-03-12 14:26:19 | qs.system    | INFO  | Interrupted during startup
2026-03-12 14:26:19 | qs.system    | INFO  | Final equity=$200.00 trades=0
2026-03-12 14:26:37 | qs.system    | INFO  | Starting paper run for 100 cycles
2026-03-12 14:26:39 | qs.data      | INFO  | Exchange initialized for BTC/USDT
2026-03-12 14:26:39 | qs.data      | INFO  | Exchange initialized for ETH/USDT
2026-03-12 14:26:39 | qs.data      | INFO  | Exchange initialized for SOL/USDT
2026-03-12 14:26:39 | qs.graveyard | INFO  | Loaded 0 tombstones from graveyard
2026-03-12 14:26:39 | qs.data      | INFO  | Exchange initialized for BTC/USDT
2026-03-12 14:26:39 | qs.data      | INFO  | Exchange initialized for ETH/USDT
2026-03-12 14:26:39 | qs.data      | INFO  | Exchange initialized for SOL/USDT
2026-03-12 14:26:39 | qs.system    | INFO  | Cycle 1/100
2026-03-12 14:26:52 | qs.volatility | INFO  | Top 3 volatile: SOL/USDT(0.107%), ETH/USDT(0.086%), BTC/USDT(0.075%)
2026-03-12 14:27:32 | qs.system    | INFO  | Cycle 2/100
2026-03-12 14:27:32 | qs.volatility | INFO  | Top 3 volatile: SOL/USDT(0.107%), ETH/USDT(0.086%), BTC/USDT(0.075%)
2026-03-12 14:27:34 | qs.system    | INFO  | Interrupted during startup
2026-03-12 14:27:34 | qs.system    | INFO  | Final equity=$200.00 trades=0
2026-03-12 14:30:01 | qs.system    | INFO  | Starting paper run for 100 cycles
2026-03-12 14:30:03 | qs.data      | INFO  | Exchange initialized for BTC/USDT
2026-03-12 14:30:03 | qs.data      | INFO  | Exchange initialized for ETH/USDT
2026-03-12 14:30:03 | qs.data      | INFO  | Exchange initialized for SOL/USDT
2026-03-12 14:30:03 | qs.graveyard | INFO  | Loaded 0 tombstones from graveyard
2026-03-12 14:30:03 | qs.data      | INFO  | Exchange initialized for BTC/USDT
2026-03-12 14:30:03 | qs.data      | INFO  | Exchange initialized for ETH/USDT
2026-03-12 14:30:03 | qs.data      | INFO  | Exchange initialized for SOL/USDT
2026-03-12 14:30:03 | qs.system    | INFO  | Cycle 1/100
2026-03-12 14:30:15 | qs.volatility | INFO  | Top 3 volatile: SOL/USDT(0.097%), ETH/USDT(0.079%), BTC/USDT(0.069%)
2026-03-12 14:30:26 | qs.exploit_gate | INFO  | Gate OPEN | type=TRENDING conf=0.81 | H=0.791(TRENDING) S=0.627 AC=0.220(TRENDING) VR=1.133(TRENDING) | pass_rate=100.0%
2026-03-12 14:30:26 | qs.exploit_gate | INFO  | Gate CLOSED | type=NONE conf=0.00 | H=0.731(TRENDING) S=0.659 AC=0.059(NONE) VR=1.007(NONE) | pass_rate=50.0%
2026-03-12 14:30:26 | qs.exploit_gate | INFO  | Gate OPEN | type=TRENDING conf=0.58 | H=0.708(TRENDING) S=0.610 AC=0.098(TRENDING) VR=0.966(NONE) | pass_rate=66.7%
2026-03-12 14:30:26 | qs.signal    | INFO  | REJECT BTC/USDT LONG grade=D score=0.4 quality=0.441 | {"breakdown": {"technical": 0.435, "ml_confidence": 0.5, "order_flow": 0.235, "volatility": 0.55}}
2026-03-12 14:30:56 | qs.system    | INFO  | Cycle 2/100
2026-03-12 14:30:56 | qs.volatility | INFO  | Top 3 volatile: SOL/USDT(0.097%), ETH/USDT(0.079%), BTC/USDT(0.069%)
2026-03-12 14:30:57 | qs.exploit_gate | INFO  | Gate OPEN | type=TRENDING conf=0.81 | H=0.791(TRENDING) S=0.630 AC=0.215(TRENDING) VR=1.126(TRENDING) | pass_rate=75.0%
2026-03-12 14:30:57 | qs.exploit_gate | INFO  | Gate CLOSED | type=NONE conf=0.00 | H=0.731(TRENDING) S=0.659 AC=0.059(NONE) VR=1.000(NONE) | pass_rate=60.0%
2026-03-12 14:30:57 | qs.exploit_gate | INFO  | Gate OPEN | type=TRENDING conf=0.58 | H=0.709(TRENDING) S=0.623 AC=0.102(TRENDING) VR=0.950(NONE) | pass_rate=66.7%
2026-03-12 14:30:58 | qs.signal    | INFO  | REJECT BTC/USDT LONG grade=D score=0.6 quality=0.567 | {"breakdown": {"technical": 0.441, "ml_confidence": 0.5, "order_flow": 0.859, "volatility": 0.55}}
2026-03-12 14:31:20 | qs.system    | INFO  | Interrupted during startup
2026-03-12 14:31:20 | qs.system    | INFO  | Final equity=$200.00 trades=0
2026-03-12 14:31:44 | qs.system    | INFO  | Starting paper run for 100 cycles
2026-03-12 14:31:46 | qs.data      | INFO  | Exchange initialized for BTC/USDT
2026-03-12 14:31:46 | qs.data      | INFO  | Exchange initialized for ETH/USDT
2026-03-12 14:31:46 | qs.data      | INFO  | Exchange initialized for SOL/USDT
2026-03-12 14:31:46 | qs.graveyard | INFO  | Loaded 0 tombstones from graveyard
2026-03-12 14:31:46 | qs.data      | INFO  | Exchange initialized for BTC/USDT
2026-03-12 14:31:46 | qs.data      | INFO  | Exchange initialized for ETH/USDT
2026-03-12 14:31:46 | qs.data      | INFO  | Exchange initialized for SOL/USDT
2026-03-12 14:31:46 | qs.system    | INFO  | Cycle 1/100
2026-03-12 14:31:58 | qs.volatility | INFO  | Top 3 volatile: SOL/USDT(0.124%), ETH/USDT(0.106%), BTC/USDT(0.085%)
2026-03-12 14:32:10 | qs.exploit_gate | INFO  | Gate OPEN | type=TRENDING conf=0.57 | H=0.779(TRENDING) S=0.643 AC=0.169(TRENDING) VR=1.044(NONE) | pass_rate=100.0%
2026-03-12 14:32:10 | qs.exploit_gate | INFO  | Gate CLOSED | type=NONE conf=0.00 | H=0.723(TRENDING) S=0.674 AC=0.037(NONE) VR=0.981(NONE) | pass_rate=50.0%
2026-03-12 14:32:10 | qs.exploit_gate | INFO  | Gate OPEN | type=TRENDING conf=0.58 | H=0.700(TRENDING) S=0.622 AC=0.085(TRENDING) VR=0.944(NONE) | pass_rate=66.7%
2026-03-12 14:32:12 | qs.signal    | INFO  | ACCEPT BTC/USDT LONG grade=C score=0.7 quality=0.679 | {"breakdown": {"technical": 0.824, "ml_confidence": 0.5, "order_flow": 0.941, "volatility": 0.55}}
2026-03-12 14:32:12 | qs.asym_risk | INFO  | LONG entry=70118.10 | SL=69977.86(0.20%) TP=70370.53 | RR=1.8 EV=149.1945 ✓ +EV
2026-03-12 14:32:12 | qs.risk      | INFO  | Kelly sizing: p=0.74 rr=1.8 kelly_f=0.5910 risk%=0.0500 quality=0.74 size=$1900
2026-03-12 14:32:12 | qs.system    | INFO  | Execution attempt symbol=BTC/USDT signal=LONG mode=paper size=1900.00
2026-03-12 14:32:12 | qs.risk      | WARNING | TRADE_REJECTED | {"symbol": "BTC/USDT", "side": "LONG", "size_usd": 1900.0, "reasons": ["asset_exposure 95.0% > 25%"]}
2026-03-12 14:32:12 | qs.order     | INFO  | RISK_REJECT BTC/USDT LONG size=$1900.00 price=70118.10 | {"reason": "asset_exposure 95.0% > 25%"}
2026-03-12 14:32:42 | qs.system    | INFO  | Cycle 2/100
2026-03-12 14:32:42 | qs.volatility | INFO  | Top 3 volatile: SOL/USDT(0.124%), ETH/USDT(0.106%), BTC/USDT(0.085%)
2026-03-12 14:32:43 | qs.exploit_gate | INFO  | Gate OPEN | type=TRENDING conf=0.57 | H=0.779(TRENDING) S=0.643 AC=0.165(TRENDING) VR=1.043(NONE) | pass_rate=75.0%
2026-03-12 14:32:43 | qs.exploit_gate | INFO  | Gate CLOSED | type=NONE conf=0.00 | H=0.723(TRENDING) S=0.677 AC=0.035(NONE) VR=0.980(NONE) | pass_rate=60.0%
2026-03-12 14:32:43 | qs.exploit_gate | INFO  | Gate OPEN | type=TRENDING conf=0.58 | H=0.705(TRENDING) S=0.615 AC=0.085(TRENDING) VR=0.947(NONE) | pass_rate=66.7%
2026-03-12 14:32:43 | qs.signal    | INFO  | REJECT BTC/USDT LONG grade=D score=0.6 quality=0.568 | {"breakdown": {"technical": 0.832, "ml_confidence": 0.5, "order_flow": 0.376, "volatility": 0.55}}
2026-03-12 14:33:13 | qs.system    | INFO  | Cycle 3/100
2026-03-12 14:33:13 | qs.volatility | INFO  | Top 3 volatile: SOL/USDT(0.124%), ETH/USDT(0.106%), BTC/USDT(0.085%)
2026-03-12 14:33:15 | qs.exploit_gate | INFO  | Gate OPEN | type=TRENDING conf=0.57 | H=0.782(TRENDING) S=0.643 AC=0.170(TRENDING) VR=1.051(NONE) | pass_rate=71.4%
2026-03-12 14:33:15 | qs.exploit_gate | INFO  | Gate CLOSED | type=NONE conf=0.00 | H=0.731(TRENDING) S=0.678 AC=0.028(NONE) VR=0.972(NONE) | pass_rate=62.5%
2026-03-12 14:33:15 | qs.exploit_gate | INFO  | Gate OPEN | type=TRENDING conf=0.58 | H=0.724(TRENDING) S=0.615 AC=0.088(TRENDING) VR=0.945(NONE) | pass_rate=66.7%
2026-03-12 14:33:15 | qs.signal    | INFO  | REJECT BTC/USDT LONG grade=D score=0.6 quality=0.618 | {"breakdown": {"technical": 0.839, "ml_confidence": 0.5, "order_flow": 0.614, "volatility": 0.55}}
2026-03-12 14:33:15 | qs.asym_risk | INFO  | LONG entry=70123.80 | SL=69983.55(0.20%) TP=70376.25 | RR=1.8 EV=125.0952 ✓ +EV
2026-03-12 14:33:15 | qs.risk      | INFO  | Kelly sizing: p=0.68 rr=1.8 kelly_f=0.4955 risk%=0.0500 quality=0.68 size=$1900
2026-03-12 14:33:15 | qs.system    | INFO  | Execution attempt symbol=BTC/USDT signal=LONG mode=paper size=1900.00
2026-03-12 14:33:15 | qs.risk      | WARNING | TRADE_REJECTED | {"symbol": "BTC/USDT", "side": "LONG", "size_usd": 1900.0, "reasons": ["asset_exposure 95.0% > 25%"]}
2026-03-12 14:33:15 | qs.order     | INFO  | RISK_REJECT BTC/USDT LONG size=$1900.00 price=70123.80 | {"reason": "asset_exposure 95.0% > 25%"}
2026-03-12 14:33:45 | qs.system    | INFO  | Cycle 4/100
2026-03-12 14:33:45 | qs.volatility | INFO  | Top 3 volatile: SOL/USDT(0.124%), ETH/USDT(0.106%), BTC/USDT(0.085%)
2026-03-12 14:33:46 | qs.exploit_gate | INFO  | Gate OPEN | type=TRENDING conf=0.57 | H=0.782(TRENDING) S=0.646 AC=0.167(TRENDING) VR=1.035(NONE) | pass_rate=70.0%
2026-03-12 14:33:48 | qs.signal    | INFO  | REJECT SOL/USDT LONG grade=D score=0.6 quality=0.621 | {"breakdown": {"technical": 0.842, "ml_confidence": 0.5, "order_flow": 0.626, "volatility": 0.55}}
2026-03-12 14:33:48 | qs.asym_risk | INFO  | LONG entry=86.56 | SL=86.39(0.20%) TP=86.87 | RR=1.8 EV=0.1555 ✓ +EV
2026-03-12 14:33:48 | qs.risk      | INFO  | Kelly sizing: p=0.68 rr=1.8 kelly_f=0.4991 risk%=0.0500 quality=0.68 size=$1900
2026-03-12 14:33:48 | qs.system    | INFO  | Execution attempt symbol=SOL/USDT signal=LONG mode=paper size=1900.00
2026-03-12 14:33:48 | qs.risk      | WARNING | TRADE_REJECTED | {"symbol": "SOL/USDT", "side": "LONG", "size_usd": 1900.0, "reasons": ["asset_exposure 95.0% > 25%"]}
2026-03-12 14:33:48 | qs.order     | INFO  | RISK_REJECT SOL/USDT LONG size=$1900.00 price=86.56 | {"reason": "asset_exposure 95.0% > 25%"}
2026-03-12 14:33:48 | qs.exploit_gate | INFO  | Gate CLOSED | type=NONE conf=0.00 | H=0.730(TRENDING) S=0.680 AC=0.037(NONE) VR=0.976(NONE) | pass_rate=63.6%
2026-03-12 14:33:48 | qs.exploit_gate | INFO  | Gate OPEN | type=TRENDING conf=0.58 | H=0.724(TRENDING) S=0.618 AC=0.087(TRENDING) VR=0.940(NONE) | pass_rate=66.7%
2026-03-12 14:33:48 | qs.signal    | INFO  | REJECT BTC/USDT LONG grade=D score=0.6 quality=0.602 | {"breakdown": {"technical": 0.84, "ml_confidence": 0.5, "order_flow": 0.537, "volatility": 0.55}}
2026-03-12 14:33:48 | qs.asym_risk | INFO  | LONG entry=70181.90 | SL=70038.10(0.20%) TP=70440.73 | RR=1.8 EV=122.1399 ✓ +EV
2026-03-12 14:33:48 | qs.risk      | INFO  | Kelly sizing: p=0.66 rr=1.8 kelly_f=0.4719 risk%=0.0500 quality=0.66 size=$1900
2026-03-12 14:33:48 | qs.system    | INFO  | Execution attempt symbol=BTC/USDT signal=LONG mode=paper size=1900.00
2026-03-12 14:33:48 | qs.risk      | WARNING | TRADE_REJECTED | {"symbol": "BTC/USDT", "side": "LONG", "size_usd": 1900.0, "reasons": ["asset_exposure 95.0% > 25%"]}
2026-03-12 14:33:48 | qs.order     | INFO  | RISK_REJECT BTC/USDT LONG size=$1900.00 price=70181.90 | {"reason": "asset_exposure 95.0% > 25%"}
2026-03-12 14:34:18 | qs.system    | INFO  | Cycle 5/100
2026-03-12 14:34:18 | qs.volatility | INFO  | Top 3 volatile: SOL/USDT(0.124%), ETH/USDT(0.106%), BTC/USDT(0.085%)
2026-03-12 14:34:19 | qs.exploit_gate | INFO  | Gate OPEN | type=TRENDING conf=0.57 | H=0.782(TRENDING) S=0.643 AC=0.168(TRENDING) VR=1.047(NONE) | pass_rate=69.2%
2026-03-12 14:34:19 | qs.signal    | INFO  | REJECT SOL/USDT LONG grade=D score=0.6 quality=0.598 | {"breakdown": {"technical": 0.842, "ml_confidence": 0.5, "order_flow": 0.511, "volatility": 0.55}}
2026-03-12 14:34:19 | qs.asym_risk | INFO  | LONG entry=86.54 | SL=86.37(0.20%) TP=86.85 | RR=1.8 EV=0.1444 ✓ +EV
2026-03-12 14:34:19 | qs.risk      | INFO  | Kelly sizing: p=0.66 rr=1.8 kelly_f=0.4635 risk%=0.0500 quality=0.66 size=$1900
2026-03-12 14:34:19 | qs.system    | INFO  | Execution attempt symbol=SOL/USDT signal=LONG mode=paper size=1900.00
2026-03-12 14:34:19 | qs.risk      | WARNING | TRADE_REJECTED | {"symbol": "SOL/USDT", "side": "LONG", "size_usd": 1900.0, "reasons": ["asset_exposure 95.0% > 25%"]}
2026-03-12 14:34:19 | qs.order     | INFO  | RISK_REJECT SOL/USDT LONG size=$1900.00 price=86.54 | {"reason": "asset_exposure 95.0% > 25%"}
2026-03-12 14:34:19 | qs.exploit_gate | INFO  | Gate CLOSED | type=NONE conf=0.00 | H=0.718(TRENDING) S=0.675 AC=0.034(NONE) VR=0.982(NONE) | pass_rate=64.3%
2026-03-12 14:34:19 | qs.exploit_gate | INFO  | Gate OPEN | type=TRENDING conf=0.58 | H=0.724(TRENDING) S=0.616 AC=0.086(TRENDING) VR=0.947(NONE) | pass_rate=66.7%
2026-03-12 14:34:20 | qs.signal    | INFO  | ACCEPT BTC/USDT LONG grade=C score=0.7 quality=0.669 | {"breakdown": {"technical": 0.848, "ml_confidence": 0.5, "order_flow": 0.859, "volatility": 0.55}}
2026-03-12 14:34:20 | qs.asym_risk | INFO  | LONG entry=70177.00 | SL=70036.65(0.20%) TP=70429.64 | RR=1.8 EV=145.3113 ✓ +EV
2026-03-12 14:34:20 | qs.risk      | INFO  | Kelly sizing: p=0.73 rr=1.8 kelly_f=0.5752 risk%=0.0500 quality=0.73 size=$1900
2026-03-12 14:34:20 | qs.system    | INFO  | Execution attempt symbol=BTC/USDT signal=LONG mode=paper size=1900.00
2026-03-12 14:34:20 | qs.risk      | WARNING | TRADE_REJECTED | {"symbol": "BTC/USDT", "side": "LONG", "size_usd": 1900.0, "reasons": ["asset_exposure 95.0% > 25%"]}
2026-03-12 14:34:20 | qs.order     | INFO  | RISK_REJECT BTC/USDT LONG size=$1900.00 price=70177.00 | {"reason": "asset_exposure 95.0% > 25%"}
2026-03-12 14:34:22 | qs.system    | INFO  | Interrupted during startup
2026-03-12 14:34:22 | qs.system    | INFO  | Final equity=$200.00 trades=0
2026-03-12 14:34:34 | qs.system    | INFO  | Starting paper run for 100 cycles
2026-03-12 14:34:37 | qs.data      | INFO  | Exchange initialized for BTC/USDT
2026-03-12 14:34:37 | qs.data      | INFO  | Exchange initialized for ETH/USDT
2026-03-12 14:34:37 | qs.data      | INFO  | Exchange initialized for SOL/USDT
2026-03-12 14:34:37 | qs.graveyard | INFO  | Loaded 0 tombstones from graveyard
2026-03-12 14:34:37 | qs.data      | INFO  | Exchange initialized for BTC/USDT
2026-03-12 14:34:37 | qs.data      | INFO  | Exchange initialized for ETH/USDT
2026-03-12 14:34:37 | qs.data      | INFO  | Exchange initialized for SOL/USDT
2026-03-12 14:34:37 | qs.system    | INFO  | Cycle 1/100
2026-03-12 14:34:52 | qs.volatility | INFO  | Top 3 volatile: SOL/USDT(0.117%), ETH/USDT(0.105%), BTC/USDT(0.080%)
2026-03-12 14:35:04 | qs.exploit_gate | INFO  | Gate OPEN | type=TRENDING conf=0.57 | H=0.768(TRENDING) S=0.649 AC=0.173(TRENDING) VR=1.029(NONE) | pass_rate=100.0%
2026-03-12 14:35:04 | qs.signal    | INFO  | REJECT SOL/USDT LONG grade=D score=0.6 quality=0.604 | {"breakdown": {"technical": 0.843, "ml_confidence": 0.5, "order_flow": 0.541, "volatility": 0.55}}
2026-03-12 14:35:04 | qs.asym_risk | INFO  | LONG entry=86.61 | SL=86.44(0.20%) TP=86.92 | RR=1.8 EV=0.1475 ✓ +EV
2026-03-12 14:35:04 | qs.risk      | INFO  | Kelly sizing: p=0.66 rr=1.8 kelly_f=0.4730 risk%=0.0500 quality=0.66 size=$1900
2026-03-12 14:35:04 | qs.system    | INFO  | Execution attempt symbol=SOL/USDT signal=LONG mode=paper size=1900.00
2026-03-12 14:35:04 | qs.order     | INFO  | PAPER_FILL SOL/USDT LONG size=$1900.00 price=86.63 | {"slippage_bps": 2.0, "grade": "C"}
2026-03-12 14:35:04 | qs.system    | INFO  | ENTRY SOL/USDT LONG q=0.661 gate=TRENDING(0.57) RR=1.8 EV=0.1475 $1900
2026-03-12 14:35:35 | qs.system    | INFO  | Cycle 2/100
2026-03-12 14:35:35 | qs.volatility | INFO  | Top 3 volatile: SOL/USDT(0.117%), ETH/USDT(0.105%), BTC/USDT(0.080%)
2026-03-12 14:35:36 | qs.exploit_gate | INFO  | Gate OPEN | type=TRENDING conf=0.57 | H=0.768(TRENDING) S=0.649 AC=0.167(TRENDING) VR=1.028(NONE) | pass_rate=100.0%
2026-03-12 14:35:37 | qs.signal    | INFO  | REJECT SOL/USDT LONG grade=D score=0.6 quality=0.610 | {"breakdown": {"technical": 0.842, "ml_confidence": 0.5, "order_flow": 0.573, "volatility": 0.55}}
2026-03-12 14:35:37 | qs.asym_risk | INFO  | LONG entry=86.57 | SL=86.40(0.20%) TP=86.88 | RR=1.8 EV=0.1503 ✓ +EV
2026-03-12 14:35:37 | qs.risk      | INFO  | Kelly sizing: p=0.67 rr=1.8 kelly_f=0.4823 risk%=0.0500 quality=0.67 size=$1888
2026-03-12 14:35:37 | qs.system    | INFO  | Execution attempt symbol=SOL/USDT signal=LONG mode=paper size=1888.06
2026-03-12 14:35:37 | qs.risk      | WARNING | TRADE_REJECTED | {"symbol": "SOL/USDT", "side": "LONG", "size_usd": 1888.06, "reasons": ["already_exposed_to_SOL/USDT", "asset_exposure 95.0% > 95%", "total_leverage 19.1x > 10x"]}
2026-03-12 14:35:37 | qs.order     | INFO  | RISK_REJECT SOL/USDT LONG size=$1888.06 price=86.57 | {"reason": "already_exposed_to_SOL/USDT; asset_exposure 95.0% > 95%; total_leverage 19.1x > 10x"}
2026-03-12 14:35:37 | qs.exploit_gate | INFO  | Gate CLOSED | type=NONE conf=0.00 | H=0.708(TRENDING) S=0.678 AC=0.025(NONE) VR=0.965(NONE) | pass_rate=66.7%
2026-03-12 14:35:37 | qs.exploit_gate | INFO  | Gate OPEN | type=TRENDING conf=0.58 | H=0.719(TRENDING) S=0.619 AC=0.088(TRENDING) VR=0.941(NONE) | pass_rate=75.0%
2026-03-12 14:35:37 | qs.signal    | INFO  | ACCEPT BTC/USDT LONG grade=C score=0.7 quality=0.697 | {"breakdown": {"technical": 0.855, "ml_confidence": 0.5, "order_flow": 0.992, "volatility": 0.55}}
2026-03-12 14:35:37 | qs.asym_risk | INFO  | LONG entry=70200.00 | SL=70038.18(0.23%) TP=70491.27 | RR=1.8 EV=180.4021 ✓ +EV
2026-03-12 14:35:37 | qs.risk      | INFO  | Kelly sizing: p=0.76 rr=1.8 kelly_f=0.6194 risk%=0.0500 quality=0.76 size=$1888
2026-03-12 14:35:37 | qs.system    | INFO  | Execution attempt symbol=BTC/USDT signal=LONG mode=paper size=1888.06
2026-03-12 14:35:37 | qs.risk      | WARNING | TRADE_REJECTED | {"symbol": "BTC/USDT", "side": "LONG", "size_usd": 1888.06, "reasons": ["asset_exposure 95.0% > 95%", "total_leverage 19.1x > 10x"]}
2026-03-12 14:35:37 | qs.order     | INFO  | RISK_REJECT BTC/USDT LONG size=$1888.06 price=70200.00 | {"reason": "asset_exposure 95.0% > 95%; total_leverage 19.1x > 10x"}
2026-03-12 14:36:07 | qs.system    | INFO  | Cycle 3/100
2026-03-12 14:36:07 | qs.volatility | INFO  | Top 3 volatile: SOL/USDT(0.117%), ETH/USDT(0.105%), BTC/USDT(0.080%)
2026-03-12 14:36:08 | qs.exploit_gate | INFO  | Gate OPEN | type=TRENDING conf=0.57 | H=0.770(TRENDING) S=0.649 AC=0.173(TRENDING) VR=1.020(NONE) | pass_rate=80.0%
2026-03-12 14:36:09 | qs.signal    | INFO  | REJECT SOL/USDT LONG grade=D score=0.6 quality=0.612 | {"breakdown": {"technical": 0.84, "ml_confidence": 0.5, "order_flow": 0.582, "volatility": 0.55}}
2026-03-12 14:36:09 | qs.asym_risk | INFO  | LONG entry=86.61 | SL=86.44(0.20%) TP=86.92 | RR=1.8 EV=0.1512 ✓ +EV
2026-03-12 14:36:09 | qs.risk      | INFO  | Kelly sizing: p=0.67 rr=1.8 kelly_f=0.4848 risk%=0.0500 quality=0.67 size=$1896
2026-03-12 14:36:09 | qs.system    | INFO  | Execution attempt symbol=SOL/USDT signal=LONG mode=paper size=1896.39
2026-03-12 14:36:09 | qs.risk      | WARNING | TRADE_REJECTED | {"symbol": "SOL/USDT", "side": "LONG", "size_usd": 1896.39, "reasons": ["already_exposed_to_SOL/USDT", "total_leverage 19.0x > 10x"]}
2026-03-12 14:36:09 | qs.order     | INFO  | RISK_REJECT SOL/USDT LONG size=$1896.39 price=86.61 | {"reason": "already_exposed_to_SOL/USDT; total_leverage 19.0x > 10x"}
2026-03-12 14:36:09 | qs.exploit_gate | INFO  | Gate CLOSED | type=NONE conf=0.00 | H=0.713(TRENDING) S=0.676 AC=0.035(NONE) VR=0.980(NONE) | pass_rate=66.7%
2026-03-12 14:36:09 | qs.exploit_gate | INFO  | Gate OPEN | type=TRENDING conf=0.58 | H=0.716(TRENDING) S=0.619 AC=0.088(TRENDING) VR=0.944(NONE) | pass_rate=71.4%
2026-03-12 14:36:09 | qs.signal    | INFO  | REJECT BTC/USDT LONG grade=D score=0.6 quality=0.628 | {"breakdown": {"technical": 0.861, "ml_confidence": 0.5, "order_flow": 0.64, "volatility": 0.55}}
2026-03-12 14:36:09 | qs.asym_risk | INFO  | LONG entry=70210.40 | SL=70038.91(0.24%) TP=70519.07 | RR=1.8 EV=157.9996 ✓ +EV
2026-03-12 14:36:09 | qs.risk      | INFO  | Kelly sizing: p=0.69 rr=1.8 kelly_f=0.5119 risk%=0.0500 quality=0.69 size=$1896
2026-03-12 14:36:09 | qs.system    | INFO  | Execution attempt symbol=BTC/USDT signal=LONG mode=paper size=1896.39
2026-03-12 14:36:09 | qs.risk      | WARNING | TRADE_REJECTED | {"symbol": "BTC/USDT", "side": "LONG", "size_usd": 1896.39, "reasons": ["total_leverage 19.0x > 10x"]}
2026-03-12 14:36:09 | qs.order     | INFO  | RISK_REJECT BTC/USDT LONG size=$1896.39 price=70210.40 | {"reason": "total_leverage 19.0x > 10x"}
2026-03-12 14:36:39 | qs.system    | INFO  | Cycle 4/100
2026-03-12 14:36:39 | qs.volatility | INFO  | Top 3 volatile: SOL/USDT(0.117%), ETH/USDT(0.105%), BTC/USDT(0.080%)
2026-03-12 14:36:41 | qs.exploit_gate | INFO  | Gate OPEN | type=TRENDING conf=0.57 | H=0.770(TRENDING) S=0.651 AC=0.167(TRENDING) VR=1.016(NONE) | pass_rate=75.0%
2026-03-12 14:36:42 | qs.signal    | INFO  | REJECT SOL/USDT LONG grade=D score=0.6 quality=0.581 | {"breakdown": {"technical": 0.844, "ml_confidence": 0.5, "order_flow": 0.427, "volatility": 0.55}}
2026-03-12 14:36:42 | qs.exploit_gate | INFO  | Gate CLOSED | type=NONE conf=0.00 | H=0.713(TRENDING) S=0.676 AC=0.035(NONE) VR=0.983(NONE) | pass_rate=66.7%
2026-03-12 14:36:42 | qs.exploit_gate | INFO  | Gate OPEN | type=TRENDING conf=0.58 | H=0.716(TRENDING) S=0.619 AC=0.086(TRENDING) VR=0.945(NONE) | pass_rate=70.0%
2026-03-12 14:36:42 | qs.signal    | INFO  | REJECT BTC/USDT LONG grade=D score=0.5 quality=0.521 | {"breakdown": {"technical": 0.863, "ml_confidence": 0.5, "order_flow": 0.104, "volatility": 0.55}}
2026-03-12 14:37:12 | qs.system    | INFO  | Cycle 5/100
2026-03-12 14:37:12 | qs.volatility | INFO  | Top 3 volatile: SOL/USDT(0.117%), ETH/USDT(0.105%), BTC/USDT(0.080%)
2026-03-12 14:37:14 | qs.exploit_gate | INFO  | Gate OPEN | type=TRENDING conf=0.57 | H=0.759(TRENDING) S=0.663 AC=0.178(TRENDING) VR=1.025(NONE) | pass_rate=72.7%
2026-03-12 14:37:14 | qs.exploit_gate | INFO  | Gate CLOSED | type=NONE conf=0.00 | H=0.719(TRENDING) S=0.687 AC=0.050(NONE) VR=0.993(NONE) | pass_rate=66.7%
2026-03-12 14:37:14 | qs.exploit_gate | INFO  | Gate OPEN | type=TRENDING conf=0.58 | H=0.704(TRENDING) S=0.629 AC=0.093(TRENDING) VR=0.955(NONE) | pass_rate=69.2%
2026-03-12 14:37:44 | qs.system    | INFO  | Cycle 6/100
2026-03-12 14:37:45 | qs.volatility | INFO  | Top 3 volatile: SOL/USDT(0.130%), ETH/USDT(0.119%), BTC/USDT(0.089%)
2026-03-12 14:37:47 | qs.exploit_gate | INFO  | Gate OPEN | type=TRENDING conf=0.57 | H=0.758(TRENDING) S=0.663 AC=0.157(TRENDING) VR=1.013(NONE) | pass_rate=71.4%
2026-03-12 14:37:47 | qs.signal    | INFO  | REJECT SOL/USDT LONG grade=D score=0.6 quality=0.597 | {"breakdown": {"technical": 0.85, "ml_confidence": 0.5, "order_flow": 0.496, "volatility": 0.55}}
2026-03-12 14:37:47 | qs.asym_risk | INFO  | LONG entry=86.73 | SL=86.44(0.34%) TP=87.26 | RR=1.8 EV=0.2429 ✓ +EV
2026-03-12 14:37:47 | qs.risk      | INFO  | Kelly sizing: p=0.65 rr=1.8 kelly_f=0.4612 risk%=0.0500 quality=0.65 size=$1932
2026-03-12 14:37:47 | qs.system    | INFO  | Execution attempt symbol=SOL/USDT signal=LONG mode=paper size=1931.81
2026-03-12 14:37:47 | qs.risk      | WARNING | TRADE_REJECTED | {"symbol": "SOL/USDT", "side": "LONG", "size_usd": 1931.81, "reasons": ["already_exposed_to_SOL/USDT", "total_leverage 18.8x > 10x"]}
2026-03-12 14:37:47 | qs.order     | INFO  | RISK_REJECT SOL/USDT LONG size=$1931.81 price=86.73 | {"reason": "already_exposed_to_SOL/USDT; total_leverage 18.8x > 10x"}
2026-03-12 14:37:47 | qs.exploit_gate | INFO  | Gate CLOSED | type=NONE conf=0.00 | H=0.719(TRENDING) S=0.686 AC=0.021(NONE) VR=0.971(NONE) | pass_rate=66.7%
2026-03-12 14:37:47 | qs.exploit_gate | INFO  | Gate OPEN | type=TRENDING conf=0.58 | H=0.704(TRENDING) S=0.629 AC=0.086(TRENDING) VR=0.951(NONE) | pass_rate=68.8%
2026-03-12 14:37:47 | qs.signal    | INFO  | REJECT BTC/USDT LONG grade=D score=0.6 quality=0.608 | {"breakdown": {"technical": 0.865, "ml_confidence": 0.5, "order_flow": 0.531, "volatility": 0.55}}
2026-03-12 14:37:47 | qs.asym_risk | INFO  | LONG entry=70288.90 | SL=70037.54(0.36%) TP=70741.34 | RR=1.8 EV=216.8795 ✓ +EV
2026-03-12 14:37:47 | qs.risk      | INFO  | Kelly sizing: p=0.67 rr=1.8 kelly_f=0.4794 risk%=0.0500 quality=0.67 size=$1932
2026-03-12 14:37:47 | qs.system    | INFO  | Execution attempt symbol=BTC/USDT signal=LONG mode=paper size=1931.81
2026-03-12 14:37:47 | qs.risk      | WARNING | TRADE_REJECTED | {"symbol": "BTC/USDT", "side": "LONG", "size_usd": 1931.81, "reasons": ["total_leverage 18.8x > 10x"]}
2026-03-12 14:37:47 | qs.order     | INFO  | RISK_REJECT BTC/USDT LONG size=$1931.81 price=70288.90 | {"reason": "total_leverage 18.8x > 10x"}
2026-03-12 14:38:17 | qs.system    | INFO  | Cycle 7/100
2026-03-12 14:38:17 | qs.volatility | INFO  | Top 3 volatile: SOL/USDT(0.130%), ETH/USDT(0.119%), BTC/USDT(0.089%)
2026-03-12 14:38:20 | qs.exploit_gate | INFO  | Gate OPEN | type=TRENDING conf=0.57 | H=0.764(TRENDING) S=0.663 AC=0.152(TRENDING) VR=1.011(NONE) | pass_rate=70.6%
2026-03-12 14:38:20 | qs.signal    | INFO  | REJECT SOL/USDT LONG grade=D score=0.6 quality=0.620 | {"breakdown": {"technical": 0.854, "ml_confidence": 0.5, "order_flow": 0.608, "volatility": 0.55}}
2026-03-12 14:38:20 | qs.asym_risk | INFO  | LONG entry=86.72 | SL=86.44(0.33%) TP=87.23 | RR=1.8 EV=0.2526 ✓ +EV
2026-03-12 14:38:20 | qs.risk      | INFO  | Kelly sizing: p=0.68 rr=1.8 kelly_f=0.4974 risk%=0.0500 quality=0.68 size=$1931
2026-03-12 14:38:20 | qs.system    | INFO  | Execution attempt symbol=SOL/USDT signal=LONG mode=paper size=1930.77
2026-03-12 14:38:20 | qs.order     | INFO  | PAPER_FILL SOL/USDT LONG size=$1930.77 price=86.74 | {"slippage_bps": 2.0, "grade": "C"}
2026-03-12 14:38:20 | qs.system    | INFO  | ENTRY SOL/USDT LONG q=0.677 gate=TRENDING(0.57) RR=1.8 EV=0.2526 $1931
2026-03-12 14:38:50 | qs.system    | INFO  | Cycle 8/100
2026-03-12 14:38:50 | qs.volatility | INFO  | Top 3 volatile: SOL/USDT(0.130%), ETH/USDT(0.119%), BTC/USDT(0.089%)
2026-03-12 14:38:52 | qs.exploit_gate | INFO  | Gate OPEN | type=TRENDING conf=0.57 | H=0.764(TRENDING) S=0.663 AC=0.148(TRENDING) VR=1.012(NONE) | pass_rate=72.2%
2026-03-12 14:38:53 | qs.signal    | INFO  | REJECT SOL/USDT LONG grade=D score=0.6 quality=0.622 | {"breakdown": {"technical": 0.854, "ml_confidence": 0.5, "order_flow": 0.615, "volatility": 0.55}}
2026-03-12 14:38:53 | qs.asym_risk | INFO  | LONG entry=86.76 | SL=86.44(0.37%) TP=87.34 | RR=1.8 EV=0.2900 ✓ +EV
2026-03-12 14:38:53 | qs.risk      | INFO  | Kelly sizing: p=0.68 rr=1.8 kelly_f=0.4996 risk%=0.0500 quality=0.68 size=$1936
2026-03-12 14:38:53 | qs.system    | INFO  | Execution attempt symbol=SOL/USDT signal=LONG mode=paper size=1935.56
2026-03-12 14:38:53 | qs.risk      | WARNING | TRADE_REJECTED | {"symbol": "SOL/USDT", "side": "LONG", "size_usd": 1935.56, "reasons": ["already_exposed_to_SOL/USDT", "total_leverage 19.0x > 10x"]}
2026-03-12 14:38:53 | qs.order     | INFO  | RISK_REJECT SOL/USDT LONG size=$1935.56 price=86.76 | {"reason": "already_exposed_to_SOL/USDT; total_leverage 19.0x > 10x"}
2026-03-12 14:38:53 | qs.exploit_gate | INFO  | Gate CLOSED | type=NONE conf=0.00 | H=0.730(TRENDING) S=0.690 AC=0.023(NONE) VR=0.966(NONE) | pass_rate=68.4%
2026-03-12 14:38:53 | qs.exploit_gate | INFO  | Gate OPEN | type=TRENDING conf=0.58 | H=0.749(TRENDING) S=0.629 AC=0.094(TRENDING) VR=0.949(NONE) | pass_rate=70.0%
2026-03-12 14:38:53 | qs.signal    | INFO  | REJECT BTC/USDT LONG grade=D score=0.6 quality=0.612 | {"breakdown": {"technical": 0.865, "ml_confidence": 0.5, "order_flow": 0.555, "volatility": 0.55}}
2026-03-12 14:38:53 | qs.asym_risk | INFO  | LONG entry=70236.60 | SL=70037.42(0.28%) TP=70595.12 | RR=1.8 EV=174.5372 ✓ +EV
2026-03-12 14:38:53 | qs.risk      | INFO  | Kelly sizing: p=0.67 rr=1.8 kelly_f=0.4868 risk%=0.0500 quality=0.67 size=$1936
2026-03-12 14:38:53 | qs.system    | INFO  | Execution attempt symbol=BTC/USDT signal=LONG mode=paper size=1935.56
2026-03-12 14:38:53 | qs.risk      | WARNING | TRADE_REJECTED | {"symbol": "BTC/USDT", "side": "LONG", "size_usd": 1935.56, "reasons": ["total_leverage 19.0x > 10x"]}
2026-03-12 14:38:53 | qs.order     | INFO  | RISK_REJECT BTC/USDT LONG size=$1935.56 price=70236.60 | {"reason": "total_leverage 19.0x > 10x"}
2026-03-12 14:39:06 | qs.system    | INFO  | Interrupted during startup
2026-03-12 14:39:06 | qs.system    | INFO  | Final equity=$203.74 trades=1
2026-03-12 14:48:27 | qs.system    | INFO  | Starting bot mode=paper symbols=['BTC/USDT', 'ETH/USDT', 'SOL/USDT']
2026-03-12 14:48:28 | qs.data      | INFO  | Exchange initialized for BTC/USDT
2026-03-12 14:48:28 | qs.data      | INFO  | Exchange initialized for ETH/USDT
2026-03-12 14:48:28 | qs.data      | INFO  | Exchange initialized for SOL/USDT
2026-03-12 14:48:28 | qs.graveyard | INFO  | Loaded 0 tombstones from graveyard
2026-03-12 14:48:28 | qs.data      | INFO  | Exchange initialized for BTC/USDT
2026-03-12 14:48:28 | qs.data      | INFO  | Exchange initialized for ETH/USDT
2026-03-12 14:48:28 | qs.data      | INFO  | Exchange initialized for SOL/USDT
2026-03-12 14:48:32 | qs.ml        | INFO  | Computing features for training...
2026-03-12 14:48:33 | qs.ml        | INFO  | Trained: val_accuracy=51.4% samples=387 top_features=['hour_cos', 'bb_width_z', 'roc_10']
2026-03-12 14:48:47 | qs.volatility | INFO  | Top 3 volatile: SOL/USDT(0.126%), ETH/USDT(0.126%), BTC/USDT(0.099%)
2026-03-12 14:48:57 | qs.exploit_gate | INFO  | Gate OPEN | type=TRENDING conf=0.57 | H=0.811(TRENDING) S=0.652 AC=0.138(TRENDING) VR=0.982(NONE) | pass_rate=100.0%
2026-03-12 14:48:57 | qs.exploit_gate | INFO  | Gate CLOSED | type=NONE conf=0.00 | H=0.726(TRENDING) S=0.684 AC=0.002(NONE) VR=0.900(NONE) | pass_rate=50.0%
2026-03-12 14:48:57 | qs.exploit_gate | INFO  | Gate OPEN | type=TRENDING conf=0.58 | H=0.726(TRENDING) S=0.634 AC=0.087(TRENDING) VR=0.906(NONE) | pass_rate=66.7%
2026-03-12 14:49:27 | qs.volatility | INFO  | Top 3 volatile: SOL/USDT(0.126%), ETH/USDT(0.126%), BTC/USDT(0.099%)
2026-03-12 14:49:30 | qs.exploit_gate | INFO  | Gate OPEN | type=TRENDING conf=0.57 | H=0.812(TRENDING) S=0.642 AC=0.158(TRENDING) VR=0.966(NONE) | pass_rate=75.0%
2026-03-12 14:49:30 | qs.exploit_gate | INFO  | Gate CLOSED | type=NONE conf=0.00 | H=0.719(TRENDING) S=0.682 AC=0.006(NONE) VR=0.889(NONE) | pass_rate=60.0%
2026-03-12 14:49:30 | qs.exploit_gate | INFO  | Gate OPEN | type=TRENDING conf=0.58 | H=0.726(TRENDING) S=0.629 AC=0.101(TRENDING) VR=0.918(NONE) | pass_rate=66.7%
2026-03-12 14:50:00 | qs.volatility | INFO  | Top 3 volatile: SOL/USDT(0.126%), ETH/USDT(0.126%), BTC/USDT(0.099%)
2026-03-12 14:50:02 | qs.exploit_gate | INFO  | Gate OPEN | type=TRENDING conf=0.57 | H=0.812(TRENDING) S=0.648 AC=0.164(TRENDING) VR=0.964(NONE) | pass_rate=71.4%
2026-03-12 14:50:02 | qs.exploit_gate | INFO  | Gate CLOSED | type=NONE conf=0.00 | H=0.724(TRENDING) S=0.682 AC=0.006(NONE) VR=0.882(NONE) | pass_rate=62.5%
2026-03-12 14:50:02 | qs.exploit_gate | INFO  | Gate OPEN | type=TRENDING conf=0.58 | H=0.736(TRENDING) S=0.629 AC=0.097(TRENDING) VR=0.906(NONE) | pass_rate=66.7%
2026-03-12 14:50:32 | qs.volatility | INFO  | Top 3 volatile: SOL/USDT(0.126%), ETH/USDT(0.126%), BTC/USDT(0.099%)
2026-03-12 14:50:33 | qs.exploit_gate | INFO  | Gate OPEN | type=TRENDING conf=0.57 | H=0.805(TRENDING) S=0.648 AC=0.167(TRENDING) VR=0.982(NONE) | pass_rate=70.0%
2026-03-12 14:50:33 | qs.exploit_gate | INFO  | Gate OPEN | type=MEAN_REVERTING conf=0.45 | H=0.724(TRENDING) S=0.682 AC=0.005(NONE) VR=0.879(MEAN_REVERTING) | pass_rate=72.7%
2026-03-12 14:50:33 | qs.exploit_gate | INFO  | Gate OPEN | type=TRENDING conf=0.58 | H=0.737(TRENDING) S=0.631 AC=0.099(TRENDING) VR=0.906(NONE) | pass_rate=75.0%
2026-03-12 14:51:03 | qs.volatility | INFO  | Top 3 volatile: SOL/USDT(0.126%), ETH/USDT(0.126%), BTC/USDT(0.099%)
2026-03-12 14:51:05 | qs.exploit_gate | INFO  | Gate OPEN | type=TRENDING conf=0.57 | H=0.805(TRENDING) S=0.648 AC=0.162(TRENDING) VR=0.975(NONE) | pass_rate=76.9%
2026-03-12 14:51:05 | qs.exploit_gate | INFO  | Gate OPEN | type=MEAN_REVERTING conf=0.45 | H=0.700(TRENDING) S=0.696 AC=-0.010(NONE) VR=0.824(MEAN_REVERTING) | pass_rate=78.6%
2026-03-12 14:51:05 | qs.exploit_gate | INFO  | Gate OPEN | type=TRENDING conf=0.58 | H=0.734(TRENDING) S=0.629 AC=0.088(TRENDING) VR=0.876(MEAN_REVERTING) | pass_rate=80.0%
2026-03-12 14:51:05 | qs.signal    | INFO  | REJECT BTC/USDT LONG grade=D score=0.5 quality=0.505 | {"breakdown": {"technical": 0.865, "ml_confidence": 0.5, "order_flow": 0.021, "volatility": 0.55}}
2026-03-12 14:51:37 | qs.volatility | INFO  | Top 3 volatile: SOL/USDT(0.135%), ETH/USDT(0.126%), BTC/USDT(0.099%)
2026-03-12 14:51:38 | qs.exploit_gate | INFO  | Gate OPEN | type=TRENDING conf=0.57 | H=0.807(TRENDING) S=0.650 AC=0.143(TRENDING) VR=0.970(NONE) | pass_rate=81.2%
2026-03-12 14:51:38 | qs.exploit_gate | INFO  | Gate OPEN | type=MEAN_REVERTING conf=0.45 | H=0.700(TRENDING) S=0.702 AC=-0.028(NONE) VR=0.812(MEAN_REVERTING) | pass_rate=82.4%
2026-03-12 14:51:38 | qs.exploit_gate | INFO  | Gate OPEN | type=TRENDING conf=0.58 | H=0.734(TRENDING) S=0.631 AC=0.077(TRENDING) VR=0.870(MEAN_REVERTING) | pass_rate=83.3%
2026-03-12 14:52:08 | qs.volatility | INFO  | Top 3 volatile: SOL/USDT(0.135%), ETH/USDT(0.126%), BTC/USDT(0.099%)
2026-03-12 14:52:10 | qs.exploit_gate | INFO  | Gate OPEN | type=TRENDING conf=0.57 | H=0.805(TRENDING) S=0.655 AC=0.128(TRENDING) VR=0.991(NONE) | pass_rate=84.2%
2026-03-12 14:52:10 | qs.exploit_gate | INFO  | Gate OPEN | type=MEAN_REVERTING conf=0.45 | H=0.696(TRENDING) S=0.703 AC=-0.042(NONE) VR=0.802(MEAN_REVERTING) | pass_rate=85.0%
2026-03-12 14:52:10 | qs.exploit_gate | INFO  | Gate OPEN | type=MEAN_REVERTING conf=0.45 | H=0.731(TRENDING) S=0.644 AC=0.059(NONE) VR=0.855(MEAN_REVERTING) | pass_rate=85.7%
2026-03-12 14:52:40 | qs.volatility | INFO  | Top 3 volatile: SOL/USDT(0.135%), ETH/USDT(0.126%), BTC/USDT(0.099%)
2026-03-12 14:52:43 | qs.exploit_gate | INFO  | Gate OPEN | type=TRENDING conf=0.57 | H=0.805(TRENDING) S=0.655 AC=0.135(TRENDING) VR=0.998(NONE) | pass_rate=86.4%
2026-03-12 14:52:43 | qs.exploit_gate | INFO  | Gate OPEN | type=MEAN_REVERTING conf=0.45 | H=0.696(TRENDING) S=0.706 AC=-0.036(NONE) VR=0.804(MEAN_REVERTING) | pass_rate=87.0%
2026-03-12 14:52:43 | qs.exploit_gate | INFO  | Gate OPEN | type=TRENDING conf=0.57 | H=0.732(TRENDING) S=0.646 AC=0.069(TRENDING) VR=0.861(MEAN_REVERTING) | pass_rate=87.5%
2026-03-12 14:53:13 | qs.volatility | INFO  | Top 3 volatile: SOL/USDT(0.135%), ETH/USDT(0.126%), BTC/USDT(0.099%)
2026-03-12 14:53:15 | qs.exploit_gate | INFO  | Gate OPEN | type=TRENDING conf=0.57 | H=0.811(TRENDING) S=0.657 AC=0.134(TRENDING) VR=0.999(NONE) | pass_rate=88.0%
2026-03-12 14:53:15 | qs.exploit_gate | INFO  | Gate OPEN | type=MEAN_REVERTING conf=0.45 | H=0.703(TRENDING) S=0.712 AC=-0.030(NONE) VR=0.799(MEAN_REVERTING) | pass_rate=88.5%
2026-03-12 14:53:15 | qs.signal    | INFO  | ACCEPT ETH/USDT LONG grade=C score=0.7 quality=0.669 | {"breakdown": {"technical": 0.865, "ml_confidence": 0.5, "order_flow": 0.839, "volatility": 0.55}}
2026-03-12 14:53:15 | qs.asym_risk | INFO  | LONG entry=2067.77 | SL=2063.63(0.20%) TP=2075.21 | RR=1.8 EV=4.1322 ✓ +EV
2026-03-12 14:53:15 | qs.risk      | INFO  | Kelly sizing: p=0.71 rr=1.8 kelly_f=0.5551 risk%=0.0500 quality=0.71 size=$1900
2026-03-12 14:53:15 | qs.system    | INFO  | Execution attempt symbol=ETH/USDT signal=LONG mode=paper size=1900.00
2026-03-12 14:53:15 | qs.order     | INFO  | PAPER_FILL ETH/USDT LONG size=$1900.00 price=2068.18 | {"slippage_bps": 2.0, "grade": "C"}
2026-03-12 14:53:15 | qs.system    | INFO  | ENTRY ETH/USDT LONG q=0.714 gate=MEAN_REVERTING(0.45) RR=1.8 EV=4.1322 $1900
2026-03-12 14:53:51 | qs.volatility | INFO  | Top 3 volatile: SOL/USDT(0.135%), ETH/USDT(0.126%), BTC/USDT(0.099%)
2026-03-12 14:53:53 | qs.exploit_gate | INFO  | Gate OPEN | type=TRENDING conf=0.57 | H=0.810(TRENDING) S=0.657 AC=0.134(TRENDING) VR=0.999(NONE) | pass_rate=88.9%
2026-03-12 14:53:53 | qs.exploit_gate | INFO  | Gate OPEN | type=MEAN_REVERTING conf=0.45 | H=0.702(TRENDING) S=0.706 AC=-0.032(NONE) VR=0.801(MEAN_REVERTING) | pass_rate=89.3%
2026-03-12 14:53:54 | qs.signal    | INFO  | ACCEPT ETH/USDT LONG grade=C score=0.7 quality=0.681 | {"breakdown": {"technical": 0.865, "ml_confidence": 0.5, "order_flow": 0.9, "volatility": 0.55}}
2026-03-12 14:53:54 | qs.asym_risk | INFO  | LONG entry=2068.42 | SL=2064.28(0.20%) TP=2075.87 | RR=1.8 EV=4.2760 ✓ +EV
2026-03-12 14:53:54 | qs.risk      | INFO  | Kelly sizing: p=0.73 rr=1.8 kelly_f=0.5742 risk%=0.0500 quality=0.73 size=$1902
2026-03-12 14:53:54 | qs.system    | INFO  | Execution attempt symbol=ETH/USDT signal=LONG mode=paper size=1902.06
2026-03-12 14:53:54 | qs.risk      | WARNING | TRADE_REJECTED | {"symbol": "ETH/USDT", "side": "LONG", "size_usd": 1902.06, "reasons": ["already_exposed_to_ETH/USDT"]}
2026-03-12 14:53:54 | qs.order     | INFO  | RISK_REJECT ETH/USDT LONG size=$1902.06 price=2068.42 | {"reason": "already_exposed_to_ETH/USDT"}
2026-03-12 14:53:54 | qs.exploit_gate | INFO  | Gate OPEN | type=TRENDING conf=0.57 | H=0.754(TRENDING) S=0.646 AC=0.081(TRENDING) VR=0.863(MEAN_REVERTING) | pass_rate=89.7%
2026-03-12 14:54:25 | qs.volatility | INFO  | Top 3 volatile: ETH/USDT(0.121%), BTC/USDT(0.100%), SOL/USDT(0.128%)
2026-03-12 14:54:26 | qs.exploit_gate | INFO  | Gate OPEN | type=MEAN_REVERTING conf=0.45 | H=0.679(TRENDING) S=0.703 AC=-0.036(NONE) VR=0.809(MEAN_REVERTING) | pass_rate=90.0%
2026-03-12 14:54:27 | qs.signal    | INFO  | ACCEPT ETH/USDT LONG grade=C score=0.7 quality=0.679 | {"breakdown": {"technical": 0.865, "ml_confidence": 0.5, "order_flow": 0.89, "volatility": 0.55}}
2026-03-12 14:54:27 | qs.asym_risk | INFO  | LONG entry=2067.90 | SL=2063.76(0.20%) TP=2075.34 | RR=1.8 EV=4.2518 ✓ +EV
2026-03-12 14:54:27 | qs.risk      | INFO  | Kelly sizing: p=0.72 rr=1.8 kelly_f=0.5711 risk%=0.0500 quality=0.72 size=$1898
2026-03-12 14:54:27 | qs.system    | INFO  | Execution attempt symbol=ETH/USDT signal=LONG mode=paper size=1897.53
2026-03-12 14:54:27 | qs.risk      | WARNING | TRADE_REJECTED | {"symbol": "ETH/USDT", "side": "LONG", "size_usd": 1897.53, "reasons": ["already_exposed_to_ETH/USDT", "asset_exposure 95.0% > 95%"]}
2026-03-12 14:54:27 | qs.order     | INFO  | RISK_REJECT ETH/USDT LONG size=$1897.53 price=2067.90 | {"reason": "already_exposed_to_ETH/USDT; asset_exposure 95.0% > 95%"}
2026-03-12 14:54:27 | qs.exploit_gate | INFO  | Gate OPEN | type=TRENDING conf=0.58 | H=0.728(TRENDING) S=0.634 AC=0.063(TRENDING) VR=0.876(MEAN_REVERTING) | pass_rate=90.3%
2026-03-12 14:54:27 | qs.exploit_gate | INFO  | Gate OPEN | type=TRENDING conf=0.57 | H=0.794(TRENDING) S=0.648 AC=0.129(TRENDING) VR=0.990(NONE) | pass_rate=90.6%
2026-03-12 14:54:57 | qs.volatility | INFO  | Top 3 volatile: ETH/USDT(0.121%), BTC/USDT(0.100%), SOL/USDT(0.128%)
2026-03-12 14:54:58 | qs.exploit_gate | INFO  | Gate OPEN | type=MEAN_REVERTING conf=0.45 | H=0.679(TRENDING) S=0.703 AC=-0.041(NONE) VR=0.804(MEAN_REVERTING) | pass_rate=90.9%
2026-03-12 14:54:58 | qs.signal    | INFO  | REJECT ETH/USDT LONG grade=D score=0.6 quality=0.556 | {"breakdown": {"technical": 0.865, "ml_confidence": 0.5, "order_flow": 0.275, "volatility": 0.55}}
2026-03-12 14:54:58 | qs.exploit_gate | INFO  | Gate OPEN | type=TRENDING conf=0.58 | H=0.728(TRENDING) S=0.636 AC=0.062(TRENDING) VR=0.853(MEAN_REVERTING) | pass_rate=91.2%
2026-03-12 14:54:59 | qs.signal    | INFO  | REJECT BTC/USDT LONG grade=D score=0.6 quality=0.643 | {"breakdown": {"technical": 0.865, "ml_confidence": 0.5, "order_flow": 0.707, "volatility": 0.55}}
2026-03-12 14:54:59 | qs.asym_risk | INFO  | LONG entry=70357.90 | SL=70217.18(0.20%) TP=70611.19 | RR=1.8 EV=135.2054 ✓ +EV
2026-03-12 14:54:59 | qs.risk      | INFO  | Kelly sizing: p=0.70 rr=1.8 kelly_f=0.5338 risk%=0.0500 quality=0.70 size=$1905
2026-03-12 14:54:59 | qs.system    | INFO  | Execution attempt symbol=BTC/USDT signal=LONG mode=paper size=1904.94
2026-03-12 14:54:59 | qs.order     | INFO  | PAPER_FILL BTC/USDT LONG size=$1904.94 price=70371.97 | {"slippage_bps": 2.0, "grade": "C"}
2026-03-12 14:54:59 | qs.system    | INFO  | ENTRY BTC/USDT LONG q=0.700 gate=TRENDING(0.58) RR=1.8 EV=135.2054 $1905
2026-03-12 14:55:29 | qs.volatility | INFO  | Top 3 volatile: ETH/USDT(0.121%), BTC/USDT(0.100%), SOL/USDT(0.128%)
2026-03-12 14:55:36 | qs.system    | INFO  | Starting paper run for 100 cycles
2026-03-12 14:55:37 | qs.data      | INFO  | Exchange initialized for BTC/USDT
2026-03-12 14:55:37 | qs.data      | INFO  | Exchange initialized for ETH/USDT
2026-03-12 14:55:37 | qs.data      | INFO  | Exchange initialized for SOL/USDT
2026-03-12 14:55:37 | qs.graveyard | INFO  | Loaded 0 tombstones from graveyard
2026-03-12 14:55:37 | qs.data      | INFO  | Exchange initialized for BTC/USDT
2026-03-12 14:55:37 | qs.data      | INFO  | Exchange initialized for ETH/USDT
2026-03-12 14:55:37 | qs.data      | INFO  | Exchange initialized for SOL/USDT
2026-03-12 14:55:37 | qs.system    | INFO  | Cycle 1/100
2026-03-12 14:55:54 | qs.exploit_gate | INFO  | Gate OPEN | type=TRENDING conf=0.57 | H=0.723(TRENDING) S=0.643 AC=0.069(TRENDING) VR=0.845(MEAN_REVERTING) | pass_rate=100.0%
2026-03-12 14:55:54 | qs.signal    | INFO  | ACCEPT BTC/USDT LONG grade=C score=0.7 quality=0.682 | {"breakdown": {"technical": 0.865, "ml_confidence": 0.5, "order_flow": 0.906, "volatility": 0.55}}
2026-03-12 14:55:54 | qs.asym_risk | INFO  | LONG entry=70389.60 | SL=70248.82(0.20%) TP=70643.00 | RR=1.8 EV=150.8759 ✓ +EV
2026-03-12 14:55:54 | qs.risk      | INFO  | Kelly sizing: p=0.74 rr=1.8 kelly_f=0.5954 risk%=0.0500 quality=0.74 size=$1900
2026-03-12 14:55:54 | qs.system    | INFO  | Execution attempt symbol=BTC/USDT signal=LONG mode=paper size=1900.00
2026-03-12 14:55:54 | qs.order     | INFO  | PAPER_FILL BTC/USDT LONG size=$1900.00 price=70403.68 | {"slippage_bps": 2.0, "grade": "C"}
2026-03-12 14:55:54 | qs.system    | INFO  | ENTRY BTC/USDT LONG q=0.740 gate=TRENDING(0.57) RR=1.8 EV=150.8759 $1900
2026-03-12 14:56:00 | qs.volatility | INFO  | Top 3 volatile: ETH/USDT(0.121%), BTC/USDT(0.100%), SOL/USDT(0.128%)
2026-03-12 14:56:24 | qs.system    | INFO  | Cycle 2/100
2026-03-12 14:56:26 | qs.exploit_gate | INFO  | Gate OPEN | type=TRENDING conf=0.57 | H=0.715(TRENDING) S=0.643 AC=0.071(TRENDING) VR=0.846(MEAN_REVERTING) | pass_rate=100.0%
2026-03-12 14:56:26 | qs.signal    | INFO  | ACCEPT BTC/USDT LONG grade=C score=0.7 quality=0.658 | {"breakdown": {"technical": 0.865, "ml_confidence": 0.5, "order_flow": 0.785, "volatility": 0.55}}
2026-03-12 14:56:26 | qs.asym_risk | INFO  | LONG entry=70386.40 | SL=70245.63(0.20%) TP=70639.79 | RR=1.8 EV=141.3303 ✓ +EV
2026-03-12 14:56:26 | qs.risk      | INFO  | Kelly sizing: p=0.72 rr=1.8 kelly_f=0.5578 risk%=0.0500 quality=0.72 size=$1896
2026-03-12 14:56:26 | qs.system    | INFO  | Execution attempt symbol=BTC/USDT signal=LONG mode=paper size=1895.57
2026-03-12 14:56:26 | qs.risk      | WARNING | TRADE_REJECTED | {"symbol": "BTC/USDT", "side": "LONG", "size_usd": 1895.57, "reasons": ["already_exposed_to_BTC/USDT"]}
2026-03-12 14:56:26 | qs.order     | INFO  | RISK_REJECT BTC/USDT LONG size=$1895.57 price=70386.40 | {"reason": "already_exposed_to_BTC/USDT"}
2026-03-12 14:56:26 | qs.exploit_gate | INFO  | Gate OPEN | type=MEAN_REVERTING conf=0.45 | H=0.676(TRENDING) S=0.700 AC=-0.039(NONE) VR=0.815(MEAN_REVERTING) | pass_rate=100.0%
2026-03-12 14:56:26 | qs.exploit_gate | INFO  | Gate OPEN | type=TRENDING conf=0.57 | H=0.763(TRENDING) S=0.646 AC=0.126(TRENDING) VR=0.989(NONE) | pass_rate=100.0%
2026-03-12 14:56:32 | qs.volatility | INFO  | Top 3 volatile: ETH/USDT(0.121%), BTC/USDT(0.100%), SOL/USDT(0.128%)
2026-03-12 14:56:56 | qs.system    | INFO  | Cycle 3/100
2026-03-12 14:56:58 | qs.exploit_gate | INFO  | Gate OPEN | type=TRENDING conf=0.57 | H=0.715(TRENDING) S=0.643 AC=0.071(TRENDING) VR=0.847(MEAN_REVERTING) | pass_rate=100.0%
2026-03-12 14:56:58 | qs.signal    | INFO  | REJECT BTC/USDT LONG grade=D score=0.6 quality=0.593 | {"breakdown": {"technical": 0.865, "ml_confidence": 0.5, "order_flow": 0.46, "volatility": 0.55}}
2026-03-12 14:56:58 | qs.asym_risk | INFO  | LONG entry=70391.40 | SL=70250.62(0.20%) TP=70644.81 | RR=1.8 EV=115.7178 ✓ +EV
2026-03-12 14:56:58 | qs.risk      | INFO  | Kelly sizing: p=0.65 rr=1.8 kelly_f=0.4566 risk%=0.0500 quality=0.65 size=$1897
2026-03-12 14:56:58 | qs.system    | INFO  | Execution attempt symbol=BTC/USDT signal=LONG mode=paper size=1896.85
2026-03-12 14:56:58 | qs.risk      | WARNING | TRADE_REJECTED | {"symbol": "BTC/USDT", "side": "LONG", "size_usd": 1896.85, "reasons": ["already_exposed_to_BTC/USDT"]}
2026-03-12 14:56:58 | qs.order     | INFO  | RISK_REJECT BTC/USDT LONG size=$1896.85 price=70391.40 | {"reason": "already_exposed_to_BTC/USDT"}
2026-03-12 14:56:58 | qs.exploit_gate | INFO  | Gate OPEN | type=MEAN_REVERTING conf=0.45 | H=0.676(TRENDING) S=0.700 AC=-0.040(NONE) VR=0.815(MEAN_REVERTING) | pass_rate=100.0%
2026-03-12 14:56:58 | qs.exploit_gate | INFO  | Gate OPEN | type=TRENDING conf=0.57 | H=0.763(TRENDING) S=0.646 AC=0.125(TRENDING) VR=0.989(NONE) | pass_rate=100.0%
2026-03-12 14:57:06 | qs.volatility | INFO  | Top 3 volatile: SOL/USDT(0.117%), ETH/USDT(0.106%), BTC/USDT(0.095%)
2026-03-12 14:57:28 | qs.system    | INFO  | Cycle 4/100
2026-03-12 14:57:30 | qs.exploit_gate | INFO  | Gate OPEN | type=TRENDING conf=0.57 | H=0.701(TRENDING) S=0.643 AC=0.071(TRENDING) VR=0.845(MEAN_REVERTING) | pass_rate=100.0%
2026-03-12 14:57:31 | qs.signal    | INFO  | ACCEPT BTC/USDT LONG grade=C score=0.7 quality=0.650 | {"breakdown": {"technical": 0.865, "ml_confidence": 0.5, "order_flow": 0.746, "volatility": 0.55}}
2026-03-12 14:57:31 | qs.asym_risk | INFO  | LONG entry=70373.20 | SL=70232.45(0.20%) TP=70626.54 | RR=1.8 EV=138.2299 ✓ +EV
2026-03-12 14:57:31 | qs.risk      | INFO  | Kelly sizing: p=0.71 rr=1.8 kelly_f=0.5456 risk%=0.0500 quality=0.71 size=$1892
2026-03-12 14:57:31 | qs.system    | INFO  | Execution attempt symbol=BTC/USDT signal=LONG mode=paper size=1892.19
2026-03-12 14:57:31 | qs.risk      | WARNING | TRADE_REJECTED | {"symbol": "BTC/USDT", "side": "LONG", "size_usd": 1892.19, "reasons": ["already_exposed_to_BTC/USDT", "asset_exposure 95.0% > 95%"]}
2026-03-12 14:57:31 | qs.order     | INFO  | RISK_REJECT BTC/USDT LONG size=$1892.19 price=70373.20 | {"reason": "already_exposed_to_BTC/USDT; asset_exposure 95.0% > 95%"}
2026-03-12 14:57:31 | qs.exploit_gate | INFO  | Gate OPEN | type=MEAN_REVERTING conf=0.45 | H=0.685(TRENDING) S=0.706 AC=-0.039(NONE) VR=0.810(MEAN_REVERTING) | pass_rate=100.0%
2026-03-12 14:57:32 | qs.signal    | INFO  | REJECT ETH/USDT LONG grade=D score=0.6 quality=0.634 | {"breakdown": {"technical": 0.865, "ml_confidence": 0.5, "order_flow": 0.665, "volatility": 0.55}}
2026-03-12 14:57:32 | qs.asym_risk | INFO  | LONG entry=2069.33 | SL=2065.19(0.20%) TP=2076.78 | RR=1.8 EV=3.7332 ✓ +EV
2026-03-12 14:57:32 | qs.risk      | INFO  | Kelly sizing: p=0.68 rr=1.8 kelly_f=0.5011 risk%=0.0500 quality=0.68 size=$1892
2026-03-12 14:57:32 | qs.system    | INFO  | Execution attempt symbol=ETH/USDT signal=LONG mode=paper size=1892.19
2026-03-12 14:57:32 | qs.risk      | WARNING | TRADE_REJECTED | {"symbol": "ETH/USDT", "side": "LONG", "size_usd": 1892.19, "reasons": ["asset_exposure 95.0% > 95%"]}
2026-03-12 14:57:32 | qs.order     | INFO  | RISK_REJECT ETH/USDT LONG size=$1892.19 price=2069.33 | {"reason": "asset_exposure 95.0% > 95%"}
2026-03-12 14:57:32 | qs.exploit_gate | INFO  | Gate OPEN | type=TRENDING conf=0.57 | H=0.770(TRENDING) S=0.646 AC=0.125(TRENDING) VR=0.989(NONE) | pass_rate=100.0%
2026-03-12 14:57:38 | qs.volatility | INFO  | Top 3 volatile: SOL/USDT(0.117%), ETH/USDT(0.106%), BTC/USDT(0.095%)
2026-03-12 14:58:02 | qs.system    | INFO  | Cycle 5/100
2026-03-12 14:58:03 | qs.exploit_gate | INFO  | Gate OPEN | type=TRENDING conf=0.57 | H=0.702(TRENDING) S=0.643 AC=0.070(TRENDING) VR=0.846(MEAN_REVERTING) | pass_rate=100.0%
2026-03-12 14:58:04 | qs.signal    | INFO  | REJECT BTC/USDT LONG grade=D score=0.5 quality=0.520 | {"breakdown": {"technical": 0.865, "ml_confidence": 0.5, "order_flow": 0.094, "volatility": 0.55}}
2026-03-12 14:58:04 | qs.exploit_gate | INFO  | Gate OPEN | type=MEAN_REVERTING conf=0.45 | H=0.680(TRENDING) S=0.703 AC=-0.043(NONE) VR=0.808(MEAN_REVERTING) | pass_rate=100.0%
2026-03-12 14:58:04 | qs.exploit_gate | INFO  | Gate OPEN | type=TRENDING conf=0.57 | H=0.770(TRENDING) S=0.646 AC=0.125(TRENDING) VR=0.989(NONE) | pass_rate=100.0%
2026-03-12 14:58:05 | qs.signal    | INFO  | REJECT SOL/USDT LONG grade=D score=0.6 quality=0.601 | {"breakdown": {"technical": 0.799, "ml_confidence": 0.5, "order_flow": 0.431, "volatility": 0.7}}
2026-03-12 14:58:05 | qs.asym_risk | INFO  | LONG entry=86.72 | SL=86.55(0.20%) TP=87.03 | RR=1.8 EV=0.1462 ✓ +EV
2026-03-12 14:58:05 | qs.risk      | INFO  | Kelly sizing: p=0.66 rr=1.8 kelly_f=0.4683 risk%=0.0500 quality=0.66 size=$1894
2026-03-12 14:58:05 | qs.system    | INFO  | Execution attempt symbol=SOL/USDT signal=LONG mode=paper size=1893.67
2026-03-12 14:58:05 | qs.order     | INFO  | PAPER_FILL SOL/USDT LONG size=$1893.67 price=86.74 | {"slippage_bps": 2.0, "grade": "C"}
2026-03-12 14:58:05 | qs.system    | INFO  | ENTRY SOL/USDT LONG q=0.658 gate=TRENDING(0.57) RR=1.8 EV=0.1462 $1894
2026-03-12 14:58:10 | qs.volatility | INFO  | Top 3 volatile: SOL/USDT(0.117%), ETH/USDT(0.106%), BTC/USDT(0.095%)
2026-03-12 14:58:17 | qs.system    | ERROR | /api/state failed: Out of range float values are not JSON compliant: inf
2026-03-12 14:58:35 | qs.system    | INFO  | Cycle 6/100
2026-03-12 14:58:38 | qs.volatility | INFO  | Top 3 volatile: SOL/USDT(0.112%), ETH/USDT(0.103%), BTC/USDT(0.092%)
2026-03-12 14:58:42 | qs.volatility | INFO  | Top 3 volatile: SOL/USDT(0.117%), ETH/USDT(0.106%), BTC/USDT(0.095%)
2026-03-12 14:59:09 | qs.system    | INFO  | Cycle 7/100
2026-03-12 14:59:09 | qs.volatility | INFO  | Top 3 volatile: SOL/USDT(0.112%), ETH/USDT(0.103%), BTC/USDT(0.092%)
2026-03-12 14:59:15 | qs.volatility | INFO  | Top 3 volatile: SOL/USDT(0.117%), ETH/USDT(0.106%), BTC/USDT(0.095%)
2026-03-12 14:59:41 | qs.system    | INFO  | Cycle 8/100
2026-03-12 14:59:41 | qs.volatility | INFO  | Top 3 volatile: SOL/USDT(0.112%), ETH/USDT(0.103%), BTC/USDT(0.092%)
2026-03-12 14:59:47 | qs.volatility | INFO  | Top 3 volatile: SOL/USDT(0.107%), ETH/USDT(0.099%), BTC/USDT(0.089%)
2026-03-12 15:00:13 | qs.system    | INFO  | Cycle 9/100
2026-03-12 15:00:13 | qs.volatility | INFO  | Top 3 volatile: SOL/USDT(0.112%), ETH/USDT(0.103%), BTC/USDT(0.092%)
2026-03-12 15:00:18 | qs.volatility | INFO  | Top 3 volatile: SOL/USDT(0.107%), ETH/USDT(0.099%), BTC/USDT(0.089%)
2026-03-12 15:00:45 | qs.system    | INFO  | Cycle 10/100
2026-03-12 15:00:45 | qs.volatility | INFO  | Top 3 volatile: SOL/USDT(0.112%), ETH/USDT(0.103%), BTC/USDT(0.092%)
2026-03-12 15:00:49 | qs.volatility | INFO  | Top 3 volatile: SOL/USDT(0.107%), ETH/USDT(0.099%), BTC/USDT(0.089%)
2026-03-12 15:00:51 | qs.exploit_gate | INFO  | Gate OPEN | type=TRENDING conf=0.57 | H=0.773(TRENDING) S=0.646 AC=0.129(TRENDING) VR=0.995(NONE) | pass_rate=91.4%
2026-03-12 15:00:51 | qs.exploit_gate | INFO  | Gate OPEN | type=MEAN_REVERTING conf=0.45 | H=0.683(TRENDING) S=0.702 AC=-0.023(NONE) VR=0.822(MEAN_REVERTING) | pass_rate=91.7%
2026-03-12 15:00:51 | qs.signal    | INFO  | ACCEPT ETH/USDT LONG grade=C score=0.7 quality=0.696 | {"breakdown": {"technical": 0.865, "ml_confidence": 0.5, "order_flow": 0.973, "volatility": 0.55}}
2026-03-12 15:00:51 | qs.asym_risk | INFO  | LONG entry=2068.27 | SL=2064.13(0.20%) TP=2075.72 | RR=1.8 EV=4.4436 ✓ +EV
2026-03-12 15:00:51 | qs.risk      | INFO  | Kelly sizing: p=0.74 rr=1.8 kelly_f=0.5968 risk%=0.0500 quality=0.74 size=$1892
2026-03-12 15:00:51 | qs.system    | INFO  | Execution attempt symbol=ETH/USDT signal=LONG mode=paper size=1892.10
2026-03-12 15:00:51 | qs.risk      | WARNING | TRADE_REJECTED | {"symbol": "ETH/USDT", "side": "LONG", "size_usd": 1892.1, "reasons": ["asset_exposure 95.0% > 95%"]}
2026-03-12 15:00:51 | qs.order     | INFO  | RISK_REJECT ETH/USDT LONG size=$1892.10 price=2068.27 | {"reason": "asset_exposure 95.0% > 95%"}
2026-03-12 15:00:51 | qs.exploit_gate | INFO  | Gate OPEN | type=TRENDING conf=0.57 | H=0.688(TRENDING) S=0.643 AC=0.088(TRENDING) VR=0.860(MEAN_REVERTING) | pass_rate=91.9%
2026-03-12 15:01:17 | qs.system    | INFO  | Cycle 11/100
2026-03-12 15:01:21 | qs.volatility | INFO  | Top 3 volatile: SOL/USDT(0.107%), ETH/USDT(0.099%), BTC/USDT(0.089%)
2026-03-12 15:01:22 | qs.volatility | INFO  | Top 3 volatile: SOL/USDT(0.099%), BTC/USDT(0.083%), ETH/USDT(0.090%)
2026-03-12 15:01:23 | qs.exploit_gate | INFO  | Gate OPEN | type=TRENDING conf=0.57 | H=0.783(TRENDING) S=0.648 AC=0.131(TRENDING) VR=0.996(NONE) | pass_rate=92.1%
2026-03-12 15:01:23 | qs.exploit_gate | INFO  | Gate OPEN | type=MEAN_REVERTING conf=0.45 | H=0.707(TRENDING) S=0.700 AC=-0.022(NONE) VR=0.835(MEAN_REVERTING) | pass_rate=92.3%
2026-03-12 15:01:24 | qs.signal    | INFO  | REJECT ETH/USDT LONG grade=D score=0.6 quality=0.641 | {"breakdown": {"technical": 0.865, "ml_confidence": 0.5, "order_flow": 0.701, "volatility": 0.55}}
2026-03-12 15:01:24 | qs.asym_risk | INFO  | LONG entry=2068.29 | SL=2064.15(0.20%) TP=2075.74 | RR=1.8 EV=3.8136 ✓ +EV
2026-03-12 15:01:24 | qs.risk      | INFO  | Kelly sizing: p=0.69 rr=1.8 kelly_f=0.5122 risk%=0.0500 quality=0.69 size=$1896
2026-03-12 15:01:24 | qs.system    | INFO  | Execution attempt symbol=ETH/USDT signal=LONG mode=paper size=1896.26
2026-03-12 15:01:24 | qs.order     | INFO  | PAPER_FILL ETH/USDT LONG size=$1896.26 price=2068.70 | {"slippage_bps": 2.0, "grade": "C"}
2026-03-12 15:01:24 | qs.system    | INFO  | ENTRY ETH/USDT LONG q=0.686 gate=MEAN_REVERTING(0.45) RR=1.8 EV=3.8136 $1896
2026-03-12 15:01:37 | qs.system    | ERROR | /api/state failed: Out of range float values are not JSON compliant: inf
2026-03-12 15:01:42 | qs.system    | INFO  | Starting bot mode=paper symbols=['BTC/USDT', 'ETH/USDT', 'SOL/USDT']
2026-03-12 15:01:42 | qs.data      | INFO  | Exchange initialized for BTC/USDT
2026-03-12 15:01:42 | qs.data      | INFO  | Exchange initialized for ETH/USDT
2026-03-12 15:01:42 | qs.data      | INFO  | Exchange initialized for SOL/USDT
2026-03-12 15:01:42 | qs.graveyard | INFO  | Loaded 0 tombstones from graveyard
2026-03-12 15:01:42 | qs.data      | INFO  | Exchange initialized for BTC/USDT
2026-03-12 15:01:42 | qs.data      | INFO  | Exchange initialized for ETH/USDT
2026-03-12 15:01:42 | qs.data      | INFO  | Exchange initialized for SOL/USDT
2026-03-12 15:01:47 | qs.ml        | INFO  | Computing features for training...
2026-03-12 15:01:47 | qs.ml        | INFO  | Trained: val_accuracy=51.0% samples=387 top_features=['bb_width_z', 'hour_cos', 'ema50_slope']
2026-03-12 15:01:54 | qs.system    | INFO  | Cycle 12/100
2026-03-12 15:01:54 | qs.volatility | INFO  | Top 3 volatile: SOL/USDT(0.099%), BTC/USDT(0.083%), ETH/USDT(0.090%)
2026-03-12 15:01:58 | qs.volatility | INFO  | Top 3 volatile: SOL/USDT(0.103%), BTC/USDT(0.086%), ETH/USDT(0.092%)
2026-03-12 15:02:08 | qs.exploit_gate | INFO  | Gate OPEN | type=TRENDING conf=0.57 | H=0.773(TRENDING) S=0.646 AC=0.132(TRENDING) VR=0.998(NONE) | pass_rate=100.0%
2026-03-12 15:02:09 | qs.signal    | INFO  | REJECT SOL/USDT LONG grade=D score=0.6 quality=0.621 | {"breakdown": {"technical": 0.799, "ml_confidence": 0.5, "order_flow": 0.531, "volatility": 0.7}}
2026-03-12 15:02:09 | qs.asym_risk | INFO  | LONG entry=86.72 | SL=86.55(0.20%) TP=87.03 | RR=1.8 EV=0.1559 ✓ +EV
2026-03-12 15:02:09 | qs.risk      | INFO  | Kelly sizing: p=0.68 rr=1.8 kelly_f=0.4994 risk%=0.0500 quality=0.68 size=$1900
2026-03-12 15:02:09 | qs.system    | INFO  | Execution attempt symbol=SOL/USDT signal=LONG mode=paper size=1900.00
2026-03-12 15:02:09 | qs.order     | INFO  | PAPER_FILL SOL/USDT LONG size=$1900.00 price=86.74 | {"slippage_bps": 2.0, "grade": "C"}
2026-03-12 15:02:09 | qs.system    | INFO  | ENTRY SOL/USDT LONG q=0.678 gate=TRENDING(0.57) RR=1.8 EV=0.1559 $1900
2026-03-12 15:02:25 | qs.system    | INFO  | Cycle 13/100
2026-03-12 15:02:25 | qs.volatility | INFO  | Top 3 volatile: SOL/USDT(0.099%), BTC/USDT(0.083%), ETH/USDT(0.090%)
2026-03-12 15:02:39 | qs.volatility | INFO  | Top 3 volatile: SOL/USDT(0.103%), BTC/USDT(0.086%), ETH/USDT(0.092%)
2026-03-12 15:02:41 | qs.exploit_gate | INFO  | Gate OPEN | type=TRENDING conf=0.57 | H=0.774(TRENDING) S=0.648 AC=0.131(TRENDING) VR=0.997(NONE) | pass_rate=100.0%
2026-03-12 15:02:41 | qs.exploit_gate | INFO  | Gate OPEN | type=TRENDING conf=0.57 | H=0.701(TRENDING) S=0.640 AC=0.089(TRENDING) VR=0.868(MEAN_REVERTING) | pass_rate=100.0%
2026-03-12 15:02:41 | qs.exploit_gate | INFO  | Gate OPEN | type=MEAN_REVERTING conf=0.45 | H=0.705(TRENDING) S=0.702 AC=-0.018(NONE) VR=0.841(MEAN_REVERTING) | pass_rate=100.0%
2026-03-12 15:02:42 | qs.signal    | INFO  | ACCEPT ETH/USDT LONG grade=C score=0.7 quality=0.664 | {"breakdown": {"technical": 0.865, "ml_confidence": 0.5, "order_flow": 0.815, "volatility": 0.55}}
2026-03-12 15:02:42 | qs.asym_risk | INFO  | LONG entry=2067.09 | SL=2062.96(0.20%) TP=2074.53 | RR=1.8 EV=4.0765 ✓ +EV
2026-03-12 15:02:42 | qs.risk      | INFO  | Kelly sizing: p=0.71 rr=1.8 kelly_f=0.5478 risk%=0.0500 quality=0.71 size=$1886
2026-03-12 15:02:42 | qs.system    | INFO  | Execution attempt symbol=ETH/USDT signal=LONG mode=paper size=1885.99
2026-03-12 15:02:42 | qs.risk      | WARNING | TRADE_REJECTED | {"symbol": "ETH/USDT", "side": "LONG", "size_usd": 1885.99, "reasons": ["asset_exposure 95.0% > 95%"]}
2026-03-12 15:02:42 | qs.order     | INFO  | RISK_REJECT ETH/USDT LONG size=$1885.99 price=2067.09 | {"reason": "asset_exposure 95.0% > 95%"}
2026-03-12 15:02:57 | qs.system    | INFO  | Cycle 14/100
2026-03-12 15:02:57 | qs.volatility | INFO  | Top 3 volatile: SOL/USDT(0.099%), BTC/USDT(0.083%), ETH/USDT(0.090%)
2026-03-12 15:03:12 | qs.volatility | INFO  | Top 3 volatile: SOL/USDT(0.103%), BTC/USDT(0.086%), ETH/USDT(0.092%)
2026-03-12 15:03:13 | qs.exploit_gate | INFO  | Gate OPEN | type=TRENDING conf=0.57 | H=0.803(TRENDING) S=0.646 AC=0.135(TRENDING) VR=1.000(NONE) | pass_rate=100.0%
2026-03-12 15:03:14 | qs.signal    | INFO  | REJECT SOL/USDT LONG grade=D score=0.6 quality=0.645 | {"breakdown": {"technical": 0.924, "ml_confidence": 0.5, "order_flow": 0.497, "volatility": 0.7}}
2026-03-12 15:03:14 | qs.asym_risk | INFO  | LONG entry=86.74 | SL=86.57(0.20%) TP=87.05 | RR=1.8 EV=0.1679 ✓ +EV
2026-03-12 15:03:14 | qs.risk      | INFO  | Kelly sizing: p=0.70 rr=1.8 kelly_f=0.5375 risk%=0.0500 quality=0.70 size=$1901
2026-03-12 15:03:14 | qs.system    | INFO  | Execution attempt symbol=SOL/USDT signal=LONG mode=paper size=1900.55
2026-03-12 15:03:14 | qs.risk      | WARNING | TRADE_REJECTED | {"symbol": "SOL/USDT", "side": "LONG", "size_usd": 1900.55, "reasons": ["already_exposed_to_SOL/USDT"]}
2026-03-12 15:03:14 | qs.order     | INFO  | RISK_REJECT SOL/USDT LONG size=$1900.55 price=86.74 | {"reason": "already_exposed_to_SOL/USDT"}
2026-03-12 15:03:14 | qs.exploit_gate | INFO  | Gate OPEN | type=TRENDING conf=0.57 | H=0.704(TRENDING) S=0.638 AC=0.089(TRENDING) VR=0.870(MEAN_REVERTING) | pass_rate=100.0%
2026-03-12 15:03:15 | qs.signal    | INFO  | REJECT BTC/USDT LONG grade=D score=0.6 quality=0.560 | {"breakdown": {"technical": 0.805, "ml_confidence": 0.5, "order_flow": 0.27, "volatility": 0.65}}
2026-03-12 15:03:15 | qs.exploit_gate | INFO  | Gate OPEN | type=MEAN_REVERTING conf=0.45 | H=0.715(TRENDING) S=0.700 AC=-0.021(NONE) VR=0.844(MEAN_REVERTING) | pass_rate=100.0%
2026-03-12 15:03:15 | qs.signal    | INFO  | REJECT ETH/USDT LONG grade=D score=0.5 quality=0.516 | {"breakdown": {"technical": 0.865, "ml_confidence": 0.5, "order_flow": 0.076, "volatility": 0.55}}
2026-03-12 15:03:25 | qs.system    | ERROR | /api/state failed: Out of range float values are not JSON compliant: inf
2026-03-12 15:03:29 | qs.system    | INFO  | Cycle 15/100
2026-03-12 15:03:29 | qs.volatility | INFO  | Top 3 volatile: SOL/USDT(0.099%), BTC/USDT(0.083%), ETH/USDT(0.090%)
2026-03-12 15:04:01 | qs.system    | INFO  | Cycle 16/100
2026-03-12 15:04:02 | qs.volatility | INFO  | Top 3 volatile: BTC/USDT(0.087%), SOL/USDT(0.099%), ETH/USDT(0.093%)
2026-03-12 15:04:33 | qs.system    | INFO  | Cycle 17/100
2026-03-12 15:04:33 | qs.volatility | INFO  | Top 3 volatile: BTC/USDT(0.087%), SOL/USDT(0.099%), ETH/USDT(0.093%)
2026-03-12 15:05:04 | qs.system    | INFO  | Cycle 18/100
2026-03-12 15:05:04 | qs.volatility | INFO  | Top 3 volatile: BTC/USDT(0.087%), SOL/USDT(0.099%), ETH/USDT(0.093%)
2026-03-12 15:05:06 | qs.system    | INFO  | Starting bot mode=paper symbols=['BTC/USDT', 'ETH/USDT', 'SOL/USDT']
2026-03-12 15:05:07 | qs.data      | INFO  | Exchange initialized for BTC/USDT
2026-03-12 15:05:07 | qs.data      | INFO  | Exchange initialized for ETH/USDT
2026-03-12 15:05:07 | qs.data      | INFO  | Exchange initialized for SOL/USDT
2026-03-12 15:05:07 | qs.graveyard | INFO  | Loaded 0 tombstones from graveyard
2026-03-12 15:05:07 | qs.data      | INFO  | Exchange initialized for BTC/USDT
2026-03-12 15:05:07 | qs.data      | INFO  | Exchange initialized for ETH/USDT
2026-03-12 15:05:07 | qs.data      | INFO  | Exchange initialized for SOL/USDT
2026-03-12 15:05:13 | qs.ml        | INFO  | Computing features for training...
2026-03-12 15:05:13 | qs.ml        | INFO  | Trained: val_accuracy=53.1% samples=387 top_features=['bb_width_z', 'hour_cos', 'ema50_slope']
2026-03-12 15:05:22 | qs.volatility | INFO  | Top 3 volatile: SOL/USDT(0.105%), BTC/USDT(0.087%), ETH/USDT(0.089%)
2026-03-12 15:05:28 | qs.exploit_gate | INFO  | Gate OPEN | type=TRENDING conf=0.57 | H=0.796(TRENDING) S=0.653 AC=0.134(TRENDING) VR=0.994(NONE) | pass_rate=100.0%
2026-03-12 15:05:28 | qs.exploit_gate | INFO  | Gate OPEN | type=TRENDING conf=0.57 | H=0.723(TRENDING) S=0.640 AC=0.089(TRENDING) VR=0.855(MEAN_REVERTING) | pass_rate=100.0%
2026-03-12 15:05:28 | qs.exploit_gate | INFO  | Gate OPEN | type=MEAN_REVERTING conf=0.45 | H=0.730(TRENDING) S=0.695 AC=-0.025(NONE) VR=0.833(MEAN_REVERTING) | pass_rate=100.0%
2026-03-12 15:05:28 | qs.signal    | INFO  | REJECT ETH/USDT LONG grade=D score=0.5 quality=0.513 | {"breakdown": {"technical": 0.865, "ml_confidence": 0.362, "order_flow": 0.302, "volatility": 0.55}}
2026-03-12 15:05:36 | qs.system    | INFO  | Cycle 19/100
2026-03-12 15:05:36 | qs.volatility | INFO  | Top 3 volatile: BTC/USDT(0.087%), SOL/USDT(0.099%), ETH/USDT(0.093%)
2026-03-12 15:05:58 | qs.volatility | INFO  | Top 3 volatile: SOL/USDT(0.105%), BTC/USDT(0.087%), ETH/USDT(0.089%)
2026-03-12 15:06:00 | qs.exploit_gate | INFO  | Gate OPEN | type=TRENDING conf=0.57 | H=0.796(TRENDING) S=0.653 AC=0.134(TRENDING) VR=0.992(NONE) | pass_rate=100.0%
2026-03-12 15:06:00 | qs.exploit_gate | INFO  | Gate OPEN | type=TRENDING conf=0.57 | H=0.722(TRENDING) S=0.647 AC=0.087(TRENDING) VR=0.840(MEAN_REVERTING) | pass_rate=100.0%
2026-03-12 15:06:00 | qs.exploit_gate | INFO  | Gate OPEN | type=MEAN_REVERTING conf=0.45 | H=0.729(TRENDING) S=0.701 AC=-0.025(NONE) VR=0.827(MEAN_REVERTING) | pass_rate=100.0%
2026-03-12 15:06:01 | qs.signal    | INFO  | REJECT ETH/USDT LONG grade=D score=0.6 quality=0.592 | {"breakdown": {"technical": 0.865, "ml_confidence": 0.703, "order_flow": 0.098, "volatility": 0.55}}
2026-03-12 15:06:08 | qs.system    | INFO  | Cycle 20/100
2026-03-12 15:06:08 | qs.volatility | INFO  | Top 3 volatile: BTC/USDT(0.087%), SOL/USDT(0.099%), ETH/USDT(0.093%)
2026-03-12 15:06:31 | qs.volatility | INFO  | Top 3 volatile: SOL/USDT(0.105%), BTC/USDT(0.087%), ETH/USDT(0.089%)
2026-03-12 15:06:32 | qs.exploit_gate | INFO  | Gate OPEN | type=TRENDING conf=0.57 | H=0.808(TRENDING) S=0.646 AC=0.138(TRENDING) VR=1.002(NONE) | pass_rate=100.0%
2026-03-12 15:06:34 | qs.signal    | INFO  | REJECT SOL/USDT LONG grade=D score=0.5 quality=0.533 | {"breakdown": {"technical": 0.799, "ml_confidence": 0.3, "order_flow": 0.44, "volatility": 0.7}}
2026-03-12 15:06:34 | qs.exploit_gate | INFO  | Gate OPEN | type=TRENDING conf=0.57 | H=0.705(TRENDING) S=0.647 AC=0.082(TRENDING) VR=0.836(MEAN_REVERTING) | pass_rate=100.0%
2026-03-12 15:06:34 | qs.exploit_gate | INFO  | Gate OPEN | type=MEAN_REVERTING conf=0.45 | H=0.722(TRENDING) S=0.692 AC=-0.016(NONE) VR=0.850(MEAN_REVERTING) | pass_rate=100.0%
2026-03-12 15:06:34 | qs.signal    | INFO  | REJECT ETH/USDT LONG grade=D score=0.6 quality=0.553 | {"breakdown": {"technical": 0.865, "ml_confidence": 0.396, "order_flow": 0.439, "volatility": 0.55}}
2026-03-12 15:06:39 | qs.system    | INFO  | Cycle 21/100
2026-03-12 15:06:43 | qs.volatility | INFO  | Top 3 volatile: SOL/USDT(0.104%), BTC/USDT(0.088%), ETH/USDT(0.090%)
2026-03-12 15:06:44 | qs.graveyard | INFO  | New tombstone buried | loss=$-1.56 | total=1
2026-03-12 15:06:44 | qs.exploit_gate | INFO  | Gate OPEN | type=TRENDING conf=0.57 | H=0.808(TRENDING) S=0.646 AC=0.138(TRENDING) VR=1.002(NONE) | pass_rate=100.0%
2026-03-12 15:06:44 | qs.signal    | INFO  | REJECT SOL/USDT LONG grade=D score=0.6 quality=0.615 | {"breakdown": {"technical": 0.799, "ml_confidence": 0.5, "order_flow": 0.499, "volatility": 0.7}}
2026-03-12 15:06:44 | qs.asym_risk | INFO  | LONG entry=86.72 | SL=86.55(0.20%) TP=87.03 | RR=1.8 EV=0.1528 ✓ +EV
2026-03-12 15:06:44 | qs.risk      | INFO  | Kelly sizing: p=0.67 rr=1.8 kelly_f=0.4895 risk%=0.0500 quality=0.67 size=$1882
2026-03-12 15:06:44 | qs.system    | INFO  | Execution attempt symbol=SOL/USDT signal=LONG mode=paper size=1881.62
2026-03-12 15:06:44 | qs.risk      | WARNING | TRADE_REJECTED | {"symbol": "SOL/USDT", "side": "LONG", "size_usd": 1881.62, "reasons": ["already_exposed_to_SOL/USDT", "asset_exposure 95.0% > 95%"]}
2026-03-12 15:06:44 | qs.order     | INFO  | RISK_REJECT SOL/USDT LONG size=$1881.62 price=86.72 | {"reason": "already_exposed_to_SOL/USDT; asset_exposure 95.0% > 95%"}
2026-03-12 15:06:44 | qs.exploit_gate | INFO  | Gate OPEN | type=TRENDING conf=0.57 | H=0.705(TRENDING) S=0.647 AC=0.090(TRENDING) VR=0.839(MEAN_REVERTING) | pass_rate=100.0%
2026-03-12 15:06:44 | qs.exploit_gate | INFO  | Gate OPEN | type=MEAN_REVERTING conf=0.45 | H=0.722(TRENDING) S=0.692 AC=-0.018(NONE) VR=0.850(MEAN_REVERTING) | pass_rate=100.0%
2026-03-12 15:06:44 | qs.graveyard | WARNING | BLOCKED by tombstone | similarity=0.89 | pattern_losses=1 | total_lost=$-1.56
2026-03-12 15:06:44 | qs.scalper   | INFO  | GRAVEYARD blocked ETH/USDT LONG (sim=0.89)
2026-03-12 15:07:04 | qs.volatility | INFO  | Top 3 volatile: SOL/USDT(0.105%), BTC/USDT(0.087%), ETH/USDT(0.089%)
2026-03-12 15:07:06 | qs.exploit_gate | INFO  | Gate OPEN | type=TRENDING conf=0.57 | H=0.809(TRENDING) S=0.643 AC=0.146(TRENDING) VR=1.006(NONE) | pass_rate=100.0%
2026-03-12 15:07:07 | qs.signal    | INFO  | REJECT SOL/USDT LONG grade=D score=0.6 quality=0.593 | {"breakdown": {"technical": 0.924, "ml_confidence": 0.294, "order_flow": 0.597, "volatility": 0.7}}
2026-03-12 15:07:07 | qs.asym_risk | INFO  | LONG entry=86.72 | SL=86.55(0.20%) TP=87.03 | RR=1.8 EV=0.1426 ✓ +EV
2026-03-12 15:07:07 | qs.risk      | INFO  | Kelly sizing: p=0.65 rr=1.8 kelly_f=0.4566 risk%=0.0500 quality=0.65 size=$1900
2026-03-12 15:07:07 | qs.system    | INFO  | Execution attempt symbol=SOL/USDT signal=LONG mode=paper size=1900.00
2026-03-12 15:07:07 | qs.order     | INFO  | PAPER_FILL SOL/USDT LONG size=$1900.00 price=86.74 | {"slippage_bps": 2.0, "grade": "C"}
2026-03-12 15:07:07 | qs.system    | INFO  | ENTRY SOL/USDT LONG q=0.651 gate=TRENDING(0.57) RR=1.8 EV=0.1426 $1900
2026-03-12 15:07:14 | qs.system    | INFO  | Cycle 22/100
2026-03-12 15:07:14 | qs.volatility | INFO  | Top 3 volatile: SOL/USDT(0.104%), BTC/USDT(0.088%), ETH/USDT(0.090%)
2026-03-12 15:07:16 | qs.exploit_gate | INFO  | Gate OPEN | type=TRENDING conf=0.57 | H=0.809(TRENDING) S=0.643 AC=0.145(TRENDING) VR=1.003(NONE) | pass_rate=100.0%
2026-03-12 15:07:17 | qs.signal    | INFO  | ACCEPT SOL/USDT LONG grade=C score=0.7 quality=0.655 | {"breakdown": {"technical": 0.924, "ml_confidence": 0.5, "order_flow": 0.544, "volatility": 0.7}}
2026-03-12 15:07:17 | qs.asym_risk | INFO  | LONG entry=86.74 | SL=86.57(0.20%) TP=87.05 | RR=1.8 EV=0.1725 ✓ +EV
2026-03-12 15:07:17 | qs.risk      | INFO  | Kelly sizing: p=0.71 rr=1.8 kelly_f=0.5525 risk%=0.0500 quality=0.71 size=$1886
2026-03-12 15:07:17 | qs.system    | INFO  | Execution attempt symbol=SOL/USDT signal=LONG mode=paper size=1885.76
2026-03-12 15:07:17 | qs.risk      | WARNING | TRADE_REJECTED | {"symbol": "SOL/USDT", "side": "LONG", "size_usd": 1885.76, "reasons": ["already_exposed_to_SOL/USDT"]}
2026-03-12 15:07:17 | qs.order     | INFO  | RISK_REJECT SOL/USDT LONG size=$1885.76 price=86.74 | {"reason": "already_exposed_to_SOL/USDT"}
2026-03-12 15:07:17 | qs.exploit_gate | INFO  | Gate OPEN | type=TRENDING conf=0.57 | H=0.716(TRENDING) S=0.644 AC=0.100(TRENDING) VR=0.838(MEAN_REVERTING) | pass_rate=100.0%
2026-03-12 15:07:17 | qs.exploit_gate | INFO  | Gate OPEN | type=MEAN_REVERTING conf=0.45 | H=0.717(TRENDING) S=0.688 AC=-0.013(NONE) VR=0.854(MEAN_REVERTING) | pass_rate=100.0%
2026-03-12 15:07:17 | qs.graveyard | WARNING | BLOCKED by tombstone | similarity=0.81 | pattern_losses=1 | total_lost=$-1.56
2026-03-12 15:07:17 | qs.scalper   | INFO  | GRAVEYARD blocked ETH/USDT LONG (sim=0.81)
2026-03-12 15:07:37 | qs.volatility | INFO  | Top 3 volatile: SOL/USDT(0.105%), BTC/USDT(0.087%), ETH/USDT(0.089%)
2026-03-12 15:07:39 | qs.exploit_gate | INFO  | Gate OPEN | type=TRENDING conf=0.57 | H=0.809(TRENDING) S=0.646 AC=0.144(TRENDING) VR=1.001(NONE) | pass_rate=100.0%
2026-03-12 15:07:40 | qs.signal    | INFO  | REJECT SOL/USDT LONG grade=D score=0.6 quality=0.581 | {"breakdown": {"technical": 0.924, "ml_confidence": 0.3, "order_flow": 0.525, "volatility": 0.7}}
2026-03-12 15:07:40 | qs.exploit_gate | INFO  | Gate OPEN | type=TRENDING conf=0.57 | H=0.716(TRENDING) S=0.644 AC=0.100(TRENDING) VR=0.836(MEAN_REVERTING) | pass_rate=100.0%
2026-03-12 15:07:40 | qs.signal    | INFO  | REJECT BTC/USDT LONG grade=D score=0.6 quality=0.614 | {"breakdown": {"technical": 0.865, "ml_confidence": 0.316, "order_flow": 0.885, "volatility": 0.55}}
2026-03-12 15:07:40 | qs.asym_risk | INFO  | LONG entry=70370.60 | SL=70229.86(0.20%) TP=70623.93 | RR=1.8 EV=123.8410 ✓ +EV
2026-03-12 15:07:40 | qs.risk      | INFO  | Kelly sizing: p=0.67 rr=1.8 kelly_f=0.4888 risk%=0.0500 quality=0.67 size=$1903
2026-03-12 15:07:40 | qs.system    | INFO  | Execution attempt symbol=BTC/USDT signal=LONG mode=paper size=1902.63
2026-03-12 15:07:40 | qs.order     | INFO  | PAPER_FILL BTC/USDT LONG size=$1902.63 price=70384.67 | {"slippage_bps": 2.0, "grade": "C"}
2026-03-12 15:07:40 | qs.system    | INFO  | ENTRY BTC/USDT LONG q=0.671 gate=TRENDING(0.57) RR=1.8 EV=123.8410 $1903
2026-03-12 15:07:47 | qs.system    | INFO  | Cycle 23/100
2026-03-12 15:07:47 | qs.volatility | INFO  | Top 3 volatile: SOL/USDT(0.104%), BTC/USDT(0.088%), ETH/USDT(0.090%)
2026-03-12 15:07:49 | qs.exploit_gate | INFO  | Gate OPEN | type=TRENDING conf=0.57 | H=0.809(TRENDING) S=0.646 AC=0.143(TRENDING) VR=0.997(NONE) | pass_rate=100.0%
2026-03-12 15:07:49 | qs.signal    | INFO  | REJECT SOL/USDT LONG grade=D score=0.6 quality=0.635 | {"breakdown": {"technical": 0.924, "ml_confidence": 0.5, "order_flow": 0.446, "volatility": 0.7}}
2026-03-12 15:07:49 | qs.asym_risk | INFO  | LONG entry=86.77 | SL=86.60(0.20%) TP=87.08 | RR=1.8 EV=0.1630 ✓ +EV
2026-03-12 15:07:49 | qs.risk      | INFO  | Kelly sizing: p=0.69 rr=1.8 kelly_f=0.5217 risk%=0.0500 quality=0.69 size=$1892
2026-03-12 15:07:49 | qs.system    | INFO  | Execution attempt symbol=SOL/USDT signal=LONG mode=paper size=1891.99
2026-03-12 15:07:49 | qs.risk      | WARNING | TRADE_REJECTED | {"symbol": "SOL/USDT", "side": "LONG", "size_usd": 1891.99, "reasons": ["already_exposed_to_SOL/USDT", "asset_exposure 95.0% > 95%"]}
2026-03-12 15:07:49 | qs.order     | INFO  | RISK_REJECT SOL/USDT LONG size=$1891.99 price=86.77 | {"reason": "already_exposed_to_SOL/USDT; asset_exposure 95.0% > 95%"}
2026-03-12 15:07:49 | qs.exploit_gate | INFO  | Gate OPEN | type=TRENDING conf=0.57 | H=0.716(TRENDING) S=0.647 AC=0.099(TRENDING) VR=0.834(MEAN_REVERTING) | pass_rate=100.0%
2026-03-12 15:07:49 | qs.graveyard | WARNING | BLOCKED by tombstone | similarity=0.79 | pattern_losses=1 | total_lost=$-1.56
2026-03-12 15:07:49 | qs.scalper   | INFO  | GRAVEYARD blocked BTC/USDT LONG (sim=0.79)
2026-03-12 15:07:49 | qs.exploit_gate | INFO  | Gate OPEN | type=MEAN_REVERTING conf=0.45 | H=0.717(TRENDING) S=0.692 AC=-0.013(NONE) VR=0.852(MEAN_REVERTING) | pass_rate=100.0%
2026-03-12 15:07:49 | qs.graveyard | WARNING | BLOCKED by tombstone | similarity=0.78 | pattern_losses=1 | total_lost=$-1.56
2026-03-12 15:07:49 | qs.scalper   | INFO  | GRAVEYARD blocked ETH/USDT LONG (sim=0.78)
2026-03-12 15:08:11 | qs.volatility | INFO  | Top 3 volatile: SOL/USDT(0.101%), BTC/USDT(0.082%), ETH/USDT(0.083%)
2026-03-12 15:08:19 | qs.system    | INFO  | Cycle 24/100
2026-03-12 15:08:19 | qs.volatility | INFO  | Top 3 volatile: SOL/USDT(0.104%), BTC/USDT(0.088%), ETH/USDT(0.090%)
2026-03-12 15:08:21 | qs.exploit_gate | INFO  | Gate OPEN | type=TRENDING conf=0.57 | H=0.797(TRENDING) S=0.641 AC=0.146(TRENDING) VR=1.012(NONE) | pass_rate=100.0%
2026-03-12 15:08:21 | qs.exploit_gate | INFO  | Gate OPEN | type=TRENDING conf=0.58 | H=0.716(TRENDING) S=0.635 AC=0.114(TRENDING) VR=0.865(MEAN_REVERTING) | pass_rate=100.0%
2026-03-12 15:08:21 | qs.exploit_gate | INFO  | Gate OPEN | type=MEAN_REVERTING conf=0.45 | H=0.713(TRENDING) S=0.688 AC=-0.015(NONE) VR=0.858(MEAN_REVERTING) | pass_rate=100.0%
2026-03-12 15:08:21 | qs.graveyard | WARNING | BLOCKED by tombstone | similarity=0.95 | pattern_losses=1 | total_lost=$-1.56
2026-03-12 15:08:21 | qs.scalper   | INFO  | GRAVEYARD blocked ETH/USDT LONG (sim=0.95)
2026-03-12 15:08:43 | qs.volatility | INFO  | Top 3 volatile: SOL/USDT(0.101%), BTC/USDT(0.082%), ETH/USDT(0.083%)
2026-03-12 15:08:51 | qs.system    | INFO  | Cycle 25/100
2026-03-12 15:08:51 | qs.volatility | INFO  | Top 3 volatile: SOL/USDT(0.104%), BTC/USDT(0.088%), ETH/USDT(0.090%)
2026-03-12 15:08:54 | qs.exploit_gate | INFO  | Gate OPEN | type=TRENDING conf=0.57 | H=0.797(TRENDING) S=0.643 AC=0.147(TRENDING) VR=1.000(NONE) | pass_rate=100.0%
2026-03-12 15:08:54 | qs.signal    | INFO  | ACCEPT SOL/USDT LONG grade=C score=0.7 quality=0.654 | {"breakdown": {"technical": 0.924, "ml_confidence": 0.5, "order_flow": 0.543, "volatility": 0.7}}
2026-03-12 15:08:54 | qs.asym_risk | INFO  | LONG entry=86.79 | SL=86.62(0.20%) TP=87.10 | RR=1.8 EV=0.1724 ✓ +EV
2026-03-12 15:08:54 | qs.risk      | INFO  | Kelly sizing: p=0.71 rr=1.8 kelly_f=0.5518 risk%=0.0500 quality=0.71 size=$1896
2026-03-12 15:08:54 | qs.system    | INFO  | Execution attempt symbol=SOL/USDT signal=LONG mode=paper size=1896.13
2026-03-12 15:08:54 | qs.risk      | WARNING | TRADE_REJECTED | {"symbol": "SOL/USDT", "side": "LONG", "size_usd": 1896.13, "reasons": ["already_exposed_to_SOL/USDT"]}
2026-03-12 15:08:54 | qs.order     | INFO  | RISK_REJECT SOL/USDT LONG size=$1896.13 price=86.79 | {"reason": "already_exposed_to_SOL/USDT"}
2026-03-12 15:08:54 | qs.exploit_gate | INFO  | Gate OPEN | type=TRENDING conf=0.57 | H=0.716(TRENDING) S=0.644 AC=0.110(TRENDING) VR=0.837(MEAN_REVERTING) | pass_rate=100.0%
2026-03-12 15:08:54 | qs.graveyard | WARNING | BLOCKED by tombstone | similarity=0.81 | pattern_losses=1 | total_lost=$-1.56
2026-03-12 15:08:54 | qs.scalper   | INFO  | GRAVEYARD blocked BTC/USDT LONG (sim=0.81)
2026-03-12 15:08:54 | qs.exploit_gate | INFO  | Gate OPEN | type=MEAN_REVERTING conf=0.45 | H=0.712(TRENDING) S=0.689 AC=-0.016(NONE) VR=0.854(MEAN_REVERTING) | pass_rate=100.0%
2026-03-12 15:08:54 | qs.graveyard | WARNING | BLOCKED by tombstone | similarity=0.80 | pattern_losses=1 | total_lost=$-1.56
2026-03-12 15:08:54 | qs.scalper   | INFO  | GRAVEYARD blocked ETH/USDT LONG (sim=0.80)
2026-03-12 15:09:14 | qs.volatility | INFO  | Top 3 volatile: SOL/USDT(0.101%), BTC/USDT(0.082%), ETH/USDT(0.083%)
2026-03-12 15:09:24 | qs.system    | INFO  | Cycle 26/100
2026-03-12 15:09:25 | qs.volatility | INFO  | Top 3 volatile: BTC/USDT(0.088%), ETH/USDT(0.089%), SOL/USDT(0.104%)
2026-03-12 15:09:27 | qs.exploit_gate | INFO  | Gate OPEN | type=TRENDING conf=0.57 | H=0.709(TRENDING) S=0.641 AC=0.101(TRENDING) VR=0.840(MEAN_REVERTING) | pass_rate=100.0%
2026-03-12 15:09:27 | qs.graveyard | WARNING | BLOCKED by tombstone | similarity=1.03 | pattern_losses=1 | total_lost=$-1.56
2026-03-12 15:09:27 | qs.scalper   | INFO  | GRAVEYARD blocked BTC/USDT LONG (sim=1.03)
2026-03-12 15:09:27 | qs.exploit_gate | INFO  | Gate OPEN | type=MEAN_REVERTING conf=0.45 | H=0.705(TRENDING) S=0.685 AC=-0.006(NONE) VR=0.852(MEAN_REVERTING) | pass_rate=100.0%
2026-03-12 15:09:27 | qs.exploit_gate | INFO  | Gate OPEN | type=TRENDING conf=0.57 | H=0.789(TRENDING) S=0.643 AC=0.149(TRENDING) VR=1.002(NONE) | pass_rate=100.0%
2026-03-12 15:09:27 | qs.signal    | INFO  | REJECT SOL/USDT LONG grade=D score=0.6 quality=0.613 | {"breakdown": {"technical": 0.799, "ml_confidence": 0.5, "order_flow": 0.49, "volatility": 0.7}}
2026-03-12 15:09:27 | qs.asym_risk | INFO  | LONG entry=86.81 | SL=86.63(0.21%) TP=87.13 | RR=1.8 EV=0.1561 ✓ +EV
2026-03-12 15:09:27 | qs.risk      | INFO  | Kelly sizing: p=0.67 rr=1.8 kelly_f=0.4868 risk%=0.0500 quality=0.67 size=$1900
2026-03-12 15:09:27 | qs.system    | INFO  | Execution attempt symbol=SOL/USDT signal=LONG mode=paper size=1900.28
2026-03-12 15:09:27 | qs.risk      | WARNING | TRADE_REJECTED | {"symbol": "SOL/USDT", "side": "LONG", "size_usd": 1900.28, "reasons": ["already_exposed_to_SOL/USDT"]}
2026-03-12 15:09:27 | qs.order     | INFO  | RISK_REJECT SOL/USDT LONG size=$1900.28 price=86.81 | {"reason": "already_exposed_to_SOL/USDT"}
2026-03-12 15:09:45 | qs.volatility | INFO  | Top 3 volatile: SOL/USDT(0.101%), BTC/USDT(0.082%), ETH/USDT(0.083%)
2026-03-12 15:09:57 | qs.system    | INFO  | Cycle 27/100
2026-03-12 15:09:57 | qs.volatility | INFO  | Top 3 volatile: BTC/USDT(0.088%), ETH/USDT(0.089%), SOL/USDT(0.104%)
2026-03-12 15:09:59 | qs.exploit_gate | INFO  | Gate OPEN | type=TRENDING conf=0.57 | H=0.709(TRENDING) S=0.641 AC=0.099(TRENDING) VR=0.841(MEAN_REVERTING) | pass_rate=100.0%
2026-03-12 15:09:59 | qs.graveyard | WARNING | BLOCKED by tombstone | similarity=1.00 | pattern_losses=1 | total_lost=$-1.56
2026-03-12 15:09:59 | qs.scalper   | INFO  | GRAVEYARD blocked BTC/USDT LONG (sim=1.00)
2026-03-12 15:09:59 | qs.exploit_gate | INFO  | Gate OPEN | type=MEAN_REVERTING conf=0.45 | H=0.705(TRENDING) S=0.685 AC=-0.009(NONE) VR=0.853(MEAN_REVERTING) | pass_rate=100.0%
2026-03-12 15:09:59 | qs.exploit_gate | INFO  | Gate OPEN | type=TRENDING conf=0.57 | H=0.789(TRENDING) S=0.643 AC=0.146(TRENDING) VR=1.003(NONE) | pass_rate=100.0%
2026-03-12 15:10:00 | qs.signal    | INFO  | REJECT SOL/USDT LONG grade=D score=0.6 quality=0.604 | {"breakdown": {"technical": 0.799, "ml_confidence": 0.5, "order_flow": 0.447, "volatility": 0.7}}
2026-03-12 15:10:00 | qs.asym_risk | INFO  | LONG entry=86.78 | SL=86.61(0.20%) TP=87.09 | RR=1.8 EV=0.1480 ✓ +EV
2026-03-12 15:10:00 | qs.risk      | INFO  | Kelly sizing: p=0.66 rr=1.8 kelly_f=0.4736 risk%=0.0500 quality=0.66 size=$1894
2026-03-12 15:10:00 | qs.system    | INFO  | Execution attempt symbol=SOL/USDT signal=LONG mode=paper size=1894.06
2026-03-12 15:10:00 | qs.risk      | WARNING | TRADE_REJECTED | {"symbol": "SOL/USDT", "side": "LONG", "size_usd": 1894.06, "reasons": ["already_exposed_to_SOL/USDT", "asset_exposure 95.0% > 95%"]}
2026-03-12 15:10:00 | qs.order     | INFO  | RISK_REJECT SOL/USDT LONG size=$1894.06 price=86.78 | {"reason": "already_exposed_to_SOL/USDT; asset_exposure 95.0% > 95%"}
2026-03-12 15:10:18 | qs.volatility | INFO  | Top 3 volatile: SOL/USDT(0.101%), BTC/USDT(0.082%), ETH/USDT(0.083%)
2026-03-12 15:10:30 | qs.system    | INFO  | Cycle 28/100
2026-03-12 15:10:30 | qs.volatility | INFO  | Top 3 volatile: BTC/USDT(0.088%), ETH/USDT(0.089%), SOL/USDT(0.104%)
2026-03-12 15:10:31 | qs.exploit_gate | INFO  | Gate OPEN | type=TRENDING conf=0.58 | H=0.717(TRENDING) S=0.631 AC=0.098(TRENDING) VR=0.861(MEAN_REVERTING) | pass_rate=100.0%
2026-03-12 15:10:31 | qs.graveyard | WARNING | BLOCKED by tombstone | similarity=1.02 | pattern_losses=1 | total_lost=$-1.56
2026-03-12 15:10:31 | qs.scalper   | INFO  | GRAVEYARD blocked BTC/USDT LONG (sim=1.02)
2026-03-12 15:10:31 | qs.exploit_gate | INFO  | Gate OPEN | type=MEAN_REVERTING conf=0.45 | H=0.712(TRENDING) S=0.676 AC=-0.007(NONE) VR=0.867(MEAN_REVERTING) | pass_rate=100.0%
2026-03-12 15:10:32 | qs.exploit_gate | INFO  | Gate OPEN | type=TRENDING conf=0.57 | H=0.780(TRENDING) S=0.646 AC=0.145(TRENDING) VR=1.000(NONE) | pass_rate=100.0%
2026-03-12 15:10:32 | qs.signal    | INFO  | REJECT SOL/USDT LONG grade=D score=0.6 quality=0.607 | {"breakdown": {"technical": 0.799, "ml_confidence": 0.5, "order_flow": 0.459, "volatility": 0.7}}
2026-03-12 15:10:32 | qs.asym_risk | INFO  | LONG entry=86.75 | SL=86.58(0.20%) TP=87.06 | RR=1.8 EV=0.1490 ✓ +EV
2026-03-12 15:10:32 | qs.risk      | INFO  | Kelly sizing: p=0.66 rr=1.8 kelly_f=0.4770 risk%=0.0500 quality=0.66 size=$1888
2026-03-12 15:10:32 | qs.system    | INFO  | Execution attempt symbol=SOL/USDT signal=LONG mode=paper size=1887.84
2026-03-12 15:10:32 | qs.risk      | WARNING | TRADE_REJECTED | {"symbol": "SOL/USDT", "side": "LONG", "size_usd": 1887.84, "reasons": ["asset_exposure 95.0% > 95%"]}
2026-03-12 15:10:32 | qs.order     | INFO  | RISK_REJECT SOL/USDT LONG size=$1887.84 price=86.75 | {"reason": "asset_exposure 95.0% > 95%"}
2026-03-12 15:10:51 | qs.volatility | INFO  | Top 3 volatile: BTC/USDT(0.086%), ETH/USDT(0.086%), SOL/USDT(0.100%)
2026-03-12 15:10:59 | qs.system    | INFO  | Starting bot mode=paper symbols=['BTC/USDT', 'ETH/USDT', 'SOL/USDT']
2026-03-12 15:10:59 | qs.data      | INFO  | Exchange initialized for BTC/USDT
2026-03-12 15:10:59 | qs.data      | INFO  | Exchange initialized for ETH/USDT
2026-03-12 15:10:59 | qs.data      | INFO  | Exchange initialized for SOL/USDT
2026-03-12 15:10:59 | qs.graveyard | INFO  | Loaded 1 tombstones from graveyard
2026-03-12 15:10:59 | qs.data      | INFO  | Exchange initialized for BTC/USDT
2026-03-12 15:10:59 | qs.data      | INFO  | Exchange initialized for ETH/USDT
2026-03-12 15:10:59 | qs.data      | INFO  | Exchange initialized for SOL/USDT
2026-03-12 15:11:02 | qs.system    | INFO  | Cycle 29/100
2026-03-12 15:11:02 | qs.volatility | INFO  | Top 3 volatile: BTC/USDT(0.088%), ETH/USDT(0.089%), SOL/USDT(0.104%)
2026-03-12 15:11:02 | qs.ml        | INFO  | Computing features for training...
2026-03-12 15:11:03 | qs.ml        | INFO  | Trained: val_accuracy=52.1% samples=384 top_features=['bb_width_z', 'hour_cos', 'ema50_slope']
2026-03-12 15:11:03 | qs.exploit_gate | INFO  | Gate OPEN | type=TRENDING conf=0.58 | H=0.723(TRENDING) S=0.631 AC=0.100(TRENDING) VR=0.867(MEAN_REVERTING) | pass_rate=100.0%
2026-03-12 15:11:03 | qs.graveyard | WARNING | BLOCKED by tombstone | similarity=0.87 | pattern_losses=1 | total_lost=$-1.56
2026-03-12 15:11:03 | qs.scalper   | INFO  | GRAVEYARD blocked BTC/USDT LONG (sim=0.87)
2026-03-12 15:11:03 | qs.exploit_gate | INFO  | Gate OPEN | type=MEAN_REVERTING conf=0.45 | H=0.709(TRENDING) S=0.676 AC=-0.010(NONE) VR=0.864(MEAN_REVERTING) | pass_rate=100.0%
2026-03-12 15:11:03 | qs.exploit_gate | INFO  | Gate OPEN | type=TRENDING conf=0.57 | H=0.780(TRENDING) S=0.643 AC=0.145(TRENDING) VR=1.003(NONE) | pass_rate=100.0%
2026-03-12 15:11:03 | qs.signal    | INFO  | REJECT SOL/USDT LONG grade=D score=0.6 quality=0.631 | {"breakdown": {"technical": 0.799, "ml_confidence": 0.5, "order_flow": 0.582, "volatility": 0.7}}
2026-03-12 15:11:03 | qs.asym_risk | INFO  | LONG entry=86.78 | SL=86.61(0.20%) TP=87.09 | RR=1.8 EV=0.1611 ✓ +EV
2026-03-12 15:11:03 | qs.risk      | INFO  | Kelly sizing: p=0.69 rr=1.8 kelly_f=0.5156 risk%=0.0500 quality=0.69 size=$1888
2026-03-12 15:11:03 | qs.system    | INFO  | Execution attempt symbol=SOL/USDT signal=LONG mode=paper size=1887.84
2026-03-12 15:11:03 | qs.risk      | WARNING | TRADE_REJECTED | {"symbol": "SOL/USDT", "side": "LONG", "size_usd": 1887.84, "reasons": ["asset_exposure 95.0% > 95%"]}
2026-03-12 15:11:03 | qs.order     | INFO  | RISK_REJECT SOL/USDT LONG size=$1887.84 price=86.78 | {"reason": "asset_exposure 95.0% > 95%"}
2026-03-12 15:11:12 | qs.volatility | INFO  | Top 3 volatile: BTC/USDT(0.082%), ETH/USDT(0.082%), SOL/USDT(0.100%)
2026-03-12 15:11:21 | qs.exploit_gate | INFO  | Gate OPEN | type=TRENDING conf=0.58 | H=0.724(TRENDING) S=0.635 AC=0.101(TRENDING) VR=0.867(MEAN_REVERTING) | pass_rate=100.0%
2026-03-12 15:11:21 | qs.graveyard | WARNING | BLOCKED by tombstone | similarity=0.95 | pattern_losses=1 | total_lost=$-1.56
2026-03-12 15:11:21 | qs.scalper   | INFO  | GRAVEYARD blocked BTC/USDT LONG (sim=0.95)
2026-03-12 15:11:21 | qs.exploit_gate | INFO  | Gate OPEN | type=MEAN_REVERTING conf=0.45 | H=0.709(TRENDING) S=0.676 AC=-0.009(NONE) VR=0.864(MEAN_REVERTING) | pass_rate=100.0%
2026-03-12 15:11:21 | qs.exploit_gate | INFO  | Gate OPEN | type=TRENDING conf=0.57 | H=0.791(TRENDING) S=0.646 AC=0.147(TRENDING) VR=1.003(NONE) | pass_rate=100.0%
2026-03-12 15:11:21 | qs.signal    | INFO  | REJECT SOL/USDT LONG grade=D score=0.5 quality=0.546 | {"breakdown": {"technical": 0.799, "ml_confidence": 0.36, "order_flow": 0.402, "volatility": 0.7}}
2026-03-12 15:11:33 | qs.system    | INFO  | Cycle 30/100
2026-03-12 15:11:33 | qs.volatility | INFO  | Top 3 volatile: BTC/USDT(0.088%), ETH/USDT(0.089%), SOL/USDT(0.104%)
2026-03-12 15:11:35 | qs.exploit_gate | INFO  | Gate OPEN | type=TRENDING conf=0.58 | H=0.723(TRENDING) S=0.631 AC=0.098(TRENDING) VR=0.862(MEAN_REVERTING) | pass_rate=100.0%
2026-03-12 15:11:35 | qs.graveyard | WARNING | BLOCKED by tombstone | similarity=0.93 | pattern_losses=1 | total_lost=$-1.56
2026-03-12 15:11:35 | qs.scalper   | INFO  | GRAVEYARD blocked BTC/USDT LONG (sim=0.93)
2026-03-12 15:11:35 | qs.exploit_gate | INFO  | Gate OPEN | type=MEAN_REVERTING conf=0.45 | H=0.709(TRENDING) S=0.676 AC=-0.010(NONE) VR=0.863(MEAN_REVERTING) | pass_rate=100.0%
2026-03-12 15:11:35 | qs.exploit_gate | INFO  | Gate OPEN | type=TRENDING conf=0.57 | H=0.791(TRENDING) S=0.648 AC=0.149(TRENDING) VR=1.001(NONE) | pass_rate=100.0%
2026-03-12 15:11:36 | qs.signal    | INFO  | REJECT SOL/USDT LONG grade=D score=0.6 quality=0.598 | {"breakdown": {"technical": 0.799, "ml_confidence": 0.5, "order_flow": 0.414, "volatility": 0.7}}
2026-03-12 15:11:36 | qs.asym_risk | INFO  | LONG entry=86.76 | SL=86.59(0.20%) TP=87.07 | RR=1.8 EV=0.1446 ✓ +EV
2026-03-12 15:11:36 | qs.risk      | INFO  | Kelly sizing: p=0.65 rr=1.8 kelly_f=0.4630 risk%=0.0500 quality=0.65 size=$1888
2026-03-12 15:11:36 | qs.system    | INFO  | Execution attempt symbol=SOL/USDT signal=LONG mode=paper size=1887.84
2026-03-12 15:11:36 | qs.risk      | WARNING | TRADE_REJECTED | {"symbol": "SOL/USDT", "side": "LONG", "size_usd": 1887.84, "reasons": ["asset_exposure 95.0% > 95%"]}
2026-03-12 15:11:36 | qs.order     | INFO  | RISK_REJECT SOL/USDT LONG size=$1887.84 price=86.76 | {"reason": "asset_exposure 95.0% > 95%"}
2026-03-12 15:12:06 | qs.system    | INFO  | Cycle 31/100
2026-03-12 15:12:09 | qs.volatility | INFO  | Top 3 volatile: BTC/USDT(0.089%), ETH/USDT(0.082%), SOL/USDT(0.097%)
2026-03-12 15:12:11 | qs.exploit_gate | INFO  | Gate OPEN | type=TRENDING conf=0.58 | H=0.693(TRENDING) S=0.631 AC=0.095(TRENDING) VR=0.863(MEAN_REVERTING) | pass_rate=100.0%
2026-03-12 15:12:11 | qs.graveyard | WARNING | BLOCKED by tombstone | similarity=0.87 | pattern_losses=1 | total_lost=$-1.56
2026-03-12 15:12:11 | qs.scalper   | INFO  | GRAVEYARD blocked BTC/USDT LONG (sim=0.87)
2026-03-12 15:12:11 | qs.exploit_gate | INFO  | Gate OPEN | type=MEAN_REVERTING conf=0.45 | H=0.697(TRENDING) S=0.670 AC=-0.014(NONE) VR=0.868(MEAN_REVERTING) | pass_rate=100.0%
2026-03-12 15:12:11 | qs.graveyard | WARNING | BLOCKED by tombstone | similarity=0.87 | pattern_losses=1 | total_lost=$-1.56
2026-03-12 15:12:11 | qs.scalper   | INFO  | GRAVEYARD blocked ETH/USDT LONG (sim=0.87)
2026-03-12 15:12:11 | qs.exploit_gate | INFO  | Gate OPEN | type=TRENDING conf=0.57 | H=0.778(TRENDING) S=0.640 AC=0.146(TRENDING) VR=1.008(NONE) | pass_rate=100.0%
2026-03-12 15:12:12 | qs.signal    | INFO  | REJECT SOL/USDT LONG grade=D score=0.6 quality=0.600 | {"breakdown": {"technical": 0.799, "ml_confidence": 0.5, "order_flow": 0.427, "volatility": 0.7}}
2026-03-12 15:12:12 | qs.asym_risk | INFO  | LONG entry=86.79 | SL=86.62(0.20%) TP=87.10 | RR=1.8 EV=0.1460 ✓ +EV
2026-03-12 15:12:12 | qs.risk      | INFO  | Kelly sizing: p=0.66 rr=1.8 kelly_f=0.4674 risk%=0.0500 quality=0.66 size=$1888
2026-03-12 15:12:12 | qs.system    | INFO  | Execution attempt symbol=SOL/USDT signal=LONG mode=paper size=1887.84
2026-03-12 15:12:12 | qs.risk      | WARNING | TRADE_REJECTED | {"symbol": "SOL/USDT", "side": "LONG", "size_usd": 1887.84, "reasons": ["asset_exposure 95.0% > 95%"]}
2026-03-12 15:12:12 | qs.order     | INFO  | RISK_REJECT SOL/USDT LONG size=$1887.84 price=86.79 | {"reason": "asset_exposure 95.0% > 95%"}
2026-03-12 15:12:42 | qs.system    | INFO  | Cycle 32/100
2026-03-12 15:12:42 | qs.volatility | INFO  | Top 3 volatile: BTC/USDT(0.089%), ETH/USDT(0.082%), SOL/USDT(0.097%)
2026-03-12 15:12:43 | qs.exploit_gate | INFO  | Gate OPEN | type=TRENDING conf=0.58 | H=0.693(TRENDING) S=0.631 AC=0.095(TRENDING) VR=0.863(MEAN_REVERTING) | pass_rate=100.0%
2026-03-12 15:12:43 | qs.graveyard | WARNING | BLOCKED by tombstone | similarity=1.01 | pattern_losses=1 | total_lost=$-1.56
2026-03-12 15:12:43 | qs.scalper   | INFO  | GRAVEYARD blocked BTC/USDT LONG (sim=1.01)
2026-03-12 15:12:43 | qs.exploit_gate | INFO  | Gate OPEN | type=MEAN_REVERTING conf=0.45 | H=0.697(TRENDING) S=0.670 AC=-0.014(NONE) VR=0.868(MEAN_REVERTING) | pass_rate=100.0%
2026-03-12 15:12:43 | qs.graveyard | WARNING | BLOCKED by tombstone | similarity=0.97 | pattern_losses=1 | total_lost=$-1.56
2026-03-12 15:12:43 | qs.scalper   | INFO  | GRAVEYARD blocked ETH/USDT LONG (sim=0.97)
2026-03-12 15:12:43 | qs.exploit_gate | INFO  | Gate OPEN | type=TRENDING conf=0.57 | H=0.778(TRENDING) S=0.640 AC=0.147(TRENDING) VR=1.008(NONE) | pass_rate=100.0%
2026-03-12 15:12:44 | qs.signal    | INFO  | REJECT SOL/USDT LONG grade=D score=0.6 quality=0.585 | {"breakdown": {"technical": 0.799, "ml_confidence": 0.5, "order_flow": 0.353, "volatility": 0.7}}
2026-03-12 15:13:14 | qs.system    | INFO  | Cycle 33/100
2026-03-12 15:13:14 | qs.volatility | INFO  | Top 3 volatile: BTC/USDT(0.089%), ETH/USDT(0.082%), SOL/USDT(0.097%)
2026-03-12 15:13:16 | qs.exploit_gate | INFO  | Gate OPEN | type=TRENDING conf=0.58 | H=0.705(TRENDING) S=0.634 AC=0.104(TRENDING) VR=0.858(MEAN_REVERTING) | pass_rate=100.0%
2026-03-12 15:13:16 | qs.exploit_gate | INFO  | Gate OPEN | type=MEAN_REVERTING conf=0.45 | H=0.713(TRENDING) S=0.680 AC=-0.003(NONE) VR=0.868(MEAN_REVERTING) | pass_rate=100.0%
2026-03-12 15:13:16 | qs.graveyard | WARNING | BLOCKED by tombstone | similarity=0.91 | pattern_losses=1 | total_lost=$-1.56
2026-03-12 15:13:16 | qs.scalper   | INFO  | GRAVEYARD blocked ETH/USDT LONG (sim=0.91)
2026-03-12 15:13:16 | qs.exploit_gate | INFO  | Gate OPEN | type=TRENDING conf=0.57 | H=0.773(TRENDING) S=0.648 AC=0.152(TRENDING) VR=1.008(NONE) | pass_rate=100.0%
2026-03-12 15:13:46 | qs.system    | INFO  | Cycle 34/100
2026-03-12 15:13:46 | qs.volatility | INFO  | Top 3 volatile: BTC/USDT(0.089%), ETH/USDT(0.082%), SOL/USDT(0.097%)
2026-03-12 15:13:48 | qs.exploit_gate | INFO  | Gate OPEN | type=TRENDING conf=0.58 | H=0.705(TRENDING) S=0.634 AC=0.104(TRENDING) VR=0.858(MEAN_REVERTING) | pass_rate=100.0%
2026-03-12 15:13:48 | qs.exploit_gate | INFO  | Gate OPEN | type=MEAN_REVERTING conf=0.45 | H=0.712(TRENDING) S=0.684 AC=0.002(NONE) VR=0.870(MEAN_REVERTING) | pass_rate=100.0%
2026-03-12 15:13:48 | qs.exploit_gate | INFO  | Gate OPEN | type=TRENDING conf=0.57 | H=0.773(TRENDING) S=0.648 AC=0.155(TRENDING) VR=1.007(NONE) | pass_rate=100.0%
2026-03-12 15:14:18 | qs.system    | INFO  | Cycle 35/100
2026-03-12 15:14:18 | qs.volatility | INFO  | Top 3 volatile: BTC/USDT(0.089%), ETH/USDT(0.082%), SOL/USDT(0.097%)
2026-03-12 15:14:20 | qs.exploit_gate | INFO  | Gate OPEN | type=TRENDING conf=0.58 | H=0.706(TRENDING) S=0.636 AC=0.105(TRENDING) VR=0.863(MEAN_REVERTING) | pass_rate=100.0%
2026-03-12 15:14:20 | qs.exploit_gate | INFO  | Gate OPEN | type=MEAN_REVERTING conf=0.45 | H=0.694(TRENDING) S=0.676 AC=0.001(NONE) VR=0.878(MEAN_REVERTING) | pass_rate=100.0%
2026-03-12 15:14:21 | qs.signal    | INFO  | ACCEPT ETH/USDT LONG grade=C score=0.7 quality=0.651 | {"breakdown": {"technical": 0.799, "ml_confidence": 0.5, "order_flow": 0.681, "volatility": 0.7}}
2026-03-12 15:14:21 | qs.asym_risk | INFO  | LONG entry=2067.25 | SL=2063.12(0.20%) TP=2074.69 | RR=1.8 EV=3.9240 ✓ +EV
2026-03-12 15:14:21 | qs.risk      | INFO  | Kelly sizing: p=0.70 rr=1.8 kelly_f=0.5273 risk%=0.0500 quality=0.70 size=$1888
2026-03-12 15:14:21 | qs.system    | INFO  | Execution attempt symbol=ETH/USDT signal=LONG mode=paper size=1887.84
2026-03-12 15:14:21 | qs.risk      | WARNING | TRADE_REJECTED | {"symbol": "ETH/USDT", "side": "LONG", "size_usd": 1887.84, "reasons": ["asset_exposure 95.0% > 95%"]}
2026-03-12 15:14:21 | qs.order     | INFO  | RISK_REJECT ETH/USDT LONG size=$1887.84 price=2067.25 | {"reason": "asset_exposure 95.0% > 95%"}
2026-03-12 15:14:21 | qs.exploit_gate | INFO  | Gate OPEN | type=TRENDING conf=0.57 | H=0.769(TRENDING) S=0.646 AC=0.158(TRENDING) VR=1.019(NONE) | pass_rate=100.0%
2026-03-12 15:14:51 | qs.system    | INFO  | Cycle 36/100
2026-03-12 15:14:52 | qs.volatility | INFO  | Top 3 volatile: BTC/USDT(0.081%), ETH/USDT(0.086%), SOL/USDT(0.098%)
2026-03-12 15:14:53 | qs.exploit_gate | INFO  | Gate OPEN | type=TRENDING conf=0.58 | H=0.706(TRENDING) S=0.636 AC=0.105(TRENDING) VR=0.862(MEAN_REVERTING) | pass_rate=100.0%
2026-03-12 15:14:53 | qs.exploit_gate | INFO  | Gate CLOSED | type=NONE conf=0.00 | H=0.694(TRENDING) S=0.676 AC=0.002(NONE) VR=0.881(NONE) | pass_rate=98.3%
2026-03-12 15:14:53 | qs.exploit_gate | INFO  | Gate OPEN | type=TRENDING conf=0.57 | H=0.769(TRENDING) S=0.646 AC=0.157(TRENDING) VR=1.017(NONE) | pass_rate=98.4%
2026-03-12 15:15:23 | qs.system    | INFO  | Cycle 37/100
2026-03-12 15:15:23 | qs.volatility | INFO  | Top 3 volatile: BTC/USDT(0.081%), ETH/USDT(0.086%), SOL/USDT(0.098%)
2026-03-12 15:15:25 | qs.exploit_gate | INFO  | Gate OPEN | type=TRENDING conf=0.58 | H=0.703(TRENDING) S=0.636 AC=0.104(TRENDING) VR=0.867(MEAN_REVERTING) | pass_rate=98.4%
2026-03-12 15:15:25 | qs.exploit_gate | INFO  | Gate CLOSED | type=NONE conf=0.00 | H=0.699(TRENDING) S=0.672 AC=0.002(NONE) VR=0.886(NONE) | pass_rate=96.8%
2026-03-12 15:15:25 | qs.exploit_gate | INFO  | Gate OPEN | type=TRENDING conf=0.57 | H=0.773(TRENDING) S=0.646 AC=0.156(TRENDING) VR=1.016(NONE) | pass_rate=96.9%
2026-03-12 15:15:55 | qs.system    | INFO  | Cycle 38/100
2026-03-12 15:15:55 | qs.volatility | INFO  | Top 3 volatile: BTC/USDT(0.081%), ETH/USDT(0.086%), SOL/USDT(0.098%)
2026-03-12 15:15:56 | qs.exploit_gate | INFO  | Gate OPEN | type=TRENDING conf=0.58 | H=0.703(TRENDING) S=0.636 AC=0.105(TRENDING) VR=0.861(MEAN_REVERTING) | pass_rate=96.9%
2026-03-12 15:15:56 | qs.signal    | INFO  | ACCEPT BTC/USDT LONG grade=C score=0.7 quality=0.650 | {"breakdown": {"technical": 0.805, "ml_confidence": 0.5, "order_flow": 0.72, "volatility": 0.65}}
2026-03-12 15:15:56 | qs.asym_risk | INFO  | LONG entry=70399.90 | SL=70259.10(0.20%) TP=70653.34 | RR=1.8 EV=138.2823 ✓ +EV
2026-03-12 15:15:56 | qs.risk      | INFO  | Kelly sizing: p=0.71 rr=1.8 kelly_f=0.5456 risk%=0.0500 quality=0.71 size=$1888
2026-03-12 15:15:56 | qs.system    | INFO  | Execution attempt symbol=BTC/USDT signal=LONG mode=paper size=1887.84
2026-03-12 15:15:56 | qs.risk      | WARNING | TRADE_REJECTED | {"symbol": "BTC/USDT", "side": "LONG", "size_usd": 1887.84, "reasons": ["asset_exposure 95.0% > 95%"]}
2026-03-12 15:15:56 | qs.order     | INFO  | RISK_REJECT BTC/USDT LONG size=$1887.84 price=70399.90 | {"reason": "asset_exposure 95.0% > 95%"}
2026-03-12 15:15:56 | qs.exploit_gate | INFO  | Gate CLOSED | type=NONE conf=0.00 | H=0.699(TRENDING) S=0.672 AC=0.002(NONE) VR=0.885(NONE) | pass_rate=95.5%
2026-03-12 15:15:56 | qs.exploit_gate | INFO  | Gate OPEN | type=TRENDING conf=0.57 | H=0.772(TRENDING) S=0.643 AC=0.157(TRENDING) VR=1.014(NONE) | pass_rate=95.5%
2026-03-12 15:16:17 | qs.system    | INFO  | Starting bot mode=paper symbols=['BTC/USDT', 'ETH/USDT', 'SOL/USDT']
2026-03-12 15:16:19 | qs.data      | INFO  | Exchange initialized for BTC/USDT
2026-03-12 15:16:19 | qs.data      | INFO  | Exchange initialized for ETH/USDT
2026-03-12 15:16:19 | qs.data      | INFO  | Exchange initialized for SOL/USDT
2026-03-12 15:16:19 | qs.graveyard | INFO  | Loaded 1 tombstones from graveyard
2026-03-12 15:16:19 | qs.data      | INFO  | Exchange initialized for BTC/USDT
2026-03-12 15:16:19 | qs.data      | INFO  | Exchange initialized for ETH/USDT
2026-03-12 15:16:19 | qs.data      | INFO  | Exchange initialized for SOL/USDT
2026-03-12 15:16:23 | qs.ml        | INFO  | Computing features for training...
2026-03-12 15:16:24 | qs.ml        | INFO  | Trained: val_accuracy=52.3% samples=383 top_features=['bb_width_z', 'hour_cos', 'ema50_slope']
2026-03-12 15:16:26 | qs.system    | INFO  | Cycle 39/100
2026-03-12 15:16:26 | qs.volatility | INFO  | Top 3 volatile: BTC/USDT(0.081%), ETH/USDT(0.086%), SOL/USDT(0.098%)
2026-03-12 15:16:28 | qs.exploit_gate | INFO  | Gate OPEN | type=TRENDING conf=0.58 | H=0.688(TRENDING) S=0.636 AC=0.103(TRENDING) VR=0.851(MEAN_REVERTING) | pass_rate=95.6%
2026-03-12 15:16:29 | qs.signal    | INFO  | REJECT BTC/USDT LONG grade=D score=0.5 quality=0.519 | {"breakdown": {"technical": 0.805, "ml_confidence": 0.5, "order_flow": 0.063, "volatility": 0.65}}
2026-03-12 15:16:29 | qs.exploit_gate | INFO  | Gate OPEN | type=MEAN_REVERTING conf=0.45 | H=0.686(TRENDING) S=0.672 AC=0.002(NONE) VR=0.877(MEAN_REVERTING) | pass_rate=95.7%
2026-03-12 15:16:29 | qs.signal    | INFO  | REJECT ETH/USDT LONG grade=D score=0.6 quality=0.560 | {"breakdown": {"technical": 0.805, "ml_confidence": 0.5, "order_flow": 0.27, "volatility": 0.65}}
2026-03-12 15:16:29 | qs.exploit_gate | INFO  | Gate OPEN | type=TRENDING conf=0.57 | H=0.761(TRENDING) S=0.643 AC=0.157(TRENDING) VR=1.006(NONE) | pass_rate=95.7%
2026-03-12 15:16:35 | qs.volatility | INFO  | Top 3 volatile: BTC/USDT(0.075%), SOL/USDT(0.092%), ETH/USDT(0.078%)
2026-03-12 15:16:43 | qs.exploit_gate | INFO  | Gate OPEN | type=TRENDING conf=0.58 | H=0.688(TRENDING) S=0.636 AC=0.103(TRENDING) VR=0.851(MEAN_REVERTING) | pass_rate=100.0%
2026-03-12 15:16:43 | qs.signal    | INFO  | REJECT BTC/USDT LONG grade=D score=0.5 quality=0.451 | {"breakdown": {"technical": 0.805, "ml_confidence": 0.315, "order_flow": 0.05, "volatility": 0.65}}
2026-03-12 15:16:43 | qs.exploit_gate | INFO  | Gate OPEN | type=TRENDING conf=0.57 | H=0.761(TRENDING) S=0.643 AC=0.157(TRENDING) VR=1.005(NONE) | pass_rate=100.0%
2026-03-12 15:16:43 | qs.exploit_gate | INFO  | Gate OPEN | type=MEAN_REVERTING conf=0.45 | H=0.686(TRENDING) S=0.672 AC=0.002(NONE) VR=0.878(MEAN_REVERTING) | pass_rate=100.0%
2026-03-12 15:16:44 | qs.signal    | INFO  | REJECT ETH/USDT LONG grade=D score=0.6 quality=0.572 | {"breakdown": {"technical": 0.805, "ml_confidence": 0.604, "order_flow": 0.148, "volatility": 0.65}}
2026-03-12 15:16:59 | qs.system    | INFO  | Cycle 40/100
2026-03-12 15:16:59 | qs.volatility | INFO  | Top 3 volatile: BTC/USDT(0.081%), ETH/USDT(0.086%), SOL/USDT(0.098%)
2026-03-12 15:17:02 | qs.exploit_gate | INFO  | Gate OPEN | type=TRENDING conf=0.57 | H=0.687(TRENDING) S=0.639 AC=0.100(TRENDING) VR=0.849(MEAN_REVERTING) | pass_rate=95.8%
2026-03-12 15:17:02 | qs.exploit_gate | INFO  | Gate OPEN | type=MEAN_REVERTING conf=0.45 | H=0.686(TRENDING) S=0.676 AC=0.002(NONE) VR=0.879(MEAN_REVERTING) | pass_rate=95.8%
2026-03-12 15:17:02 | qs.exploit_gate | INFO  | Gate OPEN | type=TRENDING conf=0.57 | H=0.761(TRENDING) S=0.643 AC=0.157(TRENDING) VR=1.006(NONE) | pass_rate=95.9%
2026-03-12 15:17:14 | qs.volatility | INFO  | Top 3 volatile: BTC/USDT(0.075%), SOL/USDT(0.092%), ETH/USDT(0.078%)
2026-03-12 15:17:16 | qs.exploit_gate | INFO  | Gate OPEN | type=TRENDING conf=0.57 | H=0.698(TRENDING) S=0.639 AC=0.096(TRENDING) VR=0.826(MEAN_REVERTING) | pass_rate=100.0%
2026-03-12 15:17:16 | qs.exploit_gate | INFO  | Gate OPEN | type=TRENDING conf=0.57 | H=0.768(TRENDING) S=0.643 AC=0.155(TRENDING) VR=0.982(NONE) | pass_rate=100.0%
2026-03-12 15:17:16 | qs.exploit_gate | INFO  | Gate OPEN | type=MEAN_REVERTING conf=0.45 | H=0.722(TRENDING) S=0.676 AC=0.001(NONE) VR=0.843(MEAN_REVERTING) | pass_rate=100.0%
2026-03-12 15:17:17 | qs.signal    | INFO  | REJECT ETH/USDT LONG grade=D score=0.6 quality=0.578 | {"breakdown": {"technical": 0.805, "ml_confidence": 0.418, "order_flow": 0.503, "volatility": 0.65}}
2026-03-12 15:17:32 | qs.system    | INFO  | Cycle 41/100
2026-03-12 15:17:35 | qs.volatility | INFO  | Top 3 volatile: BTC/USDT(0.076%), SOL/USDT(0.092%), ETH/USDT(0.078%)
2026-03-12 15:17:37 | qs.exploit_gate | INFO  | Gate OPEN | type=TRENDING conf=0.57 | H=0.698(TRENDING) S=0.639 AC=0.094(TRENDING) VR=0.824(MEAN_REVERTING) | pass_rate=95.9%
2026-03-12 15:17:38 | qs.signal    | INFO  | ACCEPT BTC/USDT LONG grade=C score=0.7 quality=0.673 | {"breakdown": {"technical": 0.805, "ml_confidence": 0.5, "order_flow": 0.834, "volatility": 0.65}}
2026-03-12 15:17:38 | qs.asym_risk | INFO  | LONG entry=70390.50 | SL=70249.72(0.20%) TP=70643.91 | RR=1.8 EV=147.2119 ✓ +EV
2026-03-12 15:17:38 | qs.risk      | INFO  | Kelly sizing: p=0.73 rr=1.8 kelly_f=0.5809 risk%=0.0500 quality=0.73 size=$1888
2026-03-12 15:17:38 | qs.system    | INFO  | Execution attempt symbol=BTC/USDT signal=LONG mode=paper size=1887.84
2026-03-12 15:17:38 | qs.risk      | WARNING | TRADE_REJECTED | {"symbol": "BTC/USDT", "side": "LONG", "size_usd": 1887.84, "reasons": ["asset_exposure 95.0% > 95%"]}
2026-03-12 15:17:38 | qs.order     | INFO  | RISK_REJECT BTC/USDT LONG size=$1887.84 price=70390.50 | {"reason": "asset_exposure 95.0% > 95%"}
2026-03-12 15:17:38 | qs.exploit_gate | INFO  | Gate OPEN | type=TRENDING conf=0.57 | H=0.768(TRENDING) S=0.643 AC=0.154(TRENDING) VR=0.978(NONE) | pass_rate=96.0%
2026-03-12 15:17:38 | qs.exploit_gate | INFO  | Gate OPEN | type=MEAN_REVERTING conf=0.45 | H=0.722(TRENDING) S=0.680 AC=-0.001(NONE) VR=0.840(MEAN_REVERTING) | pass_rate=96.1%
2026-03-12 15:17:38 | qs.signal    | INFO  | ACCEPT ETH/USDT LONG grade=C score=0.7 quality=0.697 | {"breakdown": {"technical": 0.805, "ml_confidence": 0.5, "order_flow": 0.953, "volatility": 0.65}}
2026-03-12 15:17:38 | qs.asym_risk | INFO  | LONG entry=2067.60 | SL=2063.46(0.20%) TP=2075.04 | RR=1.8 EV=4.4538 ✓ +EV
2026-03-12 15:17:38 | qs.risk      | INFO  | Kelly sizing: p=0.74 rr=1.8 kelly_f=0.5984 risk%=0.0500 quality=0.74 size=$1888
2026-03-12 15:17:38 | qs.system    | INFO  | Execution attempt symbol=ETH/USDT signal=LONG mode=paper size=1887.84
2026-03-12 15:17:38 | qs.risk      | WARNING | TRADE_REJECTED | {"symbol": "ETH/USDT", "side": "LONG", "size_usd": 1887.84, "reasons": ["asset_exposure 95.0% > 95%"]}
2026-03-12 15:17:38 | qs.order     | INFO  | RISK_REJECT ETH/USDT LONG size=$1887.84 price=2067.60 | {"reason": "asset_exposure 95.0% > 95%"}
2026-03-12 15:17:47 | qs.volatility | INFO  | Top 3 volatile: BTC/USDT(0.075%), SOL/USDT(0.092%), ETH/USDT(0.078%)
2026-03-12 15:17:49 | qs.exploit_gate | INFO  | Gate OPEN | type=TRENDING conf=0.57 | H=0.698(TRENDING) S=0.642 AC=0.093(TRENDING) VR=0.823(MEAN_REVERTING) | pass_rate=100.0%
2026-03-12 15:17:49 | qs.signal    | INFO  | REJECT BTC/USDT LONG grade=D score=0.5 quality=0.472 | {"breakdown": {"technical": 0.805, "ml_confidence": 0.355, "order_flow": 0.085, "volatility": 0.65}}
2026-03-12 15:17:49 | qs.exploit_gate | INFO  | Gate OPEN | type=TRENDING conf=0.57 | H=0.768(TRENDING) S=0.643 AC=0.154(TRENDING) VR=0.978(NONE) | pass_rate=100.0%
2026-03-12 15:17:49 | qs.exploit_gate | INFO  | Gate OPEN | type=MEAN_REVERTING conf=0.45 | H=0.722(TRENDING) S=0.680 AC=-0.001(NONE) VR=0.841(MEAN_REVERTING) | pass_rate=100.0%
2026-03-12 15:17:49 | qs.signal    | INFO  | ACCEPT ETH/USDT LONG grade=C score=0.7 quality=0.707 | {"breakdown": {"technical": 0.805, "ml_confidence": 0.605, "order_flow": 0.82, "volatility": 0.65}}
2026-03-12 15:17:49 | qs.asym_risk | INFO  | LONG entry=2067.44 | SL=2063.31(0.20%) TP=2074.88 | RR=1.8 EV=4.5692 ✓ +EV
2026-03-12 15:17:49 | qs.risk      | INFO  | Kelly sizing: p=0.75 rr=1.8 kelly_f=0.6139 risk%=0.0500 quality=0.75 size=$1900
2026-03-12 15:17:49 | qs.system    | INFO  | Execution attempt symbol=ETH/USDT signal=LONG mode=paper size=1900.00
2026-03-12 15:17:49 | qs.order     | INFO  | PAPER_FILL ETH/USDT LONG size=$1900.00 price=2067.85 | {"slippage_bps": 2.0, "grade": "B"}
2026-03-12 15:17:49 | qs.system    | INFO  | ENTRY ETH/USDT LONG q=0.752 gate=MEAN_REVERTING(0.45) RR=1.8 EV=4.5692 $1900
2026-03-12 15:18:08 | qs.system    | INFO  | Cycle 42/100
2026-03-12 15:18:08 | qs.volatility | INFO  | Top 3 volatile: BTC/USDT(0.076%), SOL/USDT(0.092%), ETH/USDT(0.078%)
2026-03-12 15:18:10 | qs.exploit_gate | INFO  | Gate OPEN | type=TRENDING conf=0.57 | H=0.697(TRENDING) S=0.648 AC=0.083(TRENDING) VR=0.786(MEAN_REVERTING) | pass_rate=96.1%
2026-03-12 15:18:11 | qs.signal    | INFO  | ACCEPT BTC/USDT LONG grade=C score=0.7 quality=0.704 | {"breakdown": {"technical": 0.805, "ml_confidence": 0.5, "order_flow": 0.99, "volatility": 0.65}}
2026-03-12 15:18:11 | qs.asym_risk | INFO  | LONG entry=70454.00 | SL=70313.09(0.20%) TP=70707.63 | RR=1.8 EV=159.4966 ✓ +EV
2026-03-12 15:18:11 | qs.risk      | INFO  | Kelly sizing: p=0.76 rr=1.8 kelly_f=0.6288 risk%=0.0500 quality=0.76 size=$1888
2026-03-12 15:18:11 | qs.system    | INFO  | Execution attempt symbol=BTC/USDT signal=LONG mode=paper size=1887.84
2026-03-12 15:18:11 | qs.risk      | WARNING | TRADE_REJECTED | {"symbol": "BTC/USDT", "side": "LONG", "size_usd": 1887.84, "reasons": ["asset_exposure 95.0% > 95%"]}
2026-03-12 15:18:11 | qs.order     | INFO  | RISK_REJECT BTC/USDT LONG size=$1887.84 price=70454.00 | {"reason": "asset_exposure 95.0% > 95%"}
2026-03-12 15:18:11 | qs.exploit_gate | INFO  | Gate OPEN | type=TRENDING conf=0.57 | H=0.768(TRENDING) S=0.648 AC=0.142(TRENDING) VR=0.936(NONE) | pass_rate=96.2%
2026-03-12 15:18:11 | qs.signal    | INFO  | ACCEPT SOL/USDT LONG grade=C score=0.7 quality=0.668 | {"breakdown": {"technical": 0.924, "ml_confidence": 0.5, "order_flow": 0.612, "volatility": 0.7}}
2026-03-12 15:18:11 | qs.asym_risk | INFO  | LONG entry=86.77 | SL=86.60(0.20%) TP=87.08 | RR=1.8 EV=0.1790 ✓ +EV
2026-03-12 15:18:11 | qs.risk      | INFO  | Kelly sizing: p=0.73 rr=1.8 kelly_f=0.5730 risk%=0.0500 quality=0.73 size=$1888
2026-03-12 15:18:11 | qs.system    | INFO  | Execution attempt symbol=SOL/USDT signal=LONG mode=paper size=1887.84
2026-03-12 15:18:11 | qs.risk      | WARNING | TRADE_REJECTED | {"symbol": "SOL/USDT", "side": "LONG", "size_usd": 1887.84, "reasons": ["asset_exposure 95.0% > 95%"]}
2026-03-12 15:18:11 | qs.order     | INFO  | RISK_REJECT SOL/USDT LONG size=$1887.84 price=86.77 | {"reason": "asset_exposure 95.0% > 95%"}
2026-03-12 15:18:11 | qs.exploit_gate | INFO  | Gate OPEN | type=MEAN_REVERTING conf=0.45 | H=0.703(TRENDING) S=0.684 AC=-0.007(NONE) VR=0.782(MEAN_REVERTING) | pass_rate=96.2%
2026-03-12 15:18:19 | qs.volatility | INFO  | Top 3 volatile: BTC/USDT(0.075%), SOL/USDT(0.092%), ETH/USDT(0.078%)
2026-03-12 15:18:21 | qs.exploit_gate | INFO  | Gate OPEN | type=TRENDING conf=0.57 | H=0.697(TRENDING) S=0.651 AC=0.091(TRENDING) VR=0.787(MEAN_REVERTING) | pass_rate=100.0%
2026-03-12 15:18:22 | qs.signal    | INFO  | REJECT BTC/USDT LONG grade=D score=0.5 quality=0.489 | {"breakdown": {"technical": 0.805, "ml_confidence": 0.379, "order_flow": 0.123, "volatility": 0.65}}
2026-03-12 15:18:22 | qs.exploit_gate | INFO  | Gate OPEN | type=TRENDING conf=0.57 | H=0.768(TRENDING) S=0.648 AC=0.155(TRENDING) VR=0.938(NONE) | pass_rate=100.0%
2026-03-12 15:18:23 | qs.signal    | INFO  | ACCEPT SOL/USDT LONG grade=C score=0.7 quality=0.717 | {"breakdown": {"technical": 0.924, "ml_confidence": 0.709, "order_flow": 0.487, "volatility": 0.7}}
2026-03-12 15:18:23 | qs.asym_risk | INFO  | LONG entry=86.85 | SL=86.63(0.25%) TP=87.24 | RR=1.8 EV=0.2529 ✓ +EV
2026-03-12 15:18:23 | qs.risk      | INFO  | Kelly sizing: p=0.77 rr=1.8 kelly_f=0.6483 risk%=0.0500 quality=0.77 size=$1919
2026-03-12 15:18:23 | qs.system    | INFO  | Execution attempt symbol=SOL/USDT signal=LONG mode=paper size=1918.65
2026-03-12 15:18:23 | qs.risk      | WARNING | TRADE_REJECTED | {"symbol": "SOL/USDT", "side": "LONG", "size_usd": 1918.65, "reasons": ["asset_exposure 95.0% > 95%"]}
2026-03-12 15:18:23 | qs.order     | INFO  | RISK_REJECT SOL/USDT LONG size=$1918.65 price=86.85 | {"reason": "asset_exposure 95.0% > 95%"}
2026-03-12 15:18:23 | qs.exploit_gate | INFO  | Gate OPEN | type=MEAN_REVERTING conf=0.45 | H=0.703(TRENDING) S=0.689 AC=-0.001(NONE) VR=0.782(MEAN_REVERTING) | pass_rate=100.0%
2026-03-12 15:18:41 | qs.system    | INFO  | Cycle 43/100
2026-03-12 15:18:41 | qs.volatility | INFO  | Top 3 volatile: BTC/USDT(0.076%), SOL/USDT(0.092%), ETH/USDT(0.078%)
2026-03-12 15:18:43 | qs.exploit_gate | INFO  | Gate OPEN | type=TRENDING conf=0.57 | H=0.697(TRENDING) S=0.648 AC=0.087(TRENDING) VR=0.787(MEAN_REVERTING) | pass_rate=96.2%
2026-03-12 15:18:43 | qs.graveyard | WARNING | BLOCKED by tombstone | similarity=0.92 | pattern_losses=1 | total_lost=$-1.56
2026-03-12 15:18:43 | qs.scalper   | INFO  | GRAVEYARD blocked BTC/USDT LONG (sim=0.92)
2026-03-12 15:18:43 | qs.exploit_gate | INFO  | Gate OPEN | type=TRENDING conf=0.57 | H=0.768(TRENDING) S=0.648 AC=0.158(TRENDING) VR=0.935(NONE) | pass_rate=96.3%
2026-03-12 15:18:43 | qs.signal    | INFO  | ACCEPT SOL/USDT LONG grade=C score=0.7 quality=0.659 | {"breakdown": {"technical": 1, "ml_confidence": 0.5, "order_flow": 0.472, "volatility": 0.7}}
2026-03-12 15:18:43 | qs.asym_risk | INFO  | LONG entry=86.88 | SL=86.63(0.28%) TP=87.33 | RR=1.8 EV=0.2492 ✓ +EV
2026-03-12 15:18:43 | qs.risk      | INFO  | Kelly sizing: p=0.72 rr=1.8 kelly_f=0.5592 risk%=0.0500 quality=0.72 size=$1888
2026-03-12 15:18:43 | qs.system    | INFO  | Execution attempt symbol=SOL/USDT signal=LONG mode=paper size=1887.84
2026-03-12 15:18:43 | qs.risk      | WARNING | TRADE_REJECTED | {"symbol": "SOL/USDT", "side": "LONG", "size_usd": 1887.84, "reasons": ["asset_exposure 95.0% > 95%"]}
2026-03-12 15:18:43 | qs.order     | INFO  | RISK_REJECT SOL/USDT LONG size=$1887.84 price=86.88 | {"reason": "asset_exposure 95.0% > 95%"}
2026-03-12 15:18:43 | qs.exploit_gate | INFO  | Gate OPEN | type=MEAN_REVERTING conf=0.45 | H=0.703(TRENDING) S=0.684 AC=-0.004(NONE) VR=0.783(MEAN_REVERTING) | pass_rate=96.3%
2026-03-12 15:18:53 | qs.volatility | INFO  | Top 3 volatile: BTC/USDT(0.075%), SOL/USDT(0.092%), ETH/USDT(0.078%)
2026-03-12 15:18:55 | qs.exploit_gate | INFO  | Gate OPEN | type=TRENDING conf=0.57 | H=0.697(TRENDING) S=0.648 AC=0.089(TRENDING) VR=0.787(MEAN_REVERTING) | pass_rate=100.0%
2026-03-12 15:18:55 | qs.graveyard | WARNING | BLOCKED by tombstone | similarity=0.89 | pattern_losses=1 | total_lost=$-1.56
2026-03-12 15:18:55 | qs.scalper   | INFO  | GRAVEYARD blocked BTC/USDT LONG (sim=0.89)
2026-03-12 15:18:55 | qs.exploit_gate | INFO  | Gate OPEN | type=TRENDING conf=0.57 | H=0.768(TRENDING) S=0.648 AC=0.160(TRENDING) VR=0.934(NONE) | pass_rate=100.0%
2026-03-12 15:18:55 | qs.signal    | INFO  | ACCEPT SOL/USDT LONG grade=C score=0.7 quality=0.735 | {"breakdown": {"technical": 1, "ml_confidence": 0.708, "order_flow": 0.487, "volatility": 0.7}}
2026-03-12 15:18:55 | qs.asym_risk | INFO  | LONG entry=86.89 | SL=86.63(0.30%) TP=87.35 | RR=1.8 EV=0.3140 ✓ +EV
2026-03-12 15:18:55 | qs.risk      | INFO  | Kelly sizing: p=0.79 rr=1.8 kelly_f=0.6772 risk%=0.0500 quality=0.79 size=$1916
2026-03-12 15:18:55 | qs.system    | INFO  | Execution attempt symbol=SOL/USDT signal=LONG mode=paper size=1915.77
2026-03-12 15:18:55 | qs.risk      | WARNING | TRADE_REJECTED | {"symbol": "SOL/USDT", "side": "LONG", "size_usd": 1915.77, "reasons": ["asset_exposure 95.0% > 95%"]}
2026-03-12 15:18:55 | qs.order     | INFO  | RISK_REJECT SOL/USDT LONG size=$1915.77 price=86.89 | {"reason": "asset_exposure 95.0% > 95%"}
2026-03-12 15:18:55 | qs.exploit_gate | INFO  | Gate OPEN | type=MEAN_REVERTING conf=0.45 | H=0.703(TRENDING) S=0.684 AC=-0.003(NONE) VR=0.783(MEAN_REVERTING) | pass_rate=100.0%
2026-03-12 15:19:13 | qs.system    | INFO  | Cycle 44/100
2026-03-12 15:19:13 | qs.volatility | INFO  | Top 3 volatile: BTC/USDT(0.076%), SOL/USDT(0.092%), ETH/USDT(0.078%)
2026-03-12 15:19:15 | qs.exploit_gate | INFO  | Gate OPEN | type=TRENDING conf=0.57 | H=0.697(TRENDING) S=0.645 AC=0.082(TRENDING) VR=0.679(MEAN_REVERTING) | pass_rate=96.4%
2026-03-12 15:19:16 | qs.signal    | INFO  | REJECT BTC/USDT LONG grade=D score=0.5 quality=0.530 | {"breakdown": {"technical": 0.805, "ml_confidence": 0.5, "order_flow": 0.118, "volatility": 0.65}}
2026-03-12 15:19:16 | qs.exploit_gate | INFO  | Gate OPEN | type=TRENDING conf=0.57 | H=0.766(TRENDING) S=0.648 AC=0.147(TRENDING) VR=0.814(MEAN_REVERTING) | pass_rate=96.4%
2026-03-12 15:19:16 | qs.signal    | INFO  | REJECT SOL/USDT LONG grade=D score=0.6 quality=0.600 | {"breakdown": {"technical": 0.799, "ml_confidence": 0.5, "order_flow": 0.424, "volatility": 0.7}}
2026-03-12 15:19:16 | qs.asym_risk | INFO  | LONG entry=86.86 | SL=86.63(0.26%) TP=87.27 | RR=1.8 EV=0.1908 ✓ +EV
2026-03-12 15:19:16 | qs.risk      | INFO  | Kelly sizing: p=0.66 rr=1.8 kelly_f=0.4660 risk%=0.0500 quality=0.66 size=$1888
2026-03-12 15:19:16 | qs.system    | INFO  | Execution attempt symbol=SOL/USDT signal=LONG mode=paper size=1887.84
2026-03-12 15:19:16 | qs.risk      | WARNING | TRADE_REJECTED | {"symbol": "SOL/USDT", "side": "LONG", "size_usd": 1887.84, "reasons": ["asset_exposure 95.0% > 95%"]}
2026-03-12 15:19:16 | qs.order     | INFO  | RISK_REJECT SOL/USDT LONG size=$1887.84 price=86.86 | {"reason": "asset_exposure 95.0% > 95%"}
2026-03-12 15:19:16 | qs.exploit_gate | INFO  | Gate OPEN | type=MEAN_REVERTING conf=0.45 | H=0.700(TRENDING) S=0.676 AC=-0.021(NONE) VR=0.603(MEAN_REVERTING) | pass_rate=96.5%
2026-03-12 15:19:26 | qs.volatility | INFO  | Top 3 volatile: BTC/USDT(0.077%), SOL/USDT(0.100%), ETH/USDT(0.081%)
2026-03-12 15:19:28 | qs.exploit_gate | INFO  | Gate OPEN | type=TRENDING conf=0.57 | H=0.697(TRENDING) S=0.645 AC=0.082(TRENDING) VR=0.679(MEAN_REVERTING) | pass_rate=100.0%
2026-03-12 15:19:28 | qs.signal    | INFO  | REJECT BTC/USDT LONG grade=D score=0.5 quality=0.502 | {"breakdown": {"technical": 0.805, "ml_confidence": 0.362, "order_flow": 0.219, "volatility": 0.65}}
2026-03-12 15:19:28 | qs.exploit_gate | INFO  | Gate OPEN | type=TRENDING conf=0.57 | H=0.766(TRENDING) S=0.648 AC=0.149(TRENDING) VR=0.817(MEAN_REVERTING) | pass_rate=100.0%
2026-03-12 15:19:29 | qs.signal    | INFO  | ACCEPT SOL/USDT LONG grade=C score=0.7 quality=0.695 | {"breakdown": {"technical": 0.799, "ml_confidence": 0.722, "order_flow": 0.513, "volatility": 0.7}}
2026-03-12 15:19:29 | qs.asym_risk | INFO  | LONG entry=86.87 | SL=86.63(0.27%) TP=87.30 | RR=1.8 EV=0.2627 ✓ +EV
2026-03-12 15:19:29 | qs.risk      | INFO  | Kelly sizing: p=0.75 rr=1.8 kelly_f=0.6145 risk%=0.0500 quality=0.75 size=$1910
2026-03-12 15:19:29 | qs.system    | INFO  | Execution attempt symbol=SOL/USDT signal=LONG mode=paper size=1909.83
2026-03-12 15:19:29 | qs.order     | INFO  | PAPER_FILL SOL/USDT LONG size=$1909.83 price=86.89 | {"slippage_bps": 2.0, "grade": "B"}
2026-03-12 15:19:29 | qs.system    | INFO  | ENTRY SOL/USDT LONG q=0.752 gate=TRENDING(0.57) RR=1.8 EV=0.2627 $1910
2026-03-12 15:19:46 | qs.system    | INFO  | Cycle 45/100
2026-03-12 15:19:46 | qs.volatility | INFO  | Top 3 volatile: BTC/USDT(0.076%), SOL/USDT(0.092%), ETH/USDT(0.078%)
2026-03-12 15:19:48 | qs.exploit_gate | INFO  | Gate OPEN | type=TRENDING conf=0.57 | H=0.697(TRENDING) S=0.645 AC=0.082(TRENDING) VR=0.679(MEAN_REVERTING) | pass_rate=96.5%
2026-03-12 15:19:48 | qs.signal    | INFO  | ACCEPT BTC/USDT LONG grade=C score=0.7 quality=0.690 | {"breakdown": {"technical": 0.805, "ml_confidence": 0.5, "order_flow": 0.92, "volatility": 0.65}}
2026-03-12 15:19:48 | qs.asym_risk | INFO  | LONG entry=70466.10 | SL=70325.17(0.20%) TP=70719.78 | RR=1.8 EV=154.0784 ✓ +EV
2026-03-12 15:19:48 | qs.risk      | INFO  | Kelly sizing: p=0.75 rr=1.8 kelly_f=0.6074 risk%=0.0500 quality=0.75 size=$1888
2026-03-12 15:19:48 | qs.system    | INFO  | Execution attempt symbol=BTC/USDT signal=LONG mode=paper size=1887.84
2026-03-12 15:19:48 | qs.risk      | WARNING | TRADE_REJECTED | {"symbol": "BTC/USDT", "side": "LONG", "size_usd": 1887.84, "reasons": ["asset_exposure 95.0% > 95%"]}
2026-03-12 15:19:48 | qs.order     | INFO  | RISK_REJECT BTC/USDT LONG size=$1887.84 price=70466.10 | {"reason": "asset_exposure 95.0% > 95%"}
2026-03-12 15:19:49 | qs.exploit_gate | INFO  | Gate OPEN | type=TRENDING conf=0.57 | H=0.766(TRENDING) S=0.648 AC=0.149(TRENDING) VR=0.817(MEAN_REVERTING) | pass_rate=96.6%
2026-03-12 15:19:49 | qs.signal    | INFO  | REJECT SOL/USDT LONG grade=D score=0.6 quality=0.601 | {"breakdown": {"technical": 0.799, "ml_confidence": 0.5, "order_flow": 0.429, "volatility": 0.7}}
2026-03-12 15:19:49 | qs.asym_risk | INFO  | LONG entry=86.87 | SL=86.63(0.27%) TP=87.30 | RR=1.8 EV=0.1998 ✓ +EV
2026-03-12 15:19:49 | qs.risk      | INFO  | Kelly sizing: p=0.66 rr=1.8 kelly_f=0.4675 risk%=0.0500 quality=0.66 size=$1888
2026-03-12 15:19:49 | qs.system    | INFO  | Execution attempt symbol=SOL/USDT signal=LONG mode=paper size=1887.84
2026-03-12 15:19:49 | qs.risk      | WARNING | TRADE_REJECTED | {"symbol": "SOL/USDT", "side": "LONG", "size_usd": 1887.84, "reasons": ["asset_exposure 95.0% > 95%"]}
2026-03-12 15:19:49 | qs.order     | INFO  | RISK_REJECT SOL/USDT LONG size=$1887.84 price=86.87 | {"reason": "asset_exposure 95.0% > 95%"}
2026-03-12 15:19:49 | qs.exploit_gate | INFO  | Gate OPEN | type=MEAN_REVERTING conf=0.45 | H=0.700(TRENDING) S=0.676 AC=-0.021(NONE) VR=0.603(MEAN_REVERTING) | pass_rate=96.6%
2026-03-12 15:19:59 | qs.volatility | INFO  | Top 3 volatile: BTC/USDT(0.077%), SOL/USDT(0.100%), ETH/USDT(0.081%)
2026-03-12 15:20:19 | qs.system    | INFO  | Cycle 46/100
2026-03-12 15:20:21 | qs.volatility | INFO  | Top 3 volatile: BTC/USDT(0.075%), SOL/USDT(0.096%), ETH/USDT(0.079%)
2026-03-12 15:20:22 | qs.exploit_gate | INFO  | Gate OPEN | type=TRENDING conf=0.57 | H=0.696(TRENDING) S=0.641 AC=0.071(TRENDING) VR=0.583(MEAN_REVERTING) | pass_rate=96.6%
2026-03-12 15:20:22 | qs.signal    | INFO  | ACCEPT BTC/USDT LONG grade=C score=0.7 quality=0.671 | {"breakdown": {"technical": 0.805, "ml_confidence": 0.5, "order_flow": 0.824, "volatility": 0.65}}
2026-03-12 15:20:22 | qs.asym_risk | INFO  | LONG entry=70478.90 | SL=70337.94(0.20%) TP=70732.62 | RR=1.8 EV=146.5285 ✓ +EV
2026-03-12 15:20:22 | qs.risk      | INFO  | Kelly sizing: p=0.73 rr=1.8 kelly_f=0.5775 risk%=0.0500 quality=0.73 size=$1888
2026-03-12 15:20:22 | qs.system    | INFO  | Execution attempt symbol=BTC/USDT signal=LONG mode=paper size=1887.84
2026-03-12 15:20:22 | qs.risk      | WARNING | TRADE_REJECTED | {"symbol": "BTC/USDT", "side": "LONG", "size_usd": 1887.84, "reasons": ["asset_exposure 95.0% > 95%"]}
2026-03-12 15:20:22 | qs.order     | INFO  | RISK_REJECT BTC/USDT LONG size=$1887.84 price=70478.90 | {"reason": "asset_exposure 95.0% > 95%"}
2026-03-12 15:20:22 | qs.exploit_gate | INFO  | Gate OPEN | type=TRENDING conf=0.57 | H=0.752(TRENDING) S=0.646 AC=0.148(TRENDING) VR=0.726(MEAN_REVERTING) | pass_rate=96.7%
2026-03-12 15:20:23 | qs.signal    | INFO  | REJECT SOL/USDT LONG grade=D score=0.6 quality=0.598 | {"breakdown": {"technical": 0.799, "ml_confidence": 0.5, "order_flow": 0.416, "volatility": 0.7}}
2026-03-12 15:20:23 | qs.asym_risk | INFO  | LONG entry=86.88 | SL=86.63(0.28%) TP=87.32 | RR=1.8 EV=0.2059 ✓ +EV
2026-03-12 15:20:23 | qs.risk      | INFO  | Kelly sizing: p=0.66 rr=1.8 kelly_f=0.4638 risk%=0.0500 quality=0.66 size=$1888
2026-03-12 15:20:23 | qs.system    | INFO  | Execution attempt symbol=SOL/USDT signal=LONG mode=paper size=1887.84
2026-03-12 15:20:23 | qs.risk      | WARNING | TRADE_REJECTED | {"symbol": "SOL/USDT", "side": "LONG", "size_usd": 1887.84, "reasons": ["asset_exposure 95.0% > 95%"]}
2026-03-12 15:20:23 | qs.order     | INFO  | RISK_REJECT SOL/USDT LONG size=$1887.84 price=86.88 | {"reason": "asset_exposure 95.0% > 95%"}
2026-03-12 15:20:23 | qs.exploit_gate | INFO  | Gate OPEN | type=MEAN_REVERTING conf=0.45 | H=0.691(TRENDING) S=0.674 AC=-0.035(NONE) VR=0.465(MEAN_REVERTING) | pass_rate=96.7%
2026-03-12 15:20:30 | qs.volatility | INFO  | Top 3 volatile: BTC/USDT(0.077%), SOL/USDT(0.100%), ETH/USDT(0.081%)
2026-03-12 15:20:53 | qs.system    | INFO  | Cycle 47/100
2026-03-12 15:20:53 | qs.volatility | INFO  | Top 3 volatile: BTC/USDT(0.075%), SOL/USDT(0.096%), ETH/USDT(0.079%)
2026-03-12 15:20:54 | qs.exploit_gate | INFO  | Gate OPEN | type=TRENDING conf=0.57 | H=0.696(TRENDING) S=0.641 AC=0.071(TRENDING) VR=0.583(MEAN_REVERTING) | pass_rate=96.7%
2026-03-12 15:20:55 | qs.signal    | INFO  | ACCEPT BTC/USDT LONG grade=C score=0.7 quality=0.726 | {"breakdown": {"technical": 0.93, "ml_confidence": 0.5, "order_flow": 0.942, "volatility": 0.65}}
2026-03-12 15:20:55 | qs.asym_risk | INFO  | LONG entry=70486.50 | SL=70340.15(0.21%) TP=70749.92 | RR=1.8 EV=174.5863 ✓ +EV
2026-03-12 15:20:55 | qs.risk      | INFO  | Kelly sizing: p=0.78 rr=1.8 kelly_f=0.6628 risk%=0.0500 quality=0.78 size=$1888
2026-03-12 15:20:55 | qs.system    | INFO  | Execution attempt symbol=BTC/USDT signal=LONG mode=paper size=1887.84
2026-03-12 15:20:55 | qs.risk      | WARNING | TRADE_REJECTED | {"symbol": "BTC/USDT", "side": "LONG", "size_usd": 1887.84, "reasons": ["asset_exposure 95.0% > 95%"]}
2026-03-12 15:20:55 | qs.order     | INFO  | RISK_REJECT BTC/USDT LONG size=$1887.84 price=70486.50 | {"reason": "asset_exposure 95.0% > 95%"}
2026-03-12 15:20:55 | qs.exploit_gate | INFO  | Gate OPEN | type=TRENDING conf=0.57 | H=0.751(TRENDING) S=0.643 AC=0.148(TRENDING) VR=0.728(MEAN_REVERTING) | pass_rate=96.8%
2026-03-12 15:20:55 | qs.signal    | INFO  | REJECT SOL/USDT LONG grade=D score=0.6 quality=0.618 | {"breakdown": {"technical": 0.799, "ml_confidence": 0.5, "order_flow": 0.514, "volatility": 0.7}}
2026-03-12 15:20:55 | qs.asym_risk | INFO  | LONG entry=86.89 | SL=86.63(0.30%) TP=87.35 | RR=1.8 EV=0.2285 ✓ +EV
2026-03-12 15:20:55 | qs.risk      | INFO  | Kelly sizing: p=0.67 rr=1.8 kelly_f=0.4943 risk%=0.0500 quality=0.67 size=$1888
2026-03-12 15:20:55 | qs.system    | INFO  | Execution attempt symbol=SOL/USDT signal=LONG mode=paper size=1887.84
2026-03-12 15:20:55 | qs.risk      | WARNING | TRADE_REJECTED | {"symbol": "SOL/USDT", "side": "LONG", "size_usd": 1887.84, "reasons": ["asset_exposure 95.0% > 95%"]}
2026-03-12 15:20:55 | qs.order     | INFO  | RISK_REJECT SOL/USDT LONG size=$1887.84 price=86.89 | {"reason": "asset_exposure 95.0% > 95%"}
2026-03-12 15:20:55 | qs.exploit_gate | INFO  | Gate OPEN | type=MEAN_REVERTING conf=0.45 | H=0.691(TRENDING) S=0.674 AC=-0.036(NONE) VR=0.466(MEAN_REVERTING) | pass_rate=96.8%
2026-03-12 15:21:02 | qs.volatility | INFO  | Top 3 volatile: BTC/USDT(0.077%), SOL/USDT(0.100%), ETH/USDT(0.081%)
2026-03-12 15:21:25 | qs.system    | INFO  | Cycle 48/100
2026-03-12 15:21:25 | qs.volatility | INFO  | Top 3 volatile: BTC/USDT(0.075%), SOL/USDT(0.096%), ETH/USDT(0.079%)
2026-03-12 15:21:27 | qs.exploit_gate | INFO  | Gate OPEN | type=MEAN_REVERTING conf=0.45 | H=0.699(TRENDING) S=0.641 AC=0.060(NONE) VR=0.582(MEAN_REVERTING) | pass_rate=96.8%
2026-03-12 15:21:27 | qs.exploit_gate | INFO  | Gate OPEN | type=TRENDING conf=0.57 | H=0.759(TRENDING) S=0.641 AC=0.141(TRENDING) VR=0.727(MEAN_REVERTING) | pass_rate=96.9%
2026-03-12 15:21:27 | qs.signal    | INFO  | REJECT SOL/USDT LONG grade=D score=0.6 quality=0.609 | {"breakdown": {"technical": 0.799, "ml_confidence": 0.5, "order_flow": 0.469, "volatility": 0.7}}
2026-03-12 15:21:27 | qs.asym_risk | INFO  | LONG entry=86.92 | SL=86.63(0.33%) TP=87.44 | RR=1.8 EV=0.2481 ✓ +EV
2026-03-12 15:21:27 | qs.risk      | INFO  | Kelly sizing: p=0.67 rr=1.8 kelly_f=0.4804 risk%=0.0500 quality=0.67 size=$1888
2026-03-12 15:21:27 | qs.system    | INFO  | Execution attempt symbol=SOL/USDT signal=LONG mode=paper size=1887.84
2026-03-12 15:21:27 | qs.risk      | WARNING | TRADE_REJECTED | {"symbol": "SOL/USDT", "side": "LONG", "size_usd": 1887.84, "reasons": ["asset_exposure 95.0% > 95%"]}
2026-03-12 15:21:27 | qs.order     | INFO  | RISK_REJECT SOL/USDT LONG size=$1887.84 price=86.92 | {"reason": "asset_exposure 95.0% > 95%"}
2026-03-12 15:21:27 | qs.exploit_gate | INFO  | Gate OPEN | type=MEAN_REVERTING conf=0.45 | H=0.676(TRENDING) S=0.670 AC=-0.052(NONE) VR=0.435(MEAN_REVERTING) | pass_rate=96.9%
2026-03-12 15:21:37 | qs.volatility | INFO  | Top 3 volatile: BTC/USDT(0.077%), SOL/USDT(0.100%), ETH/USDT(0.081%)
2026-03-12 15:21:57 | qs.system    | INFO  | Cycle 49/100
2026-03-12 15:21:57 | qs.volatility | INFO  | Top 3 volatile: BTC/USDT(0.075%), SOL/USDT(0.096%), ETH/USDT(0.079%)
2026-03-12 15:22:01 | qs.exploit_gate | INFO  | Gate OPEN | type=TRENDING conf=0.57 | H=0.699(TRENDING) S=0.641 AC=0.062(TRENDING) VR=0.585(MEAN_REVERTING) | pass_rate=96.9%
2026-03-12 15:22:02 | qs.signal    | INFO  | REJECT BTC/USDT LONG grade=D score=0.5 quality=0.540 | {"breakdown": {"technical": 0.99, "ml_confidence": 0.5, "order_flow": 0.037, "volatility": 0.55}}
2026-03-12 15:22:02 | qs.exploit_gate | INFO  | Gate OPEN | type=TRENDING conf=0.57 | H=0.759(TRENDING) S=0.641 AC=0.141(TRENDING) VR=0.729(MEAN_REVERTING) | pass_rate=97.0%
2026-03-12 15:22:03 | qs.signal    | INFO  | REJECT SOL/USDT LONG grade=D score=0.6 quality=0.612 | {"breakdown": {"technical": 0.924, "ml_confidence": 0.5, "order_flow": 0.329, "volatility": 0.7}}
2026-03-12 15:22:03 | qs.asym_risk | INFO  | LONG entry=86.93 | SL=86.63(0.34%) TP=87.47 | RR=1.8 EV=0.2600 ✓ +EV
2026-03-12 15:22:03 | qs.risk      | INFO  | Kelly sizing: p=0.67 rr=1.8 kelly_f=0.4854 risk%=0.0500 quality=0.67 size=$1888
2026-03-12 15:22:03 | qs.system    | INFO  | Execution attempt symbol=SOL/USDT signal=LONG mode=paper size=1887.84
2026-03-12 15:22:03 | qs.risk      | WARNING | TRADE_REJECTED | {"symbol": "SOL/USDT", "side": "LONG", "size_usd": 1887.84, "reasons": ["asset_exposure 95.0% > 95%"]}
2026-03-12 15:22:03 | qs.order     | INFO  | RISK_REJECT SOL/USDT LONG size=$1887.84 price=86.93 | {"reason": "asset_exposure 95.0% > 95%"}
2026-03-12 15:22:03 | qs.exploit_gate | INFO  | Gate OPEN | type=MEAN_REVERTING conf=0.45 | H=0.676(TRENDING) S=0.675 AC=-0.047(NONE) VR=0.440(MEAN_REVERTING) | pass_rate=97.0%
2026-03-12 15:22:09 | qs.volatility | INFO  | Top 3 volatile: BTC/USDT(0.077%), SOL/USDT(0.095%), ETH/USDT(0.079%)
2026-03-12 15:22:33 | qs.system    | INFO  | Cycle 50/100
2026-03-12 15:22:33 | qs.volatility | INFO  | Top 3 volatile: BTC/USDT(0.075%), SOL/USDT(0.096%), ETH/USDT(0.079%)
2026-03-12 15:22:34 | qs.exploit_gate | INFO  | Gate OPEN | type=MEAN_REVERTING conf=0.45 | H=0.695(TRENDING) S=0.638 AC=0.033(NONE) VR=0.580(MEAN_REVERTING) | pass_rate=97.0%
2026-03-12 15:22:34 | qs.exploit_gate | INFO  | Gate OPEN | type=TRENDING conf=0.57 | H=0.744(TRENDING) S=0.640 AC=0.099(TRENDING) VR=0.734(MEAN_REVERTING) | pass_rate=97.0%
2026-03-12 15:22:35 | qs.signal    | INFO  | REJECT SOL/USDT LONG grade=D score=0.6 quality=0.576 | {"breakdown": {"technical": 0.799, "ml_confidence": 0.5, "order_flow": 0.306, "volatility": 0.7}}
2026-03-12 15:22:35 | qs.exploit_gate | INFO  | Gate OPEN | type=MEAN_REVERTING conf=0.57 | H=0.658(TRENDING) S=0.669 AC=-0.096(MEAN_REVERTING) VR=0.437(MEAN_REVERTING) | pass_rate=97.0%
2026-03-12 15:22:42 | qs.volatility | INFO  | Top 3 volatile: BTC/USDT(0.077%), SOL/USDT(0.095%), ETH/USDT(0.079%)
2026-03-12 15:23:05 | qs.system    | INFO  | Cycle 51/100
2026-03-12 15:23:08 | qs.volatility | INFO  | Top 3 volatile: BTC/USDT(0.079%), SOL/USDT(0.096%), ETH/USDT(0.080%)
2026-03-12 15:23:10 | qs.exploit_gate | INFO  | Gate OPEN | type=MEAN_REVERTING conf=0.45 | H=0.713(TRENDING) S=0.717 AC=0.024(NONE) VR=0.662(MEAN_REVERTING) | pass_rate=97.0%
2026-03-12 15:23:10 | qs.exploit_gate | INFO  | Gate OPEN | type=TRENDING conf=0.53 | H=0.777(TRENDING) S=0.784 AC=0.105(TRENDING) VR=0.907(NONE) | pass_rate=97.0%
2026-03-12 15:23:10 | qs.signal    | INFO  | REJECT SOL/USDT LONG grade=D score=0.6 quality=0.590 | {"breakdown": {"technical": 0.799, "ml_confidence": 0.5, "order_flow": 0.374, "volatility": 0.7}}
2026-03-12 15:23:10 | qs.exploit_gate | INFO  | Gate OPEN | type=MEAN_REVERTING conf=0.53 | H=0.698(TRENDING) S=0.776 AC=-0.132(MEAN_REVERTING) VR=0.586(MEAN_REVERTING) | pass_rate=97.0%
2026-03-12 15:23:13 | qs.volatility | INFO  | Top 3 volatile: BTC/USDT(0.077%), SOL/USDT(0.095%), ETH/USDT(0.079%)
2026-03-12 15:23:40 | qs.system    | INFO  | Cycle 52/100
2026-03-12 15:23:40 | qs.volatility | INFO  | Top 3 volatile: BTC/USDT(0.079%), SOL/USDT(0.096%), ETH/USDT(0.080%)
2026-03-12 15:23:42 | qs.exploit_gate | INFO  | Gate OPEN | type=MEAN_REVERTING conf=0.45 | H=0.714(TRENDING) S=0.717 AC=0.032(NONE) VR=0.662(MEAN_REVERTING) | pass_rate=97.0%
2026-03-12 15:23:42 | qs.exploit_gate | INFO  | Gate OPEN | type=TRENDING conf=0.53 | H=0.777(TRENDING) S=0.784 AC=0.116(TRENDING) VR=0.911(NONE) | pass_rate=97.0%
2026-03-12 15:23:42 | qs.exploit_gate | INFO  | Gate OPEN | type=MEAN_REVERTING conf=0.53 | H=0.698(TRENDING) S=0.775 AC=-0.126(MEAN_REVERTING) VR=0.585(MEAN_REVERTING) | pass_rate=97.0%
2026-03-12 15:23:45 | qs.volatility | INFO  | Top 3 volatile: BTC/USDT(0.077%), SOL/USDT(0.095%), ETH/USDT(0.079%)
2026-03-12 15:24:12 | qs.system    | INFO  | Cycle 53/100
2026-03-12 15:24:12 | qs.volatility | INFO  | Top 3 volatile: BTC/USDT(0.079%), SOL/USDT(0.096%), ETH/USDT(0.080%)
2026-03-12 15:24:13 | qs.exploit_gate | INFO  | Gate OPEN | type=MEAN_REVERTING conf=0.45 | H=0.738(TRENDING) S=0.717 AC=0.037(NONE) VR=0.546(MEAN_REVERTING) | pass_rate=97.0%
2026-03-12 15:24:13 | qs.exploit_gate | INFO  | Gate OPEN | type=TRENDING conf=0.53 | H=0.784(TRENDING) S=0.787 AC=0.127(TRENDING) VR=0.817(MEAN_REVERTING) | pass_rate=97.0%
2026-03-12 15:24:13 | qs.exploit_gate | INFO  | Gate OPEN | type=MEAN_REVERTING conf=0.53 | H=0.720(TRENDING) S=0.775 AC=-0.127(MEAN_REVERTING) VR=0.522(MEAN_REVERTING) | pass_rate=97.0%
2026-03-12 15:24:17 | qs.volatility | INFO  | Top 3 volatile: BTC/USDT(0.077%), SOL/USDT(0.095%), ETH/USDT(0.079%)
2026-03-12 15:24:43 | qs.system    | INFO  | Cycle 54/100
2026-03-12 15:24:43 | qs.volatility | INFO  | Top 3 volatile: BTC/USDT(0.079%), SOL/USDT(0.096%), ETH/USDT(0.080%)
2026-03-12 15:24:45 | qs.exploit_gate | INFO  | Gate OPEN | type=MEAN_REVERTING conf=0.45 | H=0.738(TRENDING) S=0.717 AC=0.037(NONE) VR=0.546(MEAN_REVERTING) | pass_rate=97.0%
2026-03-12 15:24:45 | qs.exploit_gate | INFO  | Gate OPEN | type=TRENDING conf=0.53 | H=0.784(TRENDING) S=0.787 AC=0.125(TRENDING) VR=0.815(MEAN_REVERTING) | pass_rate=97.0%
2026-03-12 15:24:45 | qs.signal    | INFO  | REJECT SOL/USDT LONG grade=D score=0.6 quality=0.607 | {"breakdown": {"technical": 0.799, "ml_confidence": 0.5, "order_flow": 0.459, "volatility": 0.7}}
2026-03-12 15:24:45 | qs.asym_risk | INFO  | LONG entry=86.83 | SL=86.61(0.25%) TP=87.22 | RR=1.8 EV=0.1843 ✓ +EV
2026-03-12 15:24:45 | qs.risk      | INFO  | Kelly sizing: p=0.66 rr=1.8 kelly_f=0.4703 risk%=0.0500 quality=0.66 size=$1888
2026-03-12 15:24:45 | qs.system    | INFO  | Execution attempt symbol=SOL/USDT signal=LONG mode=paper size=1887.84
2026-03-12 15:24:45 | qs.risk      | WARNING | TRADE_REJECTED | {"symbol": "SOL/USDT", "side": "LONG", "size_usd": 1887.84, "reasons": ["asset_exposure 95.0% > 95%"]}
2026-03-12 15:24:45 | qs.order     | INFO  | RISK_REJECT SOL/USDT LONG size=$1887.84 price=86.83 | {"reason": "asset_exposure 95.0% > 95%"}
2026-03-12 15:24:45 | qs.exploit_gate | INFO  | Gate OPEN | type=MEAN_REVERTING conf=0.53 | H=0.720(TRENDING) S=0.775 AC=-0.128(MEAN_REVERTING) VR=0.522(MEAN_REVERTING) | pass_rate=97.0%
2026-03-12 15:25:15 | qs.system    | INFO  | Cycle 55/100
2026-03-12 15:25:15 | qs.volatility | INFO  | Top 3 volatile: BTC/USDT(0.079%), SOL/USDT(0.096%), ETH/USDT(0.080%)
2026-03-12 15:25:17 | qs.exploit_gate | INFO  | Gate OPEN | type=MEAN_REVERTING conf=0.56 | H=0.706(TRENDING) S=0.698 AC=-0.119(MEAN_REVERTING) VR=0.481(MEAN_REVERTING) | pass_rate=97.0%
2026-03-12 15:25:17 | qs.exploit_gate | INFO  | Gate OPEN | type=MEAN_REVERTING conf=0.45 | H=0.766(TRENDING) S=0.777 AC=0.003(NONE) VR=0.843(MEAN_REVERTING) | pass_rate=97.0%
2026-03-12 15:25:17 | qs.exploit_gate | INFO  | Gate OPEN | type=MEAN_REVERTING conf=0.53 | H=0.700(TRENDING) S=0.778 AC=-0.222(MEAN_REVERTING) VR=0.520(MEAN_REVERTING) | pass_rate=97.0%
2026-03-12 15:25:31 | qs.system    | INFO  | Starting bot mode=paper symbols=['BTC/USDT', 'ETH/USDT', 'SOL/USDT']
2026-03-12 15:25:33 | qs.data      | INFO  | Exchange initialized for BTC/USDT
2026-03-12 15:25:33 | qs.data      | INFO  | Exchange initialized for ETH/USDT
2026-03-12 15:25:33 | qs.data      | INFO  | Exchange initialized for SOL/USDT
2026-03-12 15:25:33 | qs.graveyard | INFO  | Loaded 1 tombstones from graveyard
2026-03-12 15:25:33 | qs.data      | INFO  | Exchange initialized for BTC/USDT
2026-03-12 15:25:33 | qs.data      | INFO  | Exchange initialized for ETH/USDT
2026-03-12 15:25:33 | qs.data      | INFO  | Exchange initialized for SOL/USDT
2026-03-12 15:25:36 | qs.ml        | INFO  | Computing features for training...
2026-03-12 15:25:36 | qs.ml        | INFO  | Trained: val_accuracy=55.6% samples=386 top_features=['bb_width_z', 'hour_cos', 'ema50_slope']
2026-03-12 15:25:47 | qs.system    | INFO  | Cycle 56/100
2026-03-12 15:25:47 | qs.volatility | INFO  | Top 3 volatile: BTC/USDT(0.074%), SOL/USDT(0.097%), ETH/USDT(0.077%)
2026-03-12 15:25:49 | qs.exploit_gate | INFO  | Gate OPEN | type=MEAN_REVERTING conf=0.56 | H=0.706(TRENDING) S=0.698 AC=-0.120(MEAN_REVERTING) VR=0.480(MEAN_REVERTING) | pass_rate=97.0%
2026-03-12 15:25:49 | qs.exploit_gate | INFO  | Gate OPEN | type=MEAN_REVERTING conf=0.45 | H=0.766(TRENDING) S=0.777 AC=0.002(NONE) VR=0.844(MEAN_REVERTING) | pass_rate=97.0%
2026-03-12 15:25:49 | qs.exploit_gate | INFO  | Gate OPEN | type=MEAN_REVERTING conf=0.53 | H=0.700(TRENDING) S=0.778 AC=-0.222(MEAN_REVERTING) VR=0.520(MEAN_REVERTING) | pass_rate=97.0%
2026-03-12 15:25:51 | qs.volatility | INFO  | Top 3 volatile: BTC/USDT(0.074%), SOL/USDT(0.097%), ETH/USDT(0.077%)
2026-03-12 15:25:59 | qs.exploit_gate | INFO  | Gate OPEN | type=MEAN_REVERTING conf=0.56 | H=0.706(TRENDING) S=0.698 AC=-0.120(MEAN_REVERTING) VR=0.480(MEAN_REVERTING) | pass_rate=100.0%
2026-03-12 15:25:59 | qs.exploit_gate | INFO  | Gate OPEN | type=MEAN_REVERTING conf=0.45 | H=0.766(TRENDING) S=0.777 AC=0.002(NONE) VR=0.844(MEAN_REVERTING) | pass_rate=100.0%
2026-03-12 15:25:59 | qs.exploit_gate | INFO  | Gate OPEN | type=MEAN_REVERTING conf=0.53 | H=0.699(TRENDING) S=0.778 AC=-0.222(MEAN_REVERTING) VR=0.520(MEAN_REVERTING) | pass_rate=100.0%
2026-03-12 15:26:19 | qs.system    | INFO  | Cycle 57/100
2026-03-12 15:26:19 | qs.volatility | INFO  | Top 3 volatile: BTC/USDT(0.074%), SOL/USDT(0.097%), ETH/USDT(0.077%)
2026-03-12 15:26:21 | qs.exploit_gate | INFO  | Gate OPEN | type=MEAN_REVERTING conf=0.51 | H=0.667(TRENDING) S=0.865 AC=-0.138(MEAN_REVERTING) VR=0.617(MEAN_REVERTING) | pass_rate=97.0%
2026-03-12 15:26:21 | qs.exploit_gate | INFO  | Gate CLOSED | type=NONE conf=0.00 | H=0.754(TRENDING) S=0.769 AC=-0.015(NONE) VR=0.988(NONE) | pass_rate=96.0%
2026-03-12 15:26:21 | qs.exploit_gate | INFO  | Gate OPEN | type=MEAN_REVERTING conf=0.54 | H=0.663(TRENDING) S=0.768 AC=-0.254(MEAN_REVERTING) VR=0.554(MEAN_REVERTING) | pass_rate=96.0%
2026-03-12 15:26:29 | qs.volatility | INFO  | Top 3 volatile: BTC/USDT(0.074%), SOL/USDT(0.097%), ETH/USDT(0.077%)
2026-03-12 15:26:30 | qs.exploit_gate | INFO  | Gate OPEN | type=MEAN_REVERTING conf=0.51 | H=0.667(TRENDING) S=0.865 AC=-0.140(MEAN_REVERTING) VR=0.613(MEAN_REVERTING) | pass_rate=100.0%
2026-03-12 15:26:30 | qs.exploit_gate | INFO  | Gate CLOSED | type=NONE conf=0.00 | H=0.754(TRENDING) S=0.769 AC=-0.015(NONE) VR=0.988(NONE) | pass_rate=80.0%
2026-03-12 15:26:30 | qs.exploit_gate | INFO  | Gate OPEN | type=MEAN_REVERTING conf=0.54 | H=0.662(TRENDING) S=0.770 AC=-0.254(MEAN_REVERTING) VR=0.546(MEAN_REVERTING) | pass_rate=83.3%
2026-03-12 15:26:51 | qs.system    | INFO  | Cycle 58/100
2026-03-12 15:26:51 | qs.volatility | INFO  | Top 3 volatile: BTC/USDT(0.074%), SOL/USDT(0.097%), ETH/USDT(0.077%)
2026-03-12 15:26:53 | qs.exploit_gate | INFO  | Gate OPEN | type=MEAN_REVERTING conf=0.51 | H=0.667(TRENDING) S=0.869 AC=-0.131(MEAN_REVERTING) VR=0.620(MEAN_REVERTING) | pass_rate=96.0%
2026-03-12 15:26:53 | qs.graveyard | WARNING | BLOCKED by tombstone | similarity=0.81 | pattern_losses=1 | total_lost=$-1.56
2026-03-12 15:26:53 | qs.scalper   | INFO  | GRAVEYARD blocked BTC/USDT LONG (sim=0.81)
2026-03-12 15:26:54 | qs.exploit_gate | INFO  | Gate CLOSED | type=NONE conf=0.00 | H=0.754(TRENDING) S=0.776 AC=-0.009(NONE) VR=0.983(NONE) | pass_rate=95.0%
2026-03-12 15:26:54 | qs.exploit_gate | INFO  | Gate OPEN | type=MEAN_REVERTING conf=0.54 | H=0.663(TRENDING) S=0.771 AC=-0.245(MEAN_REVERTING) VR=0.559(MEAN_REVERTING) | pass_rate=95.0%
2026-03-12 15:26:54 | qs.signal    | INFO  | REJECT ETH/USDT LONG grade=D score=0.6 quality=0.607 | {"breakdown": {"technical": 0.799, "ml_confidence": 0.5, "order_flow": 0.461, "volatility": 0.7}}
2026-03-12 15:26:54 | qs.asym_risk | INFO  | LONG entry=2067.97 | SL=2063.83(0.20%) TP=2075.41 | RR=1.8 EV=3.5131 ✓ +EV
2026-03-12 15:26:54 | qs.risk      | INFO  | Kelly sizing: p=0.66 rr=1.8 kelly_f=0.4719 risk%=0.0500 quality=0.66 size=$1888
2026-03-12 15:26:54 | qs.system    | INFO  | Execution attempt symbol=ETH/USDT signal=LONG mode=paper size=1887.84
2026-03-12 15:26:54 | qs.risk      | WARNING | TRADE_REJECTED | {"symbol": "ETH/USDT", "side": "LONG", "size_usd": 1887.84, "reasons": ["asset_exposure 95.0% > 95%"]}
2026-03-12 15:26:54 | qs.order     | INFO  | RISK_REJECT ETH/USDT LONG size=$1887.84 price=2067.97 | {"reason": "asset_exposure 95.0% > 95%"}
2026-03-12 15:27:00 | qs.volatility | INFO  | Top 3 volatile: BTC/USDT(0.074%), SOL/USDT(0.097%), ETH/USDT(0.077%)
2026-03-12 15:27:02 | qs.exploit_gate | INFO  | Gate OPEN | type=MEAN_REVERTING conf=0.51 | H=0.666(TRENDING) S=0.870 AC=-0.124(MEAN_REVERTING) VR=0.639(MEAN_REVERTING) | pass_rate=85.7%
2026-03-12 15:27:02 | qs.graveyard | WARNING | BLOCKED by tombstone | similarity=0.84 | pattern_losses=1 | total_lost=$-1.56
2026-03-12 15:27:02 | qs.scalper   | INFO  | GRAVEYARD blocked BTC/USDT LONG (sim=0.84)
2026-03-12 15:27:02 | qs.exploit_gate | INFO  | Gate CLOSED | type=NONE conf=0.00 | H=0.754(TRENDING) S=0.776 AC=-0.009(NONE) VR=0.983(NONE) | pass_rate=75.0%
2026-03-12 15:27:02 | qs.exploit_gate | INFO  | Gate OPEN | type=MEAN_REVERTING conf=0.54 | H=0.663(TRENDING) S=0.771 AC=-0.242(MEAN_REVERTING) VR=0.558(MEAN_REVERTING) | pass_rate=77.8%
2026-03-12 15:27:24 | qs.system    | INFO  | Cycle 59/100
2026-03-12 15:27:24 | qs.volatility | INFO  | Top 3 volatile: BTC/USDT(0.074%), SOL/USDT(0.097%), ETH/USDT(0.077%)
2026-03-12 15:27:26 | qs.exploit_gate | INFO  | Gate OPEN | type=MEAN_REVERTING conf=0.51 | H=0.666(TRENDING) S=0.870 AC=-0.121(MEAN_REVERTING) VR=0.641(MEAN_REVERTING) | pass_rate=95.0%
2026-03-12 15:27:26 | qs.graveyard | WARNING | BLOCKED by tombstone | similarity=0.86 | pattern_losses=1 | total_lost=$-1.56
2026-03-12 15:27:26 | qs.scalper   | INFO  | GRAVEYARD blocked BTC/USDT LONG (sim=0.85)
2026-03-12 15:27:26 | qs.exploit_gate | INFO  | Gate CLOSED | type=NONE conf=0.00 | H=0.753(TRENDING) S=0.776 AC=-0.000(NONE) VR=1.004(NONE) | pass_rate=94.0%
2026-03-12 15:27:26 | qs.exploit_gate | INFO  | Gate OPEN | type=MEAN_REVERTING conf=0.53 | H=0.665(TRENDING) S=0.777 AC=-0.215(MEAN_REVERTING) VR=0.579(MEAN_REVERTING) | pass_rate=94.0%
2026-03-12 15:27:32 | qs.volatility | INFO  | Top 3 volatile: BTC/USDT(0.074%), SOL/USDT(0.097%), ETH/USDT(0.077%)
2026-03-12 15:27:34 | qs.exploit_gate | INFO  | Gate OPEN | type=MEAN_REVERTING conf=0.50 | H=0.667(TRENDING) S=0.876 AC=-0.095(MEAN_REVERTING) VR=0.647(MEAN_REVERTING) | pass_rate=80.0%
2026-03-12 15:27:34 | qs.exploit_gate | INFO  | Gate CLOSED | type=NONE conf=0.00 | H=0.753(TRENDING) S=0.780 AC=0.011(NONE) VR=1.005(NONE) | pass_rate=72.7%
2026-03-12 15:27:34 | qs.exploit_gate | INFO  | Gate OPEN | type=MEAN_REVERTING conf=0.53 | H=0.665(TRENDING) S=0.777 AC=-0.215(MEAN_REVERTING) VR=0.579(MEAN_REVERTING) | pass_rate=75.0%
2026-03-12 15:27:56 | qs.system    | INFO  | Cycle 60/100
2026-03-12 15:27:56 | qs.volatility | INFO  | Top 3 volatile: BTC/USDT(0.074%), SOL/USDT(0.097%), ETH/USDT(0.077%)
2026-03-12 15:27:58 | qs.exploit_gate | INFO  | Gate OPEN | type=MEAN_REVERTING conf=0.51 | H=0.666(TRENDING) S=0.870 AC=-0.123(MEAN_REVERTING) VR=0.640(MEAN_REVERTING) | pass_rate=94.0%
2026-03-12 15:27:59 | qs.signal    | INFO  | ACCEPT BTC/USDT LONG grade=C score=0.7 quality=0.666 | {"breakdown": {"technical": 0.799, "ml_confidence": 0.5, "order_flow": 0.757, "volatility": 0.7}}
2026-03-12 15:27:59 | qs.asym_risk | INFO  | LONG entry=70400.50 | SL=70259.70(0.20%) TP=70653.94 | RR=1.8 EV=141.7528 ✓ +EV
2026-03-12 15:27:59 | qs.risk      | INFO  | Kelly sizing: p=0.72 rr=1.8 kelly_f=0.5593 risk%=0.0500 quality=0.72 size=$1888
2026-03-12 15:27:59 | qs.system    | INFO  | Execution attempt symbol=BTC/USDT signal=LONG mode=paper size=1887.84
2026-03-12 15:27:59 | qs.risk      | WARNING | TRADE_REJECTED | {"symbol": "BTC/USDT", "side": "LONG", "size_usd": 1887.84, "reasons": ["asset_exposure 95.0% > 95%"]}
2026-03-12 15:27:59 | qs.order     | INFO  | RISK_REJECT BTC/USDT LONG size=$1887.84 price=70400.50 | {"reason": "asset_exposure 95.0% > 95%"}
2026-03-12 15:27:59 | qs.exploit_gate | INFO  | Gate CLOSED | type=NONE conf=0.00 | H=0.753(TRENDING) S=0.776 AC=0.002(NONE) VR=1.005(NONE) | pass_rate=93.0%
2026-03-12 15:27:59 | qs.exploit_gate | INFO  | Gate OPEN | type=MEAN_REVERTING conf=0.54 | H=0.665(TRENDING) S=0.771 AC=-0.233(MEAN_REVERTING) VR=0.575(MEAN_REVERTING) | pass_rate=93.0%
2026-03-12 15:28:04 | qs.volatility | INFO  | Top 3 volatile: BTC/USDT(0.074%), SOL/USDT(0.097%), ETH/USDT(0.077%)
2026-03-12 15:28:06 | qs.exploit_gate | INFO  | Gate OPEN | type=MEAN_REVERTING conf=0.51 | H=0.665(TRENDING) S=0.870 AC=-0.122(MEAN_REVERTING) VR=0.655(MEAN_REVERTING) | pass_rate=76.9%
2026-03-12 15:28:06 | qs.signal    | INFO  | REJECT BTC/USDT LONG grade=D score=0.6 quality=0.592 | {"breakdown": {"technical": 0.799, "ml_confidence": 0.419, "order_flow": 0.528, "volatility": 0.7}}
2026-03-12 15:28:06 | qs.exploit_gate | INFO  | Gate CLOSED | type=NONE conf=0.00 | H=0.755(TRENDING) S=0.774 AC=-0.003(NONE) VR=1.014(NONE) | pass_rate=71.4%
2026-03-12 15:28:06 | qs.exploit_gate | INFO  | Gate OPEN | type=MEAN_REVERTING conf=0.54 | H=0.668(TRENDING) S=0.768 AC=-0.237(MEAN_REVERTING) VR=0.582(MEAN_REVERTING) | pass_rate=73.3%
2026-03-12 15:28:29 | qs.system    | INFO  | Cycle 61/100
2026-03-12 15:28:37 | qs.volatility | INFO  | Top 3 volatile: BTC/USDT(0.075%), SOL/USDT(0.100%), ETH/USDT(0.083%)
2026-03-12 15:28:39 | qs.exploit_gate | INFO  | Gate OPEN | type=MEAN_REVERTING conf=0.51 | H=0.665(TRENDING) S=0.870 AC=-0.122(MEAN_REVERTING) VR=0.656(MEAN_REVERTING) | pass_rate=93.0%
2026-03-12 15:28:39 | qs.volatility | INFO  | Top 3 volatile: BTC/USDT(0.075%), SOL/USDT(0.101%), ETH/USDT(0.083%)
2026-03-12 15:28:39 | qs.signal    | INFO  | ACCEPT BTC/USDT LONG grade=C score=0.7 quality=0.695 | {"breakdown": {"technical": 0.799, "ml_confidence": 0.5, "order_flow": 0.902, "volatility": 0.7}}
2026-03-12 15:28:39 | qs.asym_risk | INFO  | LONG entry=70398.80 | SL=70258.00(0.20%) TP=70652.24 | RR=1.8 EV=153.1822 ✓ +EV
2026-03-12 15:28:39 | qs.risk      | INFO  | Kelly sizing: p=0.75 rr=1.8 kelly_f=0.6044 risk%=0.0500 quality=0.75 size=$1888
2026-03-12 15:28:39 | qs.system    | INFO  | Execution attempt symbol=BTC/USDT signal=LONG mode=paper size=1887.84
2026-03-12 15:28:39 | qs.risk      | WARNING | TRADE_REJECTED | {"symbol": "BTC/USDT", "side": "LONG", "size_usd": 1887.84, "reasons": ["asset_exposure 95.0% > 95%"]}
2026-03-12 15:28:39 | qs.order     | INFO  | RISK_REJECT BTC/USDT LONG size=$1887.84 price=70398.80 | {"reason": "asset_exposure 95.0% > 95%"}
2026-03-12 15:28:39 | qs.exploit_gate | INFO  | Gate CLOSED | type=NONE conf=0.00 | H=0.754(TRENDING) S=0.779 AC=0.000(NONE) VR=1.018(NONE) | pass_rate=92.0%
2026-03-12 15:28:39 | qs.exploit_gate | INFO  | Gate OPEN | type=MEAN_REVERTING conf=0.54 | H=0.668(TRENDING) S=0.768 AC=-0.237(MEAN_REVERTING) VR=0.583(MEAN_REVERTING) | pass_rate=92.0%
2026-03-12 15:28:41 | qs.exploit_gate | INFO  | Gate OPEN | type=MEAN_REVERTING conf=0.51 | H=0.665(TRENDING) S=0.870 AC=-0.122(MEAN_REVERTING) VR=0.657(MEAN_REVERTING) | pass_rate=75.0%
2026-03-12 15:28:41 | qs.signal    | INFO  | REJECT BTC/USDT LONG grade=D score=0.6 quality=0.565 | {"breakdown": {"technical": 0.799, "ml_confidence": 0.384, "order_flow": 0.453, "volatility": 0.7}}
2026-03-12 15:28:41 | qs.exploit_gate | INFO  | Gate CLOSED | type=NONE conf=0.00 | H=0.754(TRENDING) S=0.774 AC=-0.000(NONE) VR=1.017(NONE) | pass_rate=70.6%
2026-03-12 15:28:41 | qs.exploit_gate | INFO  | Gate OPEN | type=MEAN_REVERTING conf=0.54 | H=0.668(TRENDING) S=0.768 AC=-0.237(MEAN_REVERTING) VR=0.583(MEAN_REVERTING) | pass_rate=72.2%
2026-03-12 15:29:09 | qs.system    | INFO  | Cycle 62/100
2026-03-12 15:29:09 | qs.volatility | INFO  | Top 3 volatile: BTC/USDT(0.075%), SOL/USDT(0.100%), ETH/USDT(0.083%)
2026-03-12 15:29:11 | qs.volatility | INFO  | Top 3 volatile: BTC/USDT(0.075%), SOL/USDT(0.101%), ETH/USDT(0.083%)
2026-03-12 15:29:11 | qs.exploit_gate | INFO  | Gate OPEN | type=MEAN_REVERTING conf=0.51 | H=0.675(TRENDING) S=0.870 AC=-0.124(MEAN_REVERTING) VR=0.657(MEAN_REVERTING) | pass_rate=92.0%
2026-03-12 15:29:11 | qs.graveyard | WARNING | BLOCKED by tombstone | similarity=0.83 | pattern_losses=1 | total_lost=$-1.56
2026-03-12 15:29:11 | qs.scalper   | INFO  | GRAVEYARD blocked BTC/USDT LONG (sim=0.83)
2026-03-12 15:29:11 | qs.exploit_gate | INFO  | Gate CLOSED | type=NONE conf=0.00 | H=0.769(TRENDING) S=0.771 AC=-0.005(NONE) VR=1.039(NONE) | pass_rate=91.0%
2026-03-12 15:29:11 | qs.exploit_gate | INFO  | Gate OPEN | type=MEAN_REVERTING conf=0.54 | H=0.687(TRENDING) S=0.768 AC=-0.239(MEAN_REVERTING) VR=0.584(MEAN_REVERTING) | pass_rate=91.0%
2026-03-12 15:29:13 | qs.exploit_gate | INFO  | Gate OPEN | type=MEAN_REVERTING conf=0.51 | H=0.675(TRENDING) S=0.870 AC=-0.125(MEAN_REVERTING) VR=0.658(MEAN_REVERTING) | pass_rate=73.7%
2026-03-12 15:29:13 | qs.graveyard | WARNING | BLOCKED by tombstone | similarity=0.83 | pattern_losses=1 | total_lost=$-1.56
2026-03-12 15:29:13 | qs.scalper   | INFO  | GRAVEYARD blocked BTC/USDT LONG (sim=0.83)
2026-03-12 15:29:13 | qs.exploit_gate | INFO  | Gate CLOSED | type=NONE conf=0.00 | H=0.769(TRENDING) S=0.771 AC=-0.005(NONE) VR=1.039(NONE) | pass_rate=70.0%
2026-03-12 15:29:13 | qs.exploit_gate | INFO  | Gate OPEN | type=MEAN_REVERTING conf=0.54 | H=0.687(TRENDING) S=0.768 AC=-0.238(MEAN_REVERTING) VR=0.583(MEAN_REVERTING) | pass_rate=71.4%
2026-03-12 15:29:41 | qs.system    | INFO  | Cycle 63/100
2026-03-12 15:29:41 | qs.volatility | INFO  | Top 3 volatile: BTC/USDT(0.075%), SOL/USDT(0.100%), ETH/USDT(0.083%)
2026-03-12 15:29:43 | qs.volatility | INFO  | Top 3 volatile: BTC/USDT(0.075%), SOL/USDT(0.101%), ETH/USDT(0.083%)
2026-03-12 15:29:43 | qs.exploit_gate | INFO  | Gate OPEN | type=MEAN_REVERTING conf=0.51 | H=0.676(TRENDING) S=0.871 AC=-0.122(MEAN_REVERTING) VR=0.654(MEAN_REVERTING) | pass_rate=91.0%
2026-03-12 15:29:43 | qs.exploit_gate | INFO  | Gate CLOSED | type=NONE conf=0.00 | H=0.769(TRENDING) S=0.771 AC=-0.005(NONE) VR=1.038(NONE) | pass_rate=90.0%
2026-03-12 15:29:43 | qs.exploit_gate | INFO  | Gate OPEN | type=MEAN_REVERTING conf=0.54 | H=0.687(TRENDING) S=0.768 AC=-0.238(MEAN_REVERTING) VR=0.583(MEAN_REVERTING) | pass_rate=90.0%
2026-03-12 15:29:44 | qs.exploit_gate | INFO  | Gate OPEN | type=MEAN_REVERTING conf=0.51 | H=0.676(TRENDING) S=0.870 AC=-0.123(MEAN_REVERTING) VR=0.655(MEAN_REVERTING) | pass_rate=72.7%
2026-03-12 15:29:44 | qs.exploit_gate | INFO  | Gate CLOSED | type=NONE conf=0.00 | H=0.769(TRENDING) S=0.771 AC=-0.005(NONE) VR=1.039(NONE) | pass_rate=69.6%
2026-03-12 15:29:44 | qs.exploit_gate | INFO  | Gate OPEN | type=MEAN_REVERTING conf=0.54 | H=0.687(TRENDING) S=0.768 AC=-0.238(MEAN_REVERTING) VR=0.583(MEAN_REVERTING) | pass_rate=70.8%
2026-03-12 15:30:13 | qs.system    | INFO  | Cycle 64/100
2026-03-12 15:30:13 | qs.volatility | INFO  | Top 3 volatile: BTC/USDT(0.075%), SOL/USDT(0.100%), ETH/USDT(0.083%)
2026-03-12 15:30:14 | qs.volatility | INFO  | Top 3 volatile: BTC/USDT(0.075%), SOL/USDT(0.101%), ETH/USDT(0.083%)
2026-03-12 15:30:15 | qs.exploit_gate | INFO  | Gate OPEN | type=MEAN_REVERTING conf=0.50 | H=0.680(TRENDING) S=0.876 AC=-0.115(MEAN_REVERTING) VR=0.623(MEAN_REVERTING) | pass_rate=90.0%
2026-03-12 15:30:15 | qs.exploit_gate | INFO  | Gate CLOSED | type=NONE conf=0.00 | H=0.766(TRENDING) S=0.779 AC=-0.005(NONE) VR=1.005(NONE) | pass_rate=89.0%
2026-03-12 15:30:15 | qs.exploit_gate | INFO  | Gate OPEN | type=MEAN_REVERTING conf=0.53 | H=0.677(TRENDING) S=0.774 AC=-0.230(MEAN_REVERTING) VR=0.575(MEAN_REVERTING) | pass_rate=89.0%
2026-03-12 15:30:15 | qs.exploit_gate | INFO  | Gate OPEN | type=MEAN_REVERTING conf=0.50 | H=0.680(TRENDING) S=0.877 AC=-0.104(MEAN_REVERTING) VR=0.624(MEAN_REVERTING) | pass_rate=72.0%
2026-03-12 15:30:15 | qs.exploit_gate | INFO  | Gate CLOSED | type=NONE conf=0.00 | H=0.766(TRENDING) S=0.779 AC=-0.007(NONE) VR=1.005(NONE) | pass_rate=69.2%
2026-03-12 15:30:15 | qs.exploit_gate | INFO  | Gate OPEN | type=MEAN_REVERTING conf=0.54 | H=0.677(TRENDING) S=0.771 AC=-0.235(MEAN_REVERTING) VR=0.577(MEAN_REVERTING) | pass_rate=70.4%
2026-03-12 15:30:45 | qs.system    | INFO  | Cycle 65/100
2026-03-12 15:30:45 | qs.volatility | INFO  | Top 3 volatile: BTC/USDT(0.075%), SOL/USDT(0.100%), ETH/USDT(0.083%)
2026-03-12 15:30:46 | qs.exploit_gate | INFO  | Gate OPEN | type=MEAN_REVERTING conf=0.50 | H=0.680(TRENDING) S=0.877 AC=-0.102(MEAN_REVERTING) VR=0.624(MEAN_REVERTING) | pass_rate=89.0%
2026-03-12 15:30:46 | qs.exploit_gate | INFO  | Gate CLOSED | type=NONE conf=0.00 | H=0.766(TRENDING) S=0.781 AC=0.005(NONE) VR=1.001(NONE) | pass_rate=88.0%
2026-03-12 15:30:46 | qs.exploit_gate | INFO  | Gate OPEN | type=MEAN_REVERTING conf=0.53 | H=0.677(TRENDING) S=0.774 AC=-0.228(MEAN_REVERTING) VR=0.573(MEAN_REVERTING) | pass_rate=88.0%
2026-03-12 15:30:48 | qs.volatility | INFO  | Top 3 volatile: BTC/USDT(0.075%), SOL/USDT(0.101%), ETH/USDT(0.083%)
2026-03-12 15:30:49 | qs.exploit_gate | INFO  | Gate OPEN | type=MEAN_REVERTING conf=0.50 | H=0.680(TRENDING) S=0.879 AC=-0.092(MEAN_REVERTING) VR=0.622(MEAN_REVERTING) | pass_rate=71.4%
2026-03-12 15:30:49 | qs.exploit_gate | INFO  | Gate CLOSED | type=NONE conf=0.00 | H=0.766(TRENDING) S=0.781 AC=0.002(NONE) VR=1.003(NONE) | pass_rate=69.0%
2026-03-12 15:30:49 | qs.exploit_gate | INFO  | Gate OPEN | type=MEAN_REVERTING conf=0.53 | H=0.677(TRENDING) S=0.774 AC=-0.232(MEAN_REVERTING) VR=0.576(MEAN_REVERTING) | pass_rate=70.0%
2026-03-12 15:31:16 | qs.system    | INFO  | Cycle 66/100
2026-03-12 15:31:17 | qs.volatility | INFO  | Top 3 volatile: SOL/USDT(0.103%), BTC/USDT(0.085%), ETH/USDT(0.086%)
2026-03-12 15:31:18 | qs.exploit_gate | INFO  | Gate CLOSED | type=NONE conf=0.00 | H=0.783(TRENDING) S=0.774 AC=-0.004(NONE) VR=1.011(NONE) | pass_rate=87.0%
2026-03-12 15:31:18 | qs.exploit_gate | INFO  | Gate OPEN | type=MEAN_REVERTING conf=0.50 | H=0.673(TRENDING) S=0.882 AC=-0.137(MEAN_REVERTING) VR=0.612(MEAN_REVERTING) | pass_rate=87.0%
2026-03-12 15:31:18 | qs.exploit_gate | INFO  | Gate OPEN | type=MEAN_REVERTING conf=0.53 | H=0.678(TRENDING) S=0.774 AC=-0.234(MEAN_REVERTING) VR=0.577(MEAN_REVERTING) | pass_rate=87.0%
2026-03-12 15:31:24 | qs.volatility | INFO  | Top 3 volatile: SOL/USDT(0.104%), BTC/USDT(0.086%), ETH/USDT(0.087%)
2026-03-12 15:31:25 | qs.exploit_gate | INFO  | Gate CLOSED | type=NONE conf=0.00 | H=0.784(TRENDING) S=0.777 AC=-0.007(NONE) VR=1.011(NONE) | pass_rate=67.7%
2026-03-12 15:31:25 | qs.exploit_gate | INFO  | Gate OPEN | type=MEAN_REVERTING conf=0.50 | H=0.674(TRENDING) S=0.880 AC=-0.131(MEAN_REVERTING) VR=0.612(MEAN_REVERTING) | pass_rate=68.8%
2026-03-12 15:31:25 | qs.exploit_gate | INFO  | Gate OPEN | type=MEAN_REVERTING conf=0.54 | H=0.678(TRENDING) S=0.771 AC=-0.231(MEAN_REVERTING) VR=0.578(MEAN_REVERTING) | pass_rate=69.7%
2026-03-12 15:31:48 | qs.system    | INFO  | Cycle 67/100
2026-03-12 15:31:48 | qs.volatility | INFO  | Top 3 volatile: SOL/USDT(0.103%), BTC/USDT(0.085%), ETH/USDT(0.086%)
2026-03-12 15:31:50 | qs.exploit_gate | INFO  | Gate CLOSED | type=NONE conf=0.00 | H=0.784(TRENDING) S=0.777 AC=-0.007(NONE) VR=1.011(NONE) | pass_rate=86.0%
2026-03-12 15:31:50 | qs.exploit_gate | INFO  | Gate OPEN | type=MEAN_REVERTING conf=0.50 | H=0.673(TRENDING) S=0.882 AC=-0.138(MEAN_REVERTING) VR=0.612(MEAN_REVERTING) | pass_rate=86.0%
2026-03-12 15:31:50 | qs.exploit_gate | INFO  | Gate OPEN | type=MEAN_REVERTING conf=0.53 | H=0.678(TRENDING) S=0.774 AC=-0.235(MEAN_REVERTING) VR=0.577(MEAN_REVERTING) | pass_rate=86.0%
2026-03-12 15:31:55 | qs.volatility | INFO  | Top 3 volatile: SOL/USDT(0.104%), BTC/USDT(0.086%), ETH/USDT(0.087%)
2026-03-12 15:31:57 | qs.exploit_gate | INFO  | Gate CLOSED | type=NONE conf=0.00 | H=0.784(TRENDING) S=0.777 AC=-0.007(NONE) VR=1.011(NONE) | pass_rate=67.6%
2026-03-12 15:31:57 | qs.exploit_gate | INFO  | Gate OPEN | type=MEAN_REVERTING conf=0.50 | H=0.673(TRENDING) S=0.882 AC=-0.141(MEAN_REVERTING) VR=0.612(MEAN_REVERTING) | pass_rate=68.6%
2026-03-12 15:31:57 | qs.exploit_gate | INFO  | Gate OPEN | type=MEAN_REVERTING conf=0.53 | H=0.678(TRENDING) S=0.774 AC=-0.234(MEAN_REVERTING) VR=0.577(MEAN_REVERTING) | pass_rate=69.4%
2026-03-12 15:32:20 | qs.system    | INFO  | Cycle 68/100
2026-03-12 15:32:20 | qs.volatility | INFO  | Top 3 volatile: SOL/USDT(0.103%), BTC/USDT(0.085%), ETH/USDT(0.086%)
2026-03-12 15:32:22 | qs.exploit_gate | INFO  | Gate CLOSED | type=NONE conf=0.00 | H=0.777(TRENDING) S=0.774 AC=-0.006(NONE) VR=1.017(NONE) | pass_rate=85.0%
2026-03-12 15:32:22 | qs.exploit_gate | INFO  | Gate OPEN | type=MEAN_REVERTING conf=0.50 | H=0.672(TRENDING) S=0.878 AC=-0.138(MEAN_REVERTING) VR=0.620(MEAN_REVERTING) | pass_rate=85.0%
2026-03-12 15:32:22 | qs.exploit_gate | INFO  | Gate OPEN | type=MEAN_REVERTING conf=0.54 | H=0.679(TRENDING) S=0.768 AC=-0.233(MEAN_REVERTING) VR=0.587(MEAN_REVERTING) | pass_rate=85.0%
2026-03-12 15:43:35 | qs.system    | INFO  | Starting Quant Scalper v6 on http://localhost:8000
2026-03-12 15:43:54 | qs.system    | INFO  | Starting bot mode=paper symbols=['BTC/USDT', 'ETH/USDT', 'SOL/USDT']
2026-03-12 15:43:56 | qs.data      | INFO  | Exchange initialized for BTC/USDT
2026-03-12 15:43:56 | qs.data      | INFO  | Exchange initialized for ETH/USDT
2026-03-12 15:43:56 | qs.data      | INFO  | Exchange initialized for SOL/USDT
2026-03-12 15:43:56 | qs.graveyard | INFO  | Loaded 1 tombstones from graveyard
2026-03-12 15:43:56 | qs.data      | INFO  | Exchange initialized for BTC/USDT
2026-03-12 15:43:56 | qs.data      | INFO  | Exchange initialized for ETH/USDT
2026-03-12 15:43:56 | qs.data      | INFO  | Exchange initialized for SOL/USDT
2026-03-12 15:43:59 | qs.ml        | INFO  | Computing features for training...
2026-03-12 15:44:00 | qs.ml        | INFO  | Trained: val_accuracy=49.7% samples=394 top_features=['hour_cos', 'bb_width_z', 'macd_hist_z']
2026-03-12 15:44:19 | qs.volatility | INFO  | Top 3 volatile: ETH/USDT(0.079%), BTC/USDT(0.074%), SOL/USDT(0.093%)
2026-03-12 15:44:29 | qs.exploit_gate | INFO  | Gate OPEN | type=MEAN_REVERTING conf=0.53 | H=0.722(TRENDING) S=0.806 AC=-0.155(MEAN_REVERTING) VR=0.668(MEAN_REVERTING) | pass_rate=100.0%
2026-03-12 15:44:29 | qs.exploit_gate | INFO  | Gate OPEN | type=MEAN_REVERTING conf=0.50 | H=0.717(TRENDING) S=0.883 AC=-0.094(MEAN_REVERTING) VR=0.623(MEAN_REVERTING) | pass_rate=100.0%
2026-03-12 15:44:29 | qs.exploit_gate | INFO  | Gate CLOSED | type=NONE conf=0.00 | H=0.775(TRENDING) S=0.798 AC=0.016(NONE) VR=0.967(NONE) | pass_rate=66.7%
2026-03-12 15:44:59 | qs.volatility | INFO  | Top 3 volatile: ETH/USDT(0.079%), BTC/USDT(0.074%), SOL/USDT(0.093%)
2026-03-12 15:45:01 | qs.exploit_gate | INFO  | Gate OPEN | type=MEAN_REVERTING conf=0.53 | H=0.722(TRENDING) S=0.806 AC=-0.154(MEAN_REVERTING) VR=0.667(MEAN_REVERTING) | pass_rate=75.0%
2026-03-12 15:45:01 | qs.exploit_gate | INFO  | Gate OPEN | type=MEAN_REVERTING conf=0.50 | H=0.717(TRENDING) S=0.880 AC=-0.094(MEAN_REVERTING) VR=0.625(MEAN_REVERTING) | pass_rate=80.0%
2026-03-12 15:45:01 | qs.exploit_gate | INFO  | Gate CLOSED | type=NONE conf=0.00 | H=0.774(TRENDING) S=0.795 AC=0.016(NONE) VR=0.968(NONE) | pass_rate=66.7%
2026-03-12 15:45:31 | qs.volatility | INFO  | Top 3 volatile: ETH/USDT(0.079%), BTC/USDT(0.074%), SOL/USDT(0.093%)
2026-03-12 15:45:33 | qs.exploit_gate | INFO  | Gate OPEN | type=MEAN_REVERTING conf=0.52 | H=0.708(TRENDING) S=0.809 AC=-0.168(MEAN_REVERTING) VR=0.654(MEAN_REVERTING) | pass_rate=71.4%
2026-03-12 15:45:33 | qs.exploit_gate | INFO  | Gate OPEN | type=MEAN_REVERTING conf=0.50 | H=0.704(TRENDING) S=0.878 AC=-0.111(MEAN_REVERTING) VR=0.598(MEAN_REVERTING) | pass_rate=75.0%
2026-03-12 15:45:33 | qs.exploit_gate | INFO  | Gate CLOSED | type=NONE conf=0.00 | H=0.754(TRENDING) S=0.794 AC=0.004(NONE) VR=0.958(NONE) | pass_rate=66.7%
2026-03-12 15:46:03 | qs.volatility | INFO  | Top 3 volatile: ETH/USDT(0.079%), BTC/USDT(0.074%), SOL/USDT(0.093%)
2026-03-12 15:46:05 | qs.exploit_gate | INFO  | Gate OPEN | type=MEAN_REVERTING conf=0.53 | H=0.688(TRENDING) S=0.806 AC=-0.171(MEAN_REVERTING) VR=0.668(MEAN_REVERTING) | pass_rate=70.0%
2026-03-12 15:46:05 | qs.exploit_gate | INFO  | Gate OPEN | type=MEAN_REVERTING conf=0.50 | H=0.704(TRENDING) S=0.875 AC=-0.107(MEAN_REVERTING) VR=0.605(MEAN_REVERTING) | pass_rate=72.7%
2026-03-12 15:46:05 | qs.exploit_gate | INFO  | Gate CLOSED | type=NONE conf=0.00 | H=0.755(TRENDING) S=0.780 AC=-0.009(NONE) VR=0.973(NONE) | pass_rate=66.7%
2026-03-12 15:46:35 | qs.volatility | INFO  | Top 3 volatile: ETH/USDT(0.079%), BTC/USDT(0.074%), SOL/USDT(0.093%)
2026-03-12 15:46:39 | qs.exploit_gate | INFO  | Gate OPEN | type=MEAN_REVERTING conf=0.53 | H=0.688(TRENDING) S=0.806 AC=-0.170(MEAN_REVERTING) VR=0.669(MEAN_REVERTING) | pass_rate=69.2%
2026-03-12 15:46:39 | qs.exploit_gate | INFO  | Gate OPEN | type=MEAN_REVERTING conf=0.51 | H=0.684(TRENDING) S=0.871 AC=-0.127(MEAN_REVERTING) VR=0.615(MEAN_REVERTING) | pass_rate=71.4%
2026-03-12 15:46:39 | qs.exploit_gate | INFO  | Gate CLOSED | type=NONE conf=0.00 | H=0.755(TRENDING) S=0.780 AC=-0.009(NONE) VR=0.972(NONE) | pass_rate=66.7%
2026-03-12 15:47:13 | qs.volatility | INFO  | Top 3 volatile: BTC/USDT(0.077%), ETH/USDT(0.079%), SOL/USDT(0.094%)
2026-03-12 15:47:14 | qs.exploit_gate | INFO  | Gate OPEN | type=MEAN_REVERTING conf=0.51 | H=0.669(TRENDING) S=0.862 AC=-0.134(MEAN_REVERTING) VR=0.638(MEAN_REVERTING) | pass_rate=68.8%
2026-03-12 15:47:14 | qs.exploit_gate | INFO  | Gate OPEN | type=MEAN_REVERTING conf=0.53 | H=0.685(TRENDING) S=0.800 AC=-0.168(MEAN_REVERTING) VR=0.690(MEAN_REVERTING) | pass_rate=70.6%
2026-03-12 15:47:14 | qs.exploit_gate | INFO  | Gate CLOSED | type=NONE conf=0.00 | H=0.749(TRENDING) S=0.775 AC=-0.006(NONE) VR=0.982(NONE) | pass_rate=66.7%
2026-03-12 15:47:44 | qs.volatility | INFO  | Top 3 volatile: BTC/USDT(0.077%), ETH/USDT(0.079%), SOL/USDT(0.094%)
2026-03-12 15:47:44 | qs.exploit_gate | INFO  | Gate OPEN | type=MEAN_REVERTING conf=0.51 | H=0.669(TRENDING) S=0.862 AC=-0.136(MEAN_REVERTING) VR=0.634(MEAN_REVERTING) | pass_rate=68.4%
2026-03-12 15:47:44 | qs.exploit_gate | INFO  | Gate OPEN | type=MEAN_REVERTING conf=0.53 | H=0.685(TRENDING) S=0.804 AC=-0.168(MEAN_REVERTING) VR=0.684(MEAN_REVERTING) | pass_rate=70.0%
2026-03-12 15:47:44 | qs.exploit_gate | INFO  | Gate CLOSED | type=NONE conf=0.00 | H=0.748(TRENDING) S=0.780 AC=-0.009(NONE) VR=0.977(NONE) | pass_rate=66.7%
2026-03-12 15:48:14 | qs.volatility | INFO  | Top 3 volatile: BTC/USDT(0.077%), ETH/USDT(0.079%), SOL/USDT(0.094%)
2026-03-12 15:48:16 | qs.exploit_gate | INFO  | Gate OPEN | type=MEAN_REVERTING conf=0.51 | H=0.678(TRENDING) S=0.867 AC=-0.130(MEAN_REVERTING) VR=0.641(MEAN_REVERTING) | pass_rate=68.2%
2026-03-12 15:48:16 | qs.exploit_gate | INFO  | Gate OPEN | type=MEAN_REVERTING conf=0.53 | H=0.690(TRENDING) S=0.806 AC=-0.173(MEAN_REVERTING) VR=0.691(MEAN_REVERTING) | pass_rate=69.6%
2026-03-12 15:48:16 | qs.exploit_gate | INFO  | Gate CLOSED | type=NONE conf=0.00 | H=0.750(TRENDING) S=0.787 AC=-0.034(NONE) VR=0.935(NONE) | pass_rate=66.7%
2026-03-12 15:48:46 | qs.volatility | INFO  | Top 3 volatile: BTC/USDT(0.077%), ETH/USDT(0.079%), SOL/USDT(0.094%)
2026-03-12 15:48:47 | qs.exploit_gate | INFO  | Gate OPEN | type=MEAN_REVERTING conf=0.51 | H=0.678(TRENDING) S=0.872 AC=-0.128(MEAN_REVERTING) VR=0.636(MEAN_REVERTING) | pass_rate=68.0%
2026-03-12 15:48:47 | qs.exploit_gate | INFO  | Gate OPEN | type=MEAN_REVERTING conf=0.52 | H=0.690(TRENDING) S=0.820 AC=-0.172(MEAN_REVERTING) VR=0.685(MEAN_REVERTING) | pass_rate=69.2%
2026-03-12 15:48:47 | qs.graveyard | WARNING | BLOCKED by tombstone | similarity=0.85 | pattern_losses=1 | total_lost=$-1.56
2026-03-12 15:48:47 | qs.scalper   | INFO  | GRAVEYARD blocked ETH/USDT LONG (sim=0.85)
2026-03-12 15:48:47 | qs.exploit_gate | INFO  | Gate CLOSED | type=NONE conf=0.00 | H=0.750(TRENDING) S=0.787 AC=-0.032(NONE) VR=0.940(NONE) | pass_rate=66.7%
2026-03-12 15:49:26 | qs.volatility | INFO  | Top 3 volatile: BTC/USDT(0.077%), ETH/USDT(0.079%), SOL/USDT(0.094%)
2026-03-12 15:49:27 | qs.exploit_gate | INFO  | Gate OPEN | type=MEAN_REVERTING conf=0.51 | H=0.680(TRENDING) S=0.870 AC=-0.121(MEAN_REVERTING) VR=0.655(MEAN_REVERTING) | pass_rate=67.9%
2026-03-12 15:49:27 | qs.graveyard | WARNING | BLOCKED by tombstone | similarity=0.85 | pattern_losses=1 | total_lost=$-1.56
2026-03-12 15:49:27 | qs.scalper   | INFO  | GRAVEYARD blocked BTC/USDT LONG (sim=0.85)
2026-03-12 15:49:27 | qs.exploit_gate | INFO  | Gate OPEN | type=MEAN_REVERTING conf=0.52 | H=0.698(TRENDING) S=0.821 AC=-0.154(MEAN_REVERTING) VR=0.704(MEAN_REVERTING) | pass_rate=69.0%
2026-03-12 15:49:27 | qs.exploit_gate | INFO  | Gate CLOSED | type=NONE conf=0.00 | H=0.745(TRENDING) S=0.790 AC=-0.030(NONE) VR=0.934(NONE) | pass_rate=66.7%
2026-03-12 15:50:00 | qs.volatility | INFO  | Top 3 volatile: SOL/USDT(0.113%), ETH/USDT(0.084%), BTC/USDT(0.081%)
2026-03-12 15:50:02 | qs.exploit_gate | INFO  | Gate CLOSED | type=NONE conf=0.00 | H=0.745(TRENDING) S=0.792 AC=-0.052(NONE) VR=0.924(NONE) | pass_rate=64.5%
2026-03-12 15:50:02 | qs.exploit_gate | INFO  | Gate OPEN | type=MEAN_REVERTING conf=0.52 | H=0.697(TRENDING) S=0.816 AC=-0.161(MEAN_REVERTING) VR=0.702(MEAN_REVERTING) | pass_rate=65.6%
2026-03-12 15:50:02 | qs.exploit_gate | INFO  | Gate OPEN | type=MEAN_REVERTING conf=0.51 | H=0.680(TRENDING) S=0.871 AC=-0.132(MEAN_REVERTING) VR=0.650(MEAN_REVERTING) | pass_rate=66.7%
2026-03-12 15:50:32 | qs.volatility | INFO  | Top 3 volatile: SOL/USDT(0.113%), ETH/USDT(0.084%), BTC/USDT(0.081%)
2026-03-12 15:50:34 | qs.exploit_gate | INFO  | Gate CLOSED | type=NONE conf=0.00 | H=0.742(TRENDING) S=0.792 AC=-0.048(NONE) VR=0.926(NONE) | pass_rate=64.7%
2026-03-12 15:50:34 | qs.exploit_gate | INFO  | Gate OPEN | type=MEAN_REVERTING conf=0.52 | H=0.693(TRENDING) S=0.816 AC=-0.160(MEAN_REVERTING) VR=0.716(MEAN_REVERTING) | pass_rate=65.7%
2026-03-12 15:50:34 | qs.exploit_gate | INFO  | Gate OPEN | type=MEAN_REVERTING conf=0.50 | H=0.709(TRENDING) S=0.874 AC=-0.131(MEAN_REVERTING) VR=0.664(MEAN_REVERTING) | pass_rate=66.7%
2026-03-12 15:50:34 | qs.graveyard | WARNING | BLOCKED by tombstone | similarity=0.83 | pattern_losses=1 | total_lost=$-1.56
2026-03-12 15:50:34 | qs.scalper   | INFO  | GRAVEYARD blocked BTC/USDT LONG (sim=0.83)
2026-03-12 15:51:04 | qs.volatility | INFO  | Top 3 volatile: SOL/USDT(0.113%), ETH/USDT(0.084%), BTC/USDT(0.081%)
2026-03-12 15:51:05 | qs.exploit_gate | INFO  | Gate CLOSED | type=NONE conf=0.00 | H=0.731(TRENDING) S=0.797 AC=-0.041(NONE) VR=0.924(NONE) | pass_rate=64.9%
2026-03-12 15:51:05 | qs.exploit_gate | INFO  | Gate OPEN | type=MEAN_REVERTING conf=0.52 | H=0.693(TRENDING) S=0.829 AC=-0.147(MEAN_REVERTING) VR=0.713(MEAN_REVERTING) | pass_rate=65.8%
2026-03-12 15:51:05 | qs.exploit_gate | INFO  | Gate OPEN | type=MEAN_REVERTING conf=0.50 | H=0.681(TRENDING) S=0.879 AC=-0.121(MEAN_REVERTING) VR=0.688(MEAN_REVERTING) | pass_rate=66.7%
2026-03-12 15:51:06 | qs.signal    | INFO  | REJECT BTC/USDT LONG grade=D score=0.6 quality=0.602 | {"breakdown": {"technical": 0.865, "ml_confidence": 0.5, "order_flow": 0.504, "volatility": 0.55}}
2026-03-12 15:51:06 | qs.asym_risk | INFO  | LONG entry=70510.10 | SL=70369.08(0.20%) TP=70763.94 | RR=1.8 EV=116.5447 ✓ +EV
2026-03-12 15:51:06 | qs.risk      | INFO  | Kelly sizing: p=0.65 rr=1.8 kelly_f=0.4591 risk%=0.0500 quality=0.65 size=$1919
2026-03-12 15:51:06 | qs.system    | INFO  | Execution attempt symbol=BTC/USDT signal=LONG mode=paper size=1918.61
2026-03-12 15:51:06 | qs.risk      | WARNING | TRADE_REJECTED | {"symbol": "BTC/USDT", "side": "LONG", "size_usd": 1918.61, "reasons": ["asset_exposure 95.0% > 95%"]}
2026-03-12 15:51:06 | qs.order     | INFO  | RISK_REJECT BTC/USDT LONG size=$1918.61 price=70510.10 | {"reason": "asset_exposure 95.0% > 95%"}
2026-03-12 15:51:36 | qs.volatility | INFO  | Top 3 volatile: SOL/USDT(0.113%), ETH/USDT(0.084%), BTC/USDT(0.081%)
2026-03-12 15:51:37 | qs.exploit_gate | INFO  | Gate OPEN | type=MEAN_REVERTING conf=0.45 | H=0.732(TRENDING) S=0.814 AC=-0.018(NONE) VR=0.876(MEAN_REVERTING) | pass_rate=67.5%
2026-03-12 15:51:37 | qs.exploit_gate | INFO  | Gate OPEN | type=MEAN_REVERTING conf=0.45 | H=0.691(TRENDING) S=0.705 AC=-0.051(NONE) VR=0.685(MEAN_REVERTING) | pass_rate=68.3%
2026-03-12 15:51:37 | qs.exploit_gate | INFO  | Gate OPEN | type=MEAN_REVERTING conf=0.50 | H=0.682(TRENDING) S=0.884 AC=-0.086(MEAN_REVERTING) VR=0.672(MEAN_REVERTING) | pass_rate=69.0%
2026-03-12 15:52:07 | qs.volatility | INFO  | Top 3 volatile: SOL/USDT(0.113%), ETH/USDT(0.084%), BTC/USDT(0.081%)
2026-03-12 15:52:08 | qs.exploit_gate | INFO  | Gate CLOSED | type=NONE conf=0.00 | H=0.728(TRENDING) S=0.797 AC=-0.016(NONE) VR=0.962(NONE) | pass_rate=67.4%
2026-03-12 15:52:08 | qs.exploit_gate | INFO  | Gate OPEN | type=MEAN_REVERTING conf=0.55 | H=0.691(TRENDING) S=0.737 AC=-0.065(MEAN_REVERTING) VR=0.707(MEAN_REVERTING) | pass_rate=68.2%
2026-03-12 15:52:08 | qs.exploit_gate | INFO  | Gate OPEN | type=MEAN_REVERTING conf=0.45 | H=0.683(TRENDING) S=0.887 AC=-0.059(NONE) VR=0.758(MEAN_REVERTING) | pass_rate=68.9%
2026-03-12 15:52:40 | qs.volatility | INFO  | Top 3 volatile: ETH/USDT(0.112%), SOL/USDT(0.125%), BTC/USDT(0.089%)
2026-03-12 15:52:42 | qs.exploit_gate | INFO  | Gate OPEN | type=MEAN_REVERTING conf=0.55 | H=0.663(TRENDING) S=0.735 AC=-0.099(MEAN_REVERTING) VR=0.801(MEAN_REVERTING) | pass_rate=69.6%
2026-03-12 15:52:42 | qs.exploit_gate | INFO  | Gate CLOSED | type=NONE conf=0.00 | H=0.727(TRENDING) S=0.795 AC=-0.023(NONE) VR=0.954(NONE) | pass_rate=68.1%
2026-03-12 15:52:42 | qs.exploit_gate | INFO  | Gate OPEN | type=MEAN_REVERTING conf=0.50 | H=0.683(TRENDING) S=0.883 AC=-0.092(MEAN_REVERTING) VR=0.733(MEAN_REVERTING) | pass_rate=68.8%
2026-03-12 15:53:12 | qs.volatility | INFO  | Top 3 volatile: ETH/USDT(0.112%), SOL/USDT(0.125%), BTC/USDT(0.089%)
2026-03-12 15:53:13 | qs.exploit_gate | INFO  | Gate OPEN | type=MEAN_REVERTING conf=0.55 | H=0.702(TRENDING) S=0.728 AC=-0.102(MEAN_REVERTING) VR=0.848(MEAN_REVERTING) | pass_rate=69.4%
2026-03-12 15:53:13 | qs.exploit_gate | INFO  | Gate CLOSED | type=NONE conf=0.00 | H=0.728(TRENDING) S=0.797 AC=-0.028(NONE) VR=0.934(NONE) | pass_rate=68.0%
2026-03-12 15:53:13 | qs.exploit_gate | INFO  | Gate OPEN | type=MEAN_REVERTING conf=0.50 | H=0.704(TRENDING) S=0.881 AC=-0.096(MEAN_REVERTING) VR=0.749(MEAN_REVERTING) | pass_rate=68.6%
2026-03-12 15:53:43 | qs.volatility | INFO  | Top 3 volatile: ETH/USDT(0.112%), SOL/USDT(0.125%), BTC/USDT(0.089%)
2026-03-12 15:53:45 | qs.exploit_gate | INFO  | Gate OPEN | type=MEAN_REVERTING conf=0.55 | H=0.702(TRENDING) S=0.727 AC=-0.093(MEAN_REVERTING) VR=0.833(MEAN_REVERTING) | pass_rate=69.2%
2026-03-12 15:53:45 | qs.exploit_gate | INFO  | Gate CLOSED | type=NONE conf=0.00 | H=0.727(TRENDING) S=0.797 AC=-0.026(NONE) VR=0.932(NONE) | pass_rate=67.9%
2026-03-12 15:53:45 | qs.exploit_gate | INFO  | Gate OPEN | type=MEAN_REVERTING conf=0.50 | H=0.704(TRENDING) S=0.881 AC=-0.094(MEAN_REVERTING) VR=0.743(MEAN_REVERTING) | pass_rate=68.5%
2026-03-12 15:54:15 | qs.volatility | INFO  | Top 3 volatile: ETH/USDT(0.112%), SOL/USDT(0.125%), BTC/USDT(0.089%)
2026-03-12 15:54:16 | qs.exploit_gate | INFO  | Gate OPEN | type=MEAN_REVERTING conf=0.55 | H=0.690(TRENDING) S=0.728 AC=-0.097(MEAN_REVERTING) VR=0.872(MEAN_REVERTING) | pass_rate=69.1%
2026-03-12 15:54:16 | qs.exploit_gate | INFO  | Gate CLOSED | type=NONE conf=0.00 | H=0.715(TRENDING) S=0.799 AC=-0.027(NONE) VR=0.931(NONE) | pass_rate=67.9%
2026-03-12 15:54:16 | qs.exploit_gate | INFO  | Gate OPEN | type=MEAN_REVERTING conf=0.50 | H=0.692(TRENDING) S=0.885 AC=-0.096(MEAN_REVERTING) VR=0.768(MEAN_REVERTING) | pass_rate=68.4%
2026-03-12 15:54:48 | qs.volatility | INFO  | Top 3 volatile: ETH/USDT(0.112%), SOL/USDT(0.125%), BTC/USDT(0.089%)
2026-03-12 15:54:49 | qs.exploit_gate | INFO  | Gate OPEN | type=MEAN_REVERTING conf=0.55 | H=0.689(TRENDING) S=0.734 AC=-0.098(MEAN_REVERTING) VR=0.876(MEAN_REVERTING) | pass_rate=69.0%
2026-03-12 15:54:49 | qs.exploit_gate | INFO  | Gate CLOSED | type=NONE conf=0.00 | H=0.715(TRENDING) S=0.804 AC=-0.025(NONE) VR=0.924(NONE) | pass_rate=67.8%
2026-03-12 15:54:49 | qs.exploit_gate | INFO  | Gate OPEN | type=MEAN_REVERTING conf=0.50 | H=0.691(TRENDING) S=0.889 AC=-0.097(MEAN_REVERTING) VR=0.765(MEAN_REVERTING) | pass_rate=68.3%
2026-03-12 15:55:23 | qs.volatility | INFO  | Top 3 volatile: ETH/USDT(0.120%), SOL/USDT(0.127%), BTC/USDT(0.091%)
2026-03-12 15:55:25 | qs.exploit_gate | INFO  | Gate OPEN | type=MEAN_REVERTING conf=0.54 | H=0.722(TRENDING) S=0.754 AC=-0.136(MEAN_REVERTING) VR=0.867(MEAN_REVERTING) | pass_rate=68.9%
2026-03-12 15:55:25 | qs.exploit_gate | INFO  | Gate CLOSED | type=NONE conf=0.00 | H=0.735(TRENDING) S=0.813 AC=-0.039(NONE) VR=0.882(NONE) | pass_rate=67.7%
2026-03-12 15:55:25 | qs.exploit_gate | INFO  | Gate OPEN | type=MEAN_REVERTING conf=0.50 | H=0.730(TRENDING) S=0.894 AC=-0.125(MEAN_REVERTING) VR=0.757(MEAN_REVERTING) | pass_rate=68.3%
2026-03-12 15:55:55 | qs.volatility | INFO  | Top 3 volatile: ETH/USDT(0.120%), SOL/USDT(0.127%), BTC/USDT(0.091%)
2026-03-12 15:55:56 | qs.exploit_gate | INFO  | Gate OPEN | type=MEAN_REVERTING conf=0.54 | H=0.722(TRENDING) S=0.751 AC=-0.128(MEAN_REVERTING) VR=0.878(MEAN_REVERTING) | pass_rate=68.8%
2026-03-12 15:55:56 | qs.exploit_gate | INFO  | Gate CLOSED | type=NONE conf=0.00 | H=0.735(TRENDING) S=0.808 AC=-0.034(NONE) VR=0.885(NONE) | pass_rate=67.7%
2026-03-12 15:55:56 | qs.exploit_gate | INFO  | Gate OPEN | type=MEAN_REVERTING conf=0.50 | H=0.730(TRENDING) S=0.892 AC=-0.116(MEAN_REVERTING) VR=0.769(MEAN_REVERTING) | pass_rate=68.2%
2026-03-12 15:56:26 | qs.volatility | INFO  | Top 3 volatile: ETH/USDT(0.120%), SOL/USDT(0.127%), BTC/USDT(0.091%)
2026-03-12 15:56:28 | qs.exploit_gate | INFO  | Gate OPEN | type=MEAN_REVERTING conf=0.54 | H=0.712(TRENDING) S=0.757 AC=-0.142(MEAN_REVERTING) VR=0.841(MEAN_REVERTING) | pass_rate=68.7%
2026-03-12 15:56:28 | qs.exploit_gate | INFO  | Gate OPEN | type=MEAN_REVERTING conf=0.52 | H=0.732(TRENDING) S=0.811 AC=-0.062(MEAN_REVERTING) VR=0.845(MEAN_REVERTING) | pass_rate=69.1%
2026-03-12 15:56:28 | qs.exploit_gate | INFO  | Gate OPEN | type=MEAN_REVERTING conf=0.50 | H=0.728(TRENDING) S=0.898 AC=-0.129(MEAN_REVERTING) VR=0.746(MEAN_REVERTING) | pass_rate=69.6%
2026-03-12 15:56:58 | qs.volatility | INFO  | Top 3 volatile: ETH/USDT(0.120%), SOL/USDT(0.127%), BTC/USDT(0.091%)
2026-03-12 15:56:59 | qs.exploit_gate | INFO  | Gate OPEN | type=MEAN_REVERTING conf=0.54 | H=0.712(TRENDING) S=0.757 AC=-0.141(MEAN_REVERTING) VR=0.842(MEAN_REVERTING) | pass_rate=70.0%
2026-03-12 15:56:59 | qs.exploit_gate | INFO  | Gate OPEN | type=MEAN_REVERTING conf=0.45 | H=0.732(TRENDING) S=0.809 AC=-0.060(NONE) VR=0.843(MEAN_REVERTING) | pass_rate=70.4%
2026-03-12 15:56:59 | qs.exploit_gate | INFO  | Gate OPEN | type=MEAN_REVERTING conf=0.50 | H=0.728(TRENDING) S=0.898 AC=-0.129(MEAN_REVERTING) VR=0.747(MEAN_REVERTING) | pass_rate=70.8%
2026-03-12 15:57:29 | qs.volatility | INFO  | Top 3 volatile: ETH/USDT(0.120%), SOL/USDT(0.127%), BTC/USDT(0.091%)
2026-03-12 15:57:31 | qs.exploit_gate | INFO  | Gate OPEN | type=MEAN_REVERTING conf=0.54 | H=0.688(TRENDING) S=0.752 AC=-0.133(MEAN_REVERTING) VR=0.864(MEAN_REVERTING) | pass_rate=71.2%
2026-03-12 15:57:31 | qs.exploit_gate | INFO  | Gate OPEN | type=MEAN_REVERTING conf=0.52 | H=0.706(TRENDING) S=0.810 AC=-0.063(MEAN_REVERTING) VR=0.838(MEAN_REVERTING) | pass_rate=71.6%
2026-03-12 15:57:31 | qs.exploit_gate | INFO  | Gate OPEN | type=MEAN_REVERTING conf=0.50 | H=0.686(TRENDING) S=0.892 AC=-0.123(MEAN_REVERTING) VR=0.746(MEAN_REVERTING) | pass_rate=72.0%
2026-03-12 15:58:05 | qs.volatility | INFO  | Top 3 volatile: ETH/USDT(0.119%), SOL/USDT(0.124%), BTC/USDT(0.087%)
2026-03-12 15:58:06 | qs.exploit_gate | INFO  | Gate OPEN | type=MEAN_REVERTING conf=0.54 | H=0.688(TRENDING) S=0.751 AC=-0.146(MEAN_REVERTING) VR=0.854(MEAN_REVERTING) | pass_rate=72.4%
2026-03-12 15:58:06 | qs.exploit_gate | INFO  | Gate OPEN | type=MEAN_REVERTING conf=0.52 | H=0.706(TRENDING) S=0.810 AC=-0.063(MEAN_REVERTING) VR=0.838(MEAN_REVERTING) | pass_rate=72.7%
2026-03-12 15:58:06 | qs.exploit_gate | INFO  | Gate OPEN | type=MEAN_REVERTING conf=0.50 | H=0.710(TRENDING) S=0.892 AC=-0.122(MEAN_REVERTING) VR=0.747(MEAN_REVERTING) | pass_rate=73.1%
2026-03-12 15:58:36 | qs.volatility | INFO  | Top 3 volatile: ETH/USDT(0.119%), SOL/USDT(0.124%), BTC/USDT(0.087%)
2026-03-12 15:58:38 | qs.exploit_gate | INFO  | Gate OPEN | type=MEAN_REVERTING conf=0.54 | H=0.716(TRENDING) S=0.753 AC=-0.147(MEAN_REVERTING) VR=0.854(MEAN_REVERTING) | pass_rate=73.4%
2026-03-12 15:58:38 | qs.exploit_gate | INFO  | Gate OPEN | type=MEAN_REVERTING conf=0.53 | H=0.710(TRENDING) S=0.804 AC=-0.065(MEAN_REVERTING) VR=0.835(MEAN_REVERTING) | pass_rate=73.8%
2026-03-12 15:58:38 | qs.exploit_gate | INFO  | Gate OPEN | type=MEAN_REVERTING conf=0.50 | H=0.710(TRENDING) S=0.892 AC=-0.121(MEAN_REVERTING) VR=0.750(MEAN_REVERTING) | pass_rate=74.1%
2026-03-12 15:59:08 | qs.volatility | INFO  | Top 3 volatile: ETH/USDT(0.119%), SOL/USDT(0.124%), BTC/USDT(0.087%)
2026-03-12 15:59:09 | qs.exploit_gate | INFO  | Gate OPEN | type=MEAN_REVERTING conf=0.54 | H=0.714(TRENDING) S=0.751 AC=-0.157(MEAN_REVERTING) VR=0.850(MEAN_REVERTING) | pass_rate=74.4%
2026-03-12 15:59:09 | qs.exploit_gate | INFO  | Gate OPEN | type=MEAN_REVERTING conf=0.53 | H=0.714(TRENDING) S=0.802 AC=-0.077(MEAN_REVERTING) VR=0.835(MEAN_REVERTING) | pass_rate=74.7%
2026-03-12 15:59:09 | qs.exploit_gate | INFO  | Gate OPEN | type=MEAN_REVERTING conf=0.50 | H=0.705(TRENDING) S=0.895 AC=-0.128(MEAN_REVERTING) VR=0.753(MEAN_REVERTING) | pass_rate=75.0%
2026-03-12 15:59:39 | qs.volatility | INFO  | Top 3 volatile: ETH/USDT(0.119%), SOL/USDT(0.124%), BTC/USDT(0.087%)
2026-03-12 15:59:41 | qs.exploit_gate | INFO  | Gate OPEN | type=MEAN_REVERTING conf=0.54 | H=0.714(TRENDING) S=0.751 AC=-0.157(MEAN_REVERTING) VR=0.849(MEAN_REVERTING) | pass_rate=75.3%
2026-03-12 15:59:41 | qs.exploit_gate | INFO  | Gate OPEN | type=MEAN_REVERTING conf=0.53 | H=0.714(TRENDING) S=0.806 AC=-0.078(MEAN_REVERTING) VR=0.825(MEAN_REVERTING) | pass_rate=75.6%
2026-03-12 15:59:41 | qs.exploit_gate | INFO  | Gate OPEN | type=MEAN_REVERTING conf=0.50 | H=0.705(TRENDING) S=0.895 AC=-0.128(MEAN_REVERTING) VR=0.753(MEAN_REVERTING) | pass_rate=75.9%
2026-03-12 16:00:13 | qs.volatility | INFO  | Top 3 volatile: ETH/USDT(0.119%), SOL/USDT(0.124%), BTC/USDT(0.087%)
2026-03-12 16:00:14 | qs.exploit_gate | INFO  | Gate OPEN | type=MEAN_REVERTING conf=0.54 | H=0.716(TRENDING) S=0.750 AC=-0.156(MEAN_REVERTING) VR=0.848(MEAN_REVERTING) | pass_rate=76.1%
2026-03-12 16:00:14 | qs.exploit_gate | INFO  | Gate OPEN | type=MEAN_REVERTING conf=0.53 | H=0.708(TRENDING) S=0.806 AC=-0.075(MEAN_REVERTING) VR=0.821(MEAN_REVERTING) | pass_rate=76.4%
2026-03-12 16:00:14 | qs.exploit_gate | INFO  | Gate OPEN | type=MEAN_REVERTING conf=0.50 | H=0.707(TRENDING) S=0.895 AC=-0.134(MEAN_REVERTING) VR=0.755(MEAN_REVERTING) | pass_rate=76.7%
2026-03-12 16:00:47 | qs.volatility | INFO  | Top 3 volatile: ETH/USDT(0.123%), SOL/USDT(0.119%), BTC/USDT(0.085%)
2026-03-12 16:00:48 | qs.exploit_gate | INFO  | Gate OPEN | type=MEAN_REVERTING conf=0.54 | H=0.717(TRENDING) S=0.746 AC=-0.161(MEAN_REVERTING) VR=0.851(MEAN_REVERTING) | pass_rate=76.9%
2026-03-12 16:00:48 | qs.exploit_gate | INFO  | Gate OPEN | type=MEAN_REVERTING conf=0.53 | H=0.708(TRENDING) S=0.802 AC=-0.089(MEAN_REVERTING) VR=0.827(MEAN_REVERTING) | pass_rate=77.2%
2026-03-12 16:00:48 | qs.exploit_gate | INFO  | Gate OPEN | type=MEAN_REVERTING conf=0.50 | H=0.707(TRENDING) S=0.893 AC=-0.137(MEAN_REVERTING) VR=0.762(MEAN_REVERTING) | pass_rate=77.4%
2026-03-12 16:01:18 | qs.volatility | INFO  | Top 3 volatile: ETH/USDT(0.123%), SOL/USDT(0.119%), BTC/USDT(0.085%)
2026-03-12 16:01:19 | qs.exploit_gate | INFO  | Gate OPEN | type=MEAN_REVERTING conf=0.54 | H=0.710(TRENDING) S=0.746 AC=-0.168(MEAN_REVERTING) VR=0.859(MEAN_REVERTING) | pass_rate=77.7%
2026-03-12 16:01:19 | qs.exploit_gate | INFO  | Gate OPEN | type=MEAN_REVERTING conf=0.53 | H=0.700(TRENDING) S=0.800 AC=-0.095(MEAN_REVERTING) VR=0.825(MEAN_REVERTING) | pass_rate=77.9%
2026-03-12 16:01:19 | qs.exploit_gate | INFO  | Gate OPEN | type=MEAN_REVERTING conf=0.50 | H=0.695(TRENDING) S=0.895 AC=-0.140(MEAN_REVERTING) VR=0.770(MEAN_REVERTING) | pass_rate=78.1%
2026-03-12 16:01:49 | qs.volatility | INFO  | Top 3 volatile: ETH/USDT(0.123%), SOL/USDT(0.119%), BTC/USDT(0.085%)
2026-03-12 16:01:51 | qs.exploit_gate | INFO  | Gate OPEN | type=MEAN_REVERTING conf=0.54 | H=0.710(TRENDING) S=0.747 AC=-0.168(MEAN_REVERTING) VR=0.856(MEAN_REVERTING) | pass_rate=78.4%
2026-03-12 16:01:51 | qs.exploit_gate | INFO  | Gate OPEN | type=MEAN_REVERTING conf=0.53 | H=0.700(TRENDING) S=0.799 AC=-0.096(MEAN_REVERTING) VR=0.826(MEAN_REVERTING) | pass_rate=78.6%
2026-03-12 16:01:51 | qs.exploit_gate | INFO  | Gate OPEN | type=MEAN_REVERTING conf=0.50 | H=0.696(TRENDING) S=0.895 AC=-0.139(MEAN_REVERTING) VR=0.770(MEAN_REVERTING) | pass_rate=78.8%
2026-03-12 16:02:21 | qs.volatility | INFO  | Top 3 volatile: ETH/USDT(0.123%), SOL/USDT(0.119%), BTC/USDT(0.085%)
2026-03-12 16:02:23 | qs.exploit_gate | INFO  | Gate OPEN | type=MEAN_REVERTING conf=0.54 | H=0.719(TRENDING) S=0.748 AC=-0.163(MEAN_REVERTING) VR=0.852(MEAN_REVERTING) | pass_rate=79.0%
2026-03-12 16:02:23 | qs.exploit_gate | INFO  | Gate OPEN | type=MEAN_REVERTING conf=0.53 | H=0.713(TRENDING) S=0.800 AC=-0.095(MEAN_REVERTING) VR=0.821(MEAN_REVERTING) | pass_rate=79.0%
2026-03-12 16:02:23 | qs.exploit_gate | INFO  | Gate OPEN | type=MEAN_REVERTING conf=0.50 | H=0.705(TRENDING) S=0.897 AC=-0.137(MEAN_REVERTING) VR=0.772(MEAN_REVERTING) | pass_rate=79.0%
2026-03-12 16:02:53 | qs.volatility | INFO  | Top 3 volatile: ETH/USDT(0.123%), SOL/USDT(0.119%), BTC/USDT(0.085%)
2026-03-12 16:02:55 | qs.exploit_gate | INFO  | Gate OPEN | type=MEAN_REVERTING conf=0.54 | H=0.718(TRENDING) S=0.748 AC=-0.163(MEAN_REVERTING) VR=0.853(MEAN_REVERTING) | pass_rate=80.0%
2026-03-12 16:02:55 | qs.exploit_gate | INFO  | Gate OPEN | type=MEAN_REVERTING conf=0.53 | H=0.713(TRENDING) S=0.801 AC=-0.092(MEAN_REVERTING) VR=0.817(MEAN_REVERTING) | pass_rate=80.0%
2026-03-12 16:02:55 | qs.exploit_gate | INFO  | Gate OPEN | type=MEAN_REVERTING conf=0.50 | H=0.705(TRENDING) S=0.898 AC=-0.134(MEAN_REVERTING) VR=0.775(MEAN_REVERTING) | pass_rate=80.0%
2026-03-12 16:12:09 | qs.system    | INFO  | Starting Quant Scalper v6 on http://localhost:8000
2026-03-12 16:12:42 | qs.system    | INFO  | Starting Quant Scalper v6 on http://localhost:8000
2026-03-12 16:15:36 | qs.system    | INFO  | Starting bot mode=paper symbols=['BTC/USDT', 'ETH/USDT', 'SOL/USDT']
2026-03-12 16:16:13 | qs.data      | INFO  | Exchange initialized for BTC/USDT
2026-03-12 16:16:13 | qs.data      | INFO  | Exchange initialized for ETH/USDT
2026-03-12 16:16:13 | qs.data      | INFO  | Exchange initialized for SOL/USDT
2026-03-12 16:16:13 | qs.graveyard | INFO  | Loaded 1 tombstones from graveyard
2026-03-12 16:16:13 | qs.data      | INFO  | Exchange initialized for BTC/USDT
2026-03-12 16:16:13 | qs.data      | INFO  | Exchange initialized for ETH/USDT
2026-03-12 16:16:13 | qs.data      | INFO  | Exchange initialized for SOL/USDT
2026-03-12 16:16:19 | qs.ml        | INFO  | Computing features for training...
2026-03-12 16:16:19 | qs.ml        | INFO  | Trained: val_accuracy=51.0% samples=400 top_features=['bb_width_z', 'hour_cos', 'atr_norm']
2026-03-12 16:16:39 | qs.volatility | INFO  | Top 3 volatile: SOL/USDT(0.126%), ETH/USDT(0.083%), BTC/USDT(0.068%)
2026-03-12 16:16:52 | qs.exploit_gate | INFO  | Gate CLOSED | type=NONE conf=0.00 | H=0.718(TRENDING) S=0.744 AC=0.012(NONE) VR=0.897(NONE) | pass_rate=0.0%
2026-03-12 16:16:52 | qs.exploit_gate | INFO  | Gate OPEN | type=MEAN_REVERTING conf=0.58 | H=0.730(TRENDING) S=0.716 AC=-0.121(MEAN_REVERTING) VR=0.802(MEAN_REVERTING) | pass_rate=50.0%
2026-03-12 16:16:52 | qs.exploit_gate | INFO  | Gate OPEN | type=MEAN_REVERTING conf=0.52 | H=0.726(TRENDING) S=0.870 AC=-0.076(MEAN_REVERTING) VR=0.779(MEAN_REVERTING) | pass_rate=66.7%
2026-03-12 16:17:22 | qs.volatility | INFO  | Top 3 volatile: SOL/USDT(0.126%), ETH/USDT(0.083%), BTC/USDT(0.068%)
2026-03-12 16:17:25 | qs.exploit_gate | INFO  | Gate CLOSED | type=NONE conf=0.00 | H=0.715(TRENDING) S=0.739 AC=0.005(NONE) VR=0.905(NONE) | pass_rate=50.0%
2026-03-12 16:17:25 | qs.exploit_gate | INFO  | Gate OPEN | type=MEAN_REVERTING conf=0.58 | H=0.739(TRENDING) S=0.716 AC=-0.134(MEAN_REVERTING) VR=0.784(MEAN_REVERTING) | pass_rate=60.0%
2026-03-12 16:17:25 | qs.exploit_gate | INFO  | Gate OPEN | type=MEAN_REVERTING conf=0.52 | H=0.732(TRENDING) S=0.864 AC=-0.082(MEAN_REVERTING) VR=0.764(MEAN_REVERTING) | pass_rate=66.7%
2026-03-12 16:17:55 | qs.volatility | INFO  | Top 3 volatile: SOL/USDT(0.126%), ETH/USDT(0.083%), BTC/USDT(0.068%)
2026-03-12 16:17:56 | qs.exploit_gate | INFO  | Gate OPEN | type=MEAN_REVERTING conf=0.55 | H=0.715(TRENDING) S=0.742 AC=0.001(NONE) VR=0.875(MEAN_REVERTING) | pass_rate=71.4%
2026-03-12 16:17:56 | qs.exploit_gate | INFO  | Gate OPEN | type=MEAN_REVERTING conf=0.58 | H=0.739(TRENDING) S=0.720 AC=-0.134(MEAN_REVERTING) VR=0.778(MEAN_REVERTING) | pass_rate=75.0%
2026-03-12 16:17:56 | qs.exploit_gate | INFO  | Gate OPEN | type=MEAN_REVERTING conf=0.52 | H=0.732(TRENDING) S=0.868 AC=-0.081(MEAN_REVERTING) VR=0.758(MEAN_REVERTING) | pass_rate=77.8%
2026-03-12 16:18:26 | qs.volatility | INFO  | Top 3 volatile: SOL/USDT(0.126%), ETH/USDT(0.083%), BTC/USDT(0.068%)
2026-03-12 16:18:27 | qs.exploit_gate | INFO  | Gate OPEN | type=MEAN_REVERTING conf=0.55 | H=0.733(TRENDING) S=0.745 AC=0.010(NONE) VR=0.869(MEAN_REVERTING) | pass_rate=80.0%
2026-03-12 16:18:27 | qs.exploit_gate | INFO  | Gate OPEN | type=MEAN_REVERTING conf=0.58 | H=0.724(TRENDING) S=0.720 AC=-0.126(MEAN_REVERTING) VR=0.787(MEAN_REVERTING) | pass_rate=81.8%
2026-03-12 16:18:27 | qs.exploit_gate | INFO  | Gate OPEN | type=MEAN_REVERTING conf=0.52 | H=0.723(TRENDING) S=0.865 AC=-0.088(MEAN_REVERTING) VR=0.774(MEAN_REVERTING) | pass_rate=83.3%
2026-03-12 16:18:57 | qs.volatility | INFO  | Top 3 volatile: SOL/USDT(0.126%), ETH/USDT(0.083%), BTC/USDT(0.068%)
2026-03-12 16:18:58 | qs.exploit_gate | INFO  | Gate OPEN | type=MEAN_REVERTING conf=0.55 | H=0.734(TRENDING) S=0.754 AC=0.030(NONE) VR=0.813(MEAN_REVERTING) | pass_rate=84.6%
2026-03-12 16:18:58 | qs.exploit_gate | INFO  | Gate OPEN | type=MEAN_REVERTING conf=0.58 | H=0.724(TRENDING) S=0.720 AC=-0.121(MEAN_REVERTING) VR=0.782(MEAN_REVERTING) | pass_rate=85.7%
2026-03-12 16:18:58 | qs.exploit_gate | INFO  | Gate OPEN | type=MEAN_REVERTING conf=0.52 | H=0.723(TRENDING) S=0.865 AC=-0.086(MEAN_REVERTING) VR=0.773(MEAN_REVERTING) | pass_rate=86.7%
2026-03-12 16:19:34 | qs.volatility | INFO  | Top 3 volatile: SOL/USDT(0.145%), BTC/USDT(0.075%), ETH/USDT(0.091%)
2026-03-12 16:19:36 | qs.exploit_gate | INFO  | Gate OPEN | type=MEAN_REVERTING conf=0.55 | H=0.734(TRENDING) S=0.751 AC=0.046(NONE) VR=0.861(MEAN_REVERTING) | pass_rate=87.5%
2026-03-12 16:19:36 | qs.exploit_gate | INFO  | Gate OPEN | type=MEAN_REVERTING conf=0.52 | H=0.725(TRENDING) S=0.858 AC=-0.097(MEAN_REVERTING) VR=0.781(MEAN_REVERTING) | pass_rate=88.2%
2026-03-12 16:19:36 | qs.exploit_gate | INFO  | Gate OPEN | type=MEAN_REVERTING conf=0.58 | H=0.741(TRENDING) S=0.720 AC=-0.124(MEAN_REVERTING) VR=0.802(MEAN_REVERTING) | pass_rate=88.9%
2026-03-12 16:20:06 | qs.volatility | INFO  | Top 3 volatile: SOL/USDT(0.145%), BTC/USDT(0.075%), ETH/USDT(0.091%)
2026-03-12 16:20:08 | qs.exploit_gate | INFO  | Gate OPEN | type=MEAN_REVERTING conf=0.55 | H=0.734(TRENDING) S=0.754 AC=0.059(NONE) VR=0.862(MEAN_REVERTING) | pass_rate=89.5%
2026-03-12 16:20:08 | qs.exploit_gate | INFO  | Gate OPEN | type=MEAN_REVERTING conf=0.53 | H=0.720(TRENDING) S=0.854 AC=-0.094(MEAN_REVERTING) VR=0.787(MEAN_REVERTING) | pass_rate=90.0%
2026-03-12 16:20:08 | qs.exploit_gate | INFO  | Gate OPEN | type=MEAN_REVERTING conf=0.58 | H=0.732(TRENDING) S=0.720 AC=-0.124(MEAN_REVERTING) VR=0.814(MEAN_REVERTING) | pass_rate=90.5%
2026-03-12 16:20:38 | qs.volatility | INFO  | Top 3 volatile: SOL/USDT(0.145%), BTC/USDT(0.075%), ETH/USDT(0.091%)
2026-03-12 16:20:39 | qs.exploit_gate | INFO  | Gate CLOSED | type=NONE conf=0.00 | H=0.731(TRENDING) S=0.752 AC=0.052(NONE) VR=0.909(NONE) | pass_rate=86.4%
2026-03-12 16:20:39 | qs.exploit_gate | INFO  | Gate OPEN | type=MEAN_REVERTING conf=0.53 | H=0.720(TRENDING) S=0.854 AC=-0.094(MEAN_REVERTING) VR=0.787(MEAN_REVERTING) | pass_rate=87.0%
2026-03-12 16:20:39 | qs.exploit_gate | INFO  | Gate OPEN | type=MEAN_REVERTING conf=0.58 | H=0.732(TRENDING) S=0.720 AC=-0.123(MEAN_REVERTING) VR=0.818(MEAN_REVERTING) | pass_rate=87.5%
2026-03-12 16:21:09 | qs.volatility | INFO  | Top 3 volatile: SOL/USDT(0.145%), BTC/USDT(0.075%), ETH/USDT(0.091%)
2026-03-12 16:21:11 | qs.exploit_gate | INFO  | Gate CLOSED | type=NONE conf=0.00 | H=0.724(TRENDING) S=0.751 AC=0.048(NONE) VR=0.949(NONE) | pass_rate=84.0%
2026-03-12 16:21:11 | qs.exploit_gate | INFO  | Gate OPEN | type=MEAN_REVERTING conf=0.53 | H=0.713(TRENDING) S=0.851 AC=-0.098(MEAN_REVERTING) VR=0.788(MEAN_REVERTING) | pass_rate=84.6%
2026-03-12 16:21:11 | qs.exploit_gate | INFO  | Gate OPEN | type=MEAN_REVERTING conf=0.58 | H=0.726(TRENDING) S=0.720 AC=-0.125(MEAN_REVERTING) VR=0.824(MEAN_REVERTING) | pass_rate=85.2%
2026-03-12 16:21:44 | qs.volatility | INFO  | Top 3 volatile: SOL/USDT(0.145%), BTC/USDT(0.075%), ETH/USDT(0.091%)
2026-03-12 16:21:45 | qs.exploit_gate | INFO  | Gate CLOSED | type=NONE conf=0.00 | H=0.724(TRENDING) S=0.752 AC=0.047(NONE) VR=0.964(NONE) | pass_rate=82.1%
2026-03-12 16:21:45 | qs.exploit_gate | INFO  | Gate OPEN | type=MEAN_REVERTING conf=0.53 | H=0.713(TRENDING) S=0.851 AC=-0.100(MEAN_REVERTING) VR=0.788(MEAN_REVERTING) | pass_rate=82.8%
2026-03-12 16:21:45 | qs.exploit_gate | INFO  | Gate OPEN | type=MEAN_REVERTING conf=0.58 | H=0.726(TRENDING) S=0.720 AC=-0.126(MEAN_REVERTING) VR=0.828(MEAN_REVERTING) | pass_rate=83.3%
2026-03-12 16:22:18 | qs.volatility | INFO  | Top 3 volatile: SOL/USDT(0.139%), BTC/USDT(0.070%), ETH/USDT(0.086%)
2026-03-12 16:22:19 | qs.exploit_gate | INFO  | Gate CLOSED | type=NONE conf=0.00 | H=0.730(TRENDING) S=0.754 AC=0.046(NONE) VR=1.013(NONE) | pass_rate=80.6%
2026-03-12 16:22:19 | qs.exploit_gate | INFO  | Gate OPEN | type=MEAN_REVERTING conf=0.53 | H=0.732(TRENDING) S=0.846 AC=-0.099(MEAN_REVERTING) VR=0.787(MEAN_REVERTING) | pass_rate=81.2%
2026-03-12 16:22:19 | qs.exploit_gate | INFO  | Gate OPEN | type=MEAN_REVERTING conf=0.58 | H=0.730(TRENDING) S=0.713 AC=-0.121(MEAN_REVERTING) VR=0.821(MEAN_REVERTING) | pass_rate=81.8%
2026-03-12 16:22:49 | qs.volatility | INFO  | Top 3 volatile: SOL/USDT(0.139%), BTC/USDT(0.070%), ETH/USDT(0.086%)
2026-03-12 16:22:51 | qs.exploit_gate | INFO  | Gate OPEN | type=TRENDING conf=0.56 | H=0.731(TRENDING) S=0.772 AC=0.061(TRENDING) VR=1.007(NONE) | pass_rate=82.4%
2026-03-12 16:22:52 | qs.signal    | INFO  | REJECT SOL/USDT LONG grade=D score=0.6 quality=0.602 | {"breakdown": {"technical": 0.815, "ml_confidence": 0.5, "order_flow": 0.467, "volatility": 0.65}}
2026-03-12 16:22:52 | qs.asym_risk | INFO  | LONG entry=87.32 | SL=86.80(0.59%) TP=88.25 | RR=1.8 EV=0.4356 ✓ +EV
2026-03-12 16:22:52 | qs.risk      | INFO  | Kelly sizing: p=0.66 rr=1.8 kelly_f=0.4680 risk%=0.0500 quality=0.66 size=$1705
2026-03-12 16:22:52 | qs.system    | INFO  | Execution attempt symbol=SOL/USDT signal=LONG mode=paper size=1705.16
2026-03-12 16:22:52 | qs.order     | INFO  | PAPER_FILL SOL/USDT LONG size=$1705.16 price=87.34 | {"slippage_bps": 2.0, "grade": "C"}
2026-03-12 16:22:52 | qs.system    | INFO  | ENTRY SOL/USDT LONG q=0.658 gate=TRENDING(0.56) RR=1.8 EV=0.4356 $1705
2026-03-12 16:23:22 | qs.volatility | INFO  | Top 3 volatile: SOL/USDT(0.139%), BTC/USDT(0.070%), ETH/USDT(0.086%)
2026-03-12 16:24:18 | qs.system    | INFO  | Starting bot mode=paper symbols=['BTC/USDT', 'ETH/USDT', 'SOL/USDT']
2026-03-12 16:24:20 | qs.data      | INFO  | Exchange initialized for BTC/USDT
2026-03-12 16:24:20 | qs.data      | INFO  | Exchange initialized for ETH/USDT
2026-03-12 16:24:20 | qs.data      | INFO  | Exchange initialized for SOL/USDT
2026-03-12 16:24:20 | qs.graveyard | INFO  | Loaded 1 tombstones from graveyard
2026-03-12 16:24:20 | qs.data      | INFO  | Exchange initialized for BTC/USDT
2026-03-12 16:24:20 | qs.data      | INFO  | Exchange initialized for ETH/USDT
2026-03-12 16:24:20 | qs.data      | INFO  | Exchange initialized for SOL/USDT
2026-03-12 16:24:27 | qs.ml        | INFO  | Computing features for training...
2026-03-12 16:24:27 | qs.ml        | INFO  | Trained: val_accuracy=50.8% samples=399 top_features=['bb_width_z', 'hour_cos', 'ema50_slope']
2026-03-12 16:24:40 | qs.volatility | INFO  | Top 3 volatile: SOL/USDT(0.152%), ETH/USDT(0.089%), BTC/USDT(0.070%)
2026-03-12 16:24:48 | qs.exploit_gate | INFO  | Gate OPEN | type=TRENDING conf=0.56 | H=0.735(TRENDING) S=0.757 AC=0.065(TRENDING) VR=1.046(NONE) | pass_rate=100.0%
2026-03-12 16:24:48 | qs.exploit_gate | INFO  | Gate OPEN | type=MEAN_REVERTING conf=0.58 | H=0.733(TRENDING) S=0.723 AC=-0.114(MEAN_REVERTING) VR=0.834(MEAN_REVERTING) | pass_rate=100.0%
2026-03-12 16:24:48 | qs.graveyard | WARNING | BLOCKED by tombstone | similarity=0.84 | pattern_losses=1 | total_lost=$-1.56
2026-03-12 16:24:48 | qs.scalper   | INFO  | GRAVEYARD blocked ETH/USDT SHORT (sim=0.84)
2026-03-12 16:24:48 | qs.exploit_gate | INFO  | Gate OPEN | type=MEAN_REVERTING conf=0.53 | H=0.718(TRENDING) S=0.854 AC=-0.092(MEAN_REVERTING) VR=0.786(MEAN_REVERTING) | pass_rate=100.0%
2026-03-12 16:25:18 | qs.volatility | INFO  | Top 3 volatile: SOL/USDT(0.152%), ETH/USDT(0.089%), BTC/USDT(0.070%)
2026-03-12 16:25:20 | qs.exploit_gate | INFO  | Gate CLOSED | type=NONE conf=0.00 | H=0.737(TRENDING) S=0.766 AC=0.040(NONE) VR=0.989(NONE) | pass_rate=75.0%
2026-03-12 16:25:20 | qs.exploit_gate | INFO  | Gate OPEN | type=MEAN_REVERTING conf=0.57 | H=0.724(TRENDING) S=0.732 AC=-0.146(MEAN_REVERTING) VR=0.805(MEAN_REVERTING) | pass_rate=80.0%
2026-03-12 16:25:20 | qs.signal    | INFO  | REJECT ETH/USDT SHORT grade=D score=0.6 quality=0.581 | {"breakdown": {"technical": 0.549, "ml_confidence": 0.5, "order_flow": 0.645, "volatility": 0.7}}
2026-03-12 16:25:20 | qs.exploit_gate | INFO  | Gate OPEN | type=MEAN_REVERTING conf=0.52 | H=0.710(TRENDING) S=0.860 AC=-0.133(MEAN_REVERTING) VR=0.754(MEAN_REVERTING) | pass_rate=83.3%
2026-03-12 16:25:50 | qs.volatility | INFO  | Top 3 volatile: SOL/USDT(0.152%), ETH/USDT(0.089%), BTC/USDT(0.070%)
2026-03-12 16:25:52 | qs.exploit_gate | INFO  | Gate CLOSED | type=NONE conf=0.00 | H=0.737(TRENDING) S=0.769 AC=0.024(NONE) VR=0.983(NONE) | pass_rate=71.4%
2026-03-12 16:25:52 | qs.exploit_gate | INFO  | Gate OPEN | type=MEAN_REVERTING conf=0.57 | H=0.724(TRENDING) S=0.738 AC=-0.152(MEAN_REVERTING) VR=0.795(MEAN_REVERTING) | pass_rate=75.0%
2026-03-12 16:25:52 | qs.signal    | INFO  | REJECT ETH/USDT SHORT grade=D score=0.6 quality=0.648 | {"breakdown": {"technical": 0.549, "ml_confidence": 0.5, "order_flow": 0.981, "volatility": 0.7}}
2026-03-12 16:25:52 | qs.asym_risk | INFO  | SHORT entry=2064.99 | SL=2069.12(0.20%) TP=2057.56 | RR=1.8 EV=4.0307 ✓ +EV
2026-03-12 16:25:52 | qs.risk      | INFO  | Kelly sizing: p=0.71 rr=1.8 kelly_f=0.5422 risk%=0.0500 quality=0.71 size=$1919
2026-03-12 16:25:52 | qs.system    | INFO  | Execution attempt symbol=ETH/USDT signal=SHORT mode=paper size=1918.61
2026-03-12 16:25:52 | qs.risk      | WARNING | TRADE_REJECTED | {"symbol": "ETH/USDT", "side": "SHORT", "size_usd": 1918.61, "reasons": ["asset_exposure 95.0% > 95%"]}
2026-03-12 16:25:52 | qs.order     | INFO  | RISK_REJECT ETH/USDT SHORT size=$1918.61 price=2064.99 | {"reason": "asset_exposure 95.0% > 95%"}
2026-03-12 16:25:52 | qs.exploit_gate | INFO  | Gate OPEN | type=MEAN_REVERTING conf=0.52 | H=0.710(TRENDING) S=0.864 AC=-0.151(MEAN_REVERTING) VR=0.740(MEAN_REVERTING) | pass_rate=77.8%
2026-03-12 16:26:22 | qs.volatility | INFO  | Top 3 volatile: SOL/USDT(0.152%), ETH/USDT(0.089%), BTC/USDT(0.070%)
2026-03-12 16:26:23 | qs.exploit_gate | INFO  | Gate CLOSED | type=NONE conf=0.00 | H=0.739(TRENDING) S=0.769 AC=0.038(NONE) VR=0.943(NONE) | pass_rate=70.0%
2026-03-12 16:26:23 | qs.exploit_gate | INFO  | Gate OPEN | type=MEAN_REVERTING conf=0.57 | H=0.716(TRENDING) S=0.729 AC=-0.116(MEAN_REVERTING) VR=0.830(MEAN_REVERTING) | pass_rate=72.7%
2026-03-12 16:26:24 | qs.signal    | INFO  | ACCEPT ETH/USDT SHORT grade=C score=0.7 quality=0.651 | {"breakdown": {"technical": 0.549, "ml_confidence": 0.5, "order_flow": 0.993, "volatility": 0.7}}
2026-03-12 16:26:24 | qs.asym_risk | INFO  | SHORT entry=2064.74 | SL=2068.87(0.20%) TP=2057.31 | RR=1.8 EV=4.0603 ✓ +EV
2026-03-12 16:26:24 | qs.risk      | INFO  | Kelly sizing: p=0.71 rr=1.8 kelly_f=0.5462 risk%=0.0500 quality=0.71 size=$1919
2026-03-12 16:26:24 | qs.system    | INFO  | Execution attempt symbol=ETH/USDT signal=SHORT mode=paper size=1918.61
2026-03-12 16:26:24 | qs.risk      | WARNING | TRADE_REJECTED | {"symbol": "ETH/USDT", "side": "SHORT", "size_usd": 1918.61, "reasons": ["asset_exposure 95.0% > 95%"]}
2026-03-12 16:26:24 | qs.order     | INFO  | RISK_REJECT ETH/USDT SHORT size=$1918.61 price=2064.74 | {"reason": "asset_exposure 95.0% > 95%"}
2026-03-12 16:26:24 | qs.exploit_gate | INFO  | Gate OPEN | type=MEAN_REVERTING conf=0.52 | H=0.710(TRENDING) S=0.865 AC=-0.143(MEAN_REVERTING) VR=0.730(MEAN_REVERTING) | pass_rate=75.0%
2026-03-12 16:26:54 | qs.volatility | INFO  | Top 3 volatile: SOL/USDT(0.152%), ETH/USDT(0.089%), BTC/USDT(0.070%)
2026-03-12 16:26:56 | qs.exploit_gate | INFO  | Gate CLOSED | type=NONE conf=0.00 | H=0.739(TRENDING) S=0.764 AC=0.042(NONE) VR=0.947(NONE) | pass_rate=69.2%
2026-03-12 16:26:56 | qs.exploit_gate | INFO  | Gate OPEN | type=MEAN_REVERTING conf=0.57 | H=0.716(TRENDING) S=0.729 AC=-0.115(MEAN_REVERTING) VR=0.830(MEAN_REVERTING) | pass_rate=71.4%
2026-03-12 16:26:56 | qs.signal    | INFO  | REJECT ETH/USDT SHORT grade=D score=0.6 quality=0.613 | {"breakdown": {"technical": 0.549, "ml_confidence": 0.5, "order_flow": 0.802, "volatility": 0.7}}
2026-03-12 16:26:56 | qs.asym_risk | INFO  | SHORT entry=2064.85 | SL=2068.98(0.20%) TP=2057.42 | RR=1.8 EV=3.6199 ✓ +EV
2026-03-12 16:26:56 | qs.risk      | INFO  | Kelly sizing: p=0.67 rr=1.8 kelly_f=0.4870 risk%=0.0500 quality=0.67 size=$1919
2026-03-12 16:26:56 | qs.system    | INFO  | Execution attempt symbol=ETH/USDT signal=SHORT mode=paper size=1918.61
2026-03-12 16:26:56 | qs.risk      | WARNING | TRADE_REJECTED | {"symbol": "ETH/USDT", "side": "SHORT", "size_usd": 1918.61, "reasons": ["asset_exposure 95.0% > 95%"]}
2026-03-12 16:26:56 | qs.order     | INFO  | RISK_REJECT ETH/USDT SHORT size=$1918.61 price=2064.85 | {"reason": "asset_exposure 95.0% > 95%"}
2026-03-12 16:26:56 | qs.exploit_gate | INFO  | Gate OPEN | type=MEAN_REVERTING conf=0.52 | H=0.711(TRENDING) S=0.861 AC=-0.136(MEAN_REVERTING) VR=0.734(MEAN_REVERTING) | pass_rate=73.3%
2026-03-12 16:27:32 | qs.volatility | INFO  | Top 3 volatile: SOL/USDT(0.142%), ETH/USDT(0.087%), BTC/USDT(0.072%)
2026-03-12 16:27:33 | qs.exploit_gate | INFO  | Gate CLOSED | type=NONE conf=0.00 | H=0.693(TRENDING) S=0.740 AC=0.007(NONE) VR=0.989(NONE) | pass_rate=68.8%
2026-03-12 16:27:33 | qs.exploit_gate | INFO  | Gate OPEN | type=MEAN_REVERTING conf=0.58 | H=0.738(TRENDING) S=0.721 AC=-0.126(MEAN_REVERTING) VR=0.861(MEAN_REVERTING) | pass_rate=70.6%
2026-03-12 16:27:33 | qs.exploit_gate | INFO  | Gate OPEN | type=MEAN_REVERTING conf=0.52 | H=0.696(TRENDING) S=0.860 AC=-0.153(MEAN_REVERTING) VR=0.720(MEAN_REVERTING) | pass_rate=72.2%
2026-03-12 16:28:03 | qs.volatility | INFO  | Top 3 volatile: SOL/USDT(0.142%), ETH/USDT(0.087%), BTC/USDT(0.072%)
2026-03-12 16:28:05 | qs.exploit_gate | INFO  | Gate CLOSED | type=NONE conf=0.00 | H=0.702(TRENDING) S=0.740 AC=0.025(NONE) VR=1.010(NONE) | pass_rate=68.4%
2026-03-12 16:28:05 | qs.exploit_gate | INFO  | Gate OPEN | type=MEAN_REVERTING conf=0.58 | H=0.734(TRENDING) S=0.721 AC=-0.127(MEAN_REVERTING) VR=0.855(MEAN_REVERTING) | pass_rate=70.0%
2026-03-12 16:28:05 | qs.exploit_gate | INFO  | Gate OPEN | type=MEAN_REVERTING conf=0.52 | H=0.696(TRENDING) S=0.860 AC=-0.151(MEAN_REVERTING) VR=0.719(MEAN_REVERTING) | pass_rate=71.4%
2026-03-12 16:28:35 | qs.volatility | INFO  | Top 3 volatile: SOL/USDT(0.142%), ETH/USDT(0.087%), BTC/USDT(0.072%)
2026-03-12 16:28:36 | qs.exploit_gate | INFO  | Gate CLOSED | type=NONE conf=0.00 | H=0.702(TRENDING) S=0.740 AC=0.023(NONE) VR=1.008(NONE) | pass_rate=68.2%
2026-03-12 16:28:36 | qs.exploit_gate | INFO  | Gate OPEN | type=MEAN_REVERTING conf=0.58 | H=0.734(TRENDING) S=0.721 AC=-0.128(MEAN_REVERTING) VR=0.855(MEAN_REVERTING) | pass_rate=69.6%
2026-03-12 16:28:36 | qs.exploit_gate | INFO  | Gate OPEN | type=MEAN_REVERTING conf=0.52 | H=0.700(TRENDING) S=0.856 AC=-0.145(MEAN_REVERTING) VR=0.716(MEAN_REVERTING) | pass_rate=70.8%
2026-03-12 16:29:06 | qs.volatility | INFO  | Top 3 volatile: SOL/USDT(0.142%), ETH/USDT(0.087%), BTC/USDT(0.072%)
2026-03-12 16:29:08 | qs.exploit_gate | INFO  | Gate CLOSED | type=NONE conf=0.00 | H=0.718(TRENDING) S=0.734 AC=0.052(NONE) VR=1.031(NONE) | pass_rate=68.0%
2026-03-12 16:29:08 | qs.exploit_gate | INFO  | Gate CLOSED | type=NONE conf=0.00 | H=0.762(TRENDING) S=0.729 AC=-0.059(NONE) VR=0.930(NONE) | pass_rate=65.4%
2026-03-12 16:29:08 | qs.exploit_gate | INFO  | Gate OPEN | type=MEAN_REVERTING conf=0.53 | H=0.715(TRENDING) S=0.849 AC=-0.099(MEAN_REVERTING) VR=0.734(MEAN_REVERTING) | pass_rate=66.7%
2026-03-12 16:29:45 | qs.volatility | INFO  | Top 3 volatile: SOL/USDT(0.142%), ETH/USDT(0.087%), BTC/USDT(0.072%)
2026-03-12 16:29:47 | qs.exploit_gate | INFO  | Gate CLOSED | type=NONE conf=0.00 | H=0.718(TRENDING) S=0.734 AC=0.052(NONE) VR=1.031(NONE) | pass_rate=64.3%
2026-03-12 16:29:47 | qs.exploit_gate | INFO  | Gate CLOSED | type=NONE conf=0.00 | H=0.761(TRENDING) S=0.732 AC=-0.058(NONE) VR=0.930(NONE) | pass_rate=62.1%
2026-03-12 16:29:47 | qs.exploit_gate | INFO  | Gate OPEN | type=MEAN_REVERTING conf=0.53 | H=0.715(TRENDING) S=0.849 AC=-0.098(MEAN_REVERTING) VR=0.734(MEAN_REVERTING) | pass_rate=63.3%
2026-03-12 16:30:21 | qs.volatility | INFO  | Top 3 volatile: SOL/USDT(0.134%), ETH/USDT(0.086%), BTC/USDT(0.070%)
2026-03-12 16:30:22 | qs.exploit_gate | INFO  | Gate CLOSED | type=NONE conf=0.00 | H=0.730(TRENDING) S=0.727 AC=0.051(NONE) VR=1.063(NONE) | pass_rate=61.3%
2026-03-12 16:30:22 | qs.exploit_gate | INFO  | Gate OPEN | type=MEAN_REVERTING conf=0.55 | H=0.726(TRENDING) S=0.711 AC=-0.076(MEAN_REVERTING) VR=0.988(NONE) | pass_rate=62.5%
2026-03-12 16:30:23 | qs.signal    | INFO  | REJECT ETH/USDT SHORT grade=D score=0.6 quality=0.555 | {"breakdown": {"technical": 0.549, "ml_confidence": 0.5, "order_flow": 0.513, "volatility": 0.7}}
2026-03-12 16:30:23 | qs.exploit_gate | INFO  | Gate OPEN | type=MEAN_REVERTING conf=0.52 | H=0.731(TRENDING) S=0.863 AC=-0.122(MEAN_REVERTING) VR=0.811(MEAN_REVERTING) | pass_rate=63.6%
2026-03-12 16:30:53 | qs.volatility | INFO  | Top 3 volatile: SOL/USDT(0.134%), ETH/USDT(0.086%), BTC/USDT(0.070%)
2026-03-12 16:30:55 | qs.exploit_gate | INFO  | Gate CLOSED | type=NONE conf=0.00 | H=0.731(TRENDING) S=0.724 AC=0.052(NONE) VR=1.073(NONE) | pass_rate=61.8%
2026-03-12 16:30:55 | qs.exploit_gate | INFO  | Gate OPEN | type=MEAN_REVERTING conf=0.55 | H=0.726(TRENDING) S=0.714 AC=-0.078(MEAN_REVERTING) VR=0.988(NONE) | pass_rate=62.9%
2026-03-12 16:30:55 | qs.exploit_gate | INFO  | Gate OPEN | type=MEAN_REVERTING conf=0.52 | H=0.731(TRENDING) S=0.862 AC=-0.124(MEAN_REVERTING) VR=0.815(MEAN_REVERTING) | pass_rate=63.9%
2026-03-12 16:31:25 | qs.volatility | INFO  | Top 3 volatile: SOL/USDT(0.134%), ETH/USDT(0.086%), BTC/USDT(0.070%)
2026-03-12 16:31:26 | qs.exploit_gate | INFO  | Gate OPEN | type=TRENDING conf=0.57 | H=0.745(TRENDING) S=0.738 AC=0.065(TRENDING) VR=1.083(NONE) | pass_rate=64.9%
2026-03-12 16:31:26 | qs.exploit_gate | INFO  | Gate CLOSED | type=NONE conf=0.00 | H=0.731(TRENDING) S=0.729 AC=-0.059(NONE) VR=0.978(NONE) | pass_rate=63.2%
2026-03-12 16:31:26 | qs.exploit_gate | INFO  | Gate OPEN | type=MEAN_REVERTING conf=0.52 | H=0.728(TRENDING) S=0.872 AC=-0.103(MEAN_REVERTING) VR=0.803(MEAN_REVERTING) | pass_rate=64.1%
2026-03-12 16:31:56 | qs.volatility | INFO  | Top 3 volatile: SOL/USDT(0.134%), ETH/USDT(0.086%), BTC/USDT(0.070%)
2026-03-12 16:31:57 | qs.exploit_gate | INFO  | Gate CLOSED | type=NONE conf=0.00 | H=0.745(TRENDING) S=0.735 AC=0.039(NONE) VR=1.063(NONE) | pass_rate=62.5%
2026-03-12 16:31:58 | qs.exploit_gate | INFO  | Gate OPEN | type=MEAN_REVERTING conf=0.55 | H=0.731(TRENDING) S=0.729 AC=-0.105(MEAN_REVERTING) VR=0.954(NONE) | pass_rate=63.4%
2026-03-12 16:31:58 | qs.exploit_gate | INFO  | Gate OPEN | type=MEAN_REVERTING conf=0.52 | H=0.728(TRENDING) S=0.868 AC=-0.132(MEAN_REVERTING) VR=0.794(MEAN_REVERTING) | pass_rate=64.3%
2026-03-12 16:32:28 | qs.volatility | INFO  | Top 3 volatile: SOL/USDT(0.134%), ETH/USDT(0.086%), BTC/USDT(0.070%)
2026-03-12 16:32:29 | qs.exploit_gate | INFO  | Gate CLOSED | type=NONE conf=0.00 | H=0.748(TRENDING) S=0.744 AC=0.024(NONE) VR=1.050(NONE) | pass_rate=62.8%
2026-03-12 16:32:29 | qs.exploit_gate | INFO  | Gate OPEN | type=MEAN_REVERTING conf=0.55 | H=0.743(TRENDING) S=0.721 AC=-0.107(MEAN_REVERTING) VR=0.953(NONE) | pass_rate=63.6%
2026-03-12 16:32:29 | qs.exploit_gate | INFO  | Gate OPEN | type=MEAN_REVERTING conf=0.52 | H=0.730(TRENDING) S=0.874 AC=-0.145(MEAN_REVERTING) VR=0.772(MEAN_REVERTING) | pass_rate=64.4%
2026-03-12 16:33:03 | qs.volatility | INFO  | Top 3 volatile: SOL/USDT(0.144%), ETH/USDT(0.105%), BTC/USDT(0.082%)
2026-03-12 16:33:03 | qs.exploit_gate | INFO  | Gate CLOSED | type=NONE conf=0.00 | H=0.744(TRENDING) S=0.740 AC=0.026(NONE) VR=1.054(NONE) | pass_rate=63.0%
2026-03-12 16:33:03 | qs.exploit_gate | INFO  | Gate OPEN | type=MEAN_REVERTING conf=0.55 | H=0.743(TRENDING) S=0.729 AC=-0.117(MEAN_REVERTING) VR=0.945(NONE) | pass_rate=63.8%
2026-03-12 16:33:03 | qs.exploit_gate | INFO  | Gate OPEN | type=MEAN_REVERTING conf=0.51 | H=0.723(TRENDING) S=0.889 AC=-0.180(MEAN_REVERTING) VR=0.790(MEAN_REVERTING) | pass_rate=64.6%
2026-03-12 16:33:33 | qs.volatility | INFO  | Top 3 volatile: SOL/USDT(0.144%), ETH/USDT(0.105%), BTC/USDT(0.082%)
2026-03-12 16:33:35 | qs.exploit_gate | INFO  | Gate CLOSED | type=NONE conf=0.00 | H=0.744(TRENDING) S=0.740 AC=0.026(NONE) VR=1.054(NONE) | pass_rate=63.3%
2026-03-12 16:33:35 | qs.exploit_gate | INFO  | Gate OPEN | type=MEAN_REVERTING conf=0.55 | H=0.734(TRENDING) S=0.723 AC=-0.132(MEAN_REVERTING) VR=0.960(NONE) | pass_rate=64.0%
2026-03-12 16:33:36 | qs.exploit_gate | INFO  | Gate OPEN | type=MEAN_REVERTING conf=0.51 | H=0.723(TRENDING) S=0.891 AC=-0.177(MEAN_REVERTING) VR=0.792(MEAN_REVERTING) | pass_rate=64.7%
2026-03-12 16:34:06 | qs.volatility | INFO  | Top 3 volatile: SOL/USDT(0.144%), ETH/USDT(0.105%), BTC/USDT(0.082%)
2026-03-12 16:34:07 | qs.exploit_gate | INFO  | Gate CLOSED | type=NONE conf=0.00 | H=0.747(TRENDING) S=0.740 AC=0.027(NONE) VR=1.060(NONE) | pass_rate=63.5%
2026-03-12 16:34:07 | qs.exploit_gate | INFO  | Gate OPEN | type=MEAN_REVERTING conf=0.55 | H=0.749(TRENDING) S=0.723 AC=-0.134(MEAN_REVERTING) VR=0.970(NONE) | pass_rate=64.2%
2026-03-12 16:34:07 | qs.exploit_gate | INFO  | Gate OPEN | type=MEAN_REVERTING conf=0.51 | H=0.722(TRENDING) S=0.891 AC=-0.174(MEAN_REVERTING) VR=0.792(MEAN_REVERTING) | pass_rate=64.8%
2026-03-12 16:34:37 | qs.volatility | INFO  | Top 3 volatile: SOL/USDT(0.144%), ETH/USDT(0.105%), BTC/USDT(0.082%)
2026-03-12 16:34:38 | qs.exploit_gate | INFO  | Gate CLOSED | type=NONE conf=0.00 | H=0.748(TRENDING) S=0.746 AC=0.029(NONE) VR=1.059(NONE) | pass_rate=63.6%
2026-03-12 16:34:38 | qs.exploit_gate | INFO  | Gate OPEN | type=MEAN_REVERTING conf=0.55 | H=0.749(TRENDING) S=0.723 AC=-0.136(MEAN_REVERTING) VR=0.972(NONE) | pass_rate=64.3%
2026-03-12 16:34:38 | qs.exploit_gate | INFO  | Gate OPEN | type=MEAN_REVERTING conf=0.51 | H=0.744(TRENDING) S=0.889 AC=-0.170(MEAN_REVERTING) VR=0.811(MEAN_REVERTING) | pass_rate=64.9%
2026-03-12 16:35:11 | qs.volatility | INFO  | Top 3 volatile: SOL/USDT(0.144%), ETH/USDT(0.105%), BTC/USDT(0.082%)
2026-03-12 16:35:13 | qs.exploit_gate | INFO  | Gate CLOSED | type=NONE conf=0.00 | H=0.750(TRENDING) S=0.740 AC=0.027(NONE) VR=1.060(NONE) | pass_rate=63.8%
2026-03-12 16:35:13 | qs.exploit_gate | INFO  | Gate OPEN | type=MEAN_REVERTING conf=0.55 | H=0.759(TRENDING) S=0.723 AC=-0.135(MEAN_REVERTING) VR=0.969(NONE) | pass_rate=64.4%
2026-03-12 16:35:13 | qs.exploit_gate | INFO  | Gate OPEN | type=MEAN_REVERTING conf=0.51 | H=0.723(TRENDING) S=0.885 AC=-0.172(MEAN_REVERTING) VR=0.809(MEAN_REVERTING) | pass_rate=65.0%
2026-03-12 16:35:47 | qs.volatility | INFO  | Top 3 volatile: SOL/USDT(0.130%), ETH/USDT(0.099%), BTC/USDT(0.074%)
2026-03-12 16:35:49 | qs.exploit_gate | INFO  | Gate CLOSED | type=NONE conf=0.00 | H=0.750(TRENDING) S=0.740 AC=0.027(NONE) VR=1.060(NONE) | pass_rate=63.9%
2026-03-12 16:35:49 | qs.exploit_gate | INFO  | Gate OPEN | type=MEAN_REVERTING conf=0.55 | H=0.759(TRENDING) S=0.726 AC=-0.136(MEAN_REVERTING) VR=0.968(NONE) | pass_rate=64.5%
2026-03-12 16:35:49 | qs.exploit_gate | INFO  | Gate OPEN | type=MEAN_REVERTING conf=0.51 | H=0.723(TRENDING) S=0.885 AC=-0.172(MEAN_REVERTING) VR=0.809(MEAN_REVERTING) | pass_rate=65.1%
2026-03-12 16:36:19 | qs.volatility | INFO  | Top 3 volatile: SOL/USDT(0.130%), ETH/USDT(0.099%), BTC/USDT(0.074%)
2026-03-12 16:36:19 | qs.exploit_gate | INFO  | Gate CLOSED | type=NONE conf=0.00 | H=0.771(TRENDING) S=0.740 AC=0.026(NONE) VR=1.062(NONE) | pass_rate=64.1%
2026-03-12 16:36:19 | qs.exploit_gate | INFO  | Gate OPEN | type=MEAN_REVERTING conf=0.55 | H=0.746(TRENDING) S=0.723 AC=-0.134(MEAN_REVERTING) VR=0.970(NONE) | pass_rate=64.6%
2026-03-12 16:36:20 | qs.exploit_gate | INFO  | Gate OPEN | type=MEAN_REVERTING conf=0.51 | H=0.714(TRENDING) S=0.887 AC=-0.167(MEAN_REVERTING) VR=0.824(MEAN_REVERTING) | pass_rate=65.2%
2026-03-12 16:36:50 | qs.volatility | INFO  | Top 3 volatile: SOL/USDT(0.130%), ETH/USDT(0.099%), BTC/USDT(0.074%)
2026-03-12 16:36:51 | qs.exploit_gate | INFO  | Gate CLOSED | type=NONE conf=0.00 | H=0.771(TRENDING) S=0.740 AC=0.026(NONE) VR=1.060(NONE) | pass_rate=64.2%
2026-03-12 16:36:51 | qs.exploit_gate | INFO  | Gate OPEN | type=MEAN_REVERTING conf=0.55 | H=0.746(TRENDING) S=0.723 AC=-0.135(MEAN_REVERTING) VR=0.970(NONE) | pass_rate=64.7%
2026-03-12 16:36:51 | qs.exploit_gate | INFO  | Gate OPEN | type=MEAN_REVERTING conf=0.51 | H=0.714(TRENDING) S=0.887 AC=-0.169(MEAN_REVERTING) VR=0.822(MEAN_REVERTING) | pass_rate=65.2%
2026-03-12 16:37:21 | qs.volatility | INFO  | Top 3 volatile: SOL/USDT(0.130%), ETH/USDT(0.099%), BTC/USDT(0.074%)
2026-03-12 16:37:22 | qs.exploit_gate | INFO  | Gate CLOSED | type=NONE conf=0.00 | H=0.753(TRENDING) S=0.744 AC=0.027(NONE) VR=1.054(NONE) | pass_rate=64.3%
2026-03-12 16:37:22 | qs.exploit_gate | INFO  | Gate OPEN | type=MEAN_REVERTING conf=0.55 | H=0.736(TRENDING) S=0.726 AC=-0.134(MEAN_REVERTING) VR=0.966(NONE) | pass_rate=64.8%
2026-03-12 16:37:22 | qs.exploit_gate | INFO  | Gate OPEN | type=MEAN_REVERTING conf=0.51 | H=0.723(TRENDING) S=0.883 AC=-0.163(MEAN_REVERTING) VR=0.833(MEAN_REVERTING) | pass_rate=65.3%
2026-03-12 16:37:52 | qs.volatility | INFO  | Top 3 volatile: SOL/USDT(0.130%), ETH/USDT(0.099%), BTC/USDT(0.074%)
2026-03-12 16:37:53 | qs.exploit_gate | INFO  | Gate CLOSED | type=NONE conf=0.00 | H=0.753(TRENDING) S=0.744 AC=0.027(NONE) VR=1.060(NONE) | pass_rate=64.4%
2026-03-12 16:37:53 | qs.exploit_gate | INFO  | Gate OPEN | type=MEAN_REVERTING conf=0.55 | H=0.736(TRENDING) S=0.726 AC=-0.134(MEAN_REVERTING) VR=0.967(NONE) | pass_rate=64.9%
2026-03-12 16:37:53 | qs.exploit_gate | INFO  | Gate OPEN | type=MEAN_REVERTING conf=0.51 | H=0.724(TRENDING) S=0.884 AC=-0.163(MEAN_REVERTING) VR=0.830(MEAN_REVERTING) | pass_rate=65.3%
2026-03-12 16:38:27 | qs.volatility | INFO  | Top 3 volatile: SOL/USDT(0.120%), ETH/USDT(0.093%), BTC/USDT(0.070%)
2026-03-12 16:38:28 | qs.exploit_gate | INFO  | Gate CLOSED | type=NONE conf=0.00 | H=0.748(TRENDING) S=0.744 AC=0.026(NONE) VR=1.060(NONE) | pass_rate=64.5%
2026-03-12 16:38:28 | qs.exploit_gate | INFO  | Gate OPEN | type=MEAN_REVERTING conf=0.55 | H=0.735(TRENDING) S=0.729 AC=-0.133(MEAN_REVERTING) VR=0.967(NONE) | pass_rate=64.9%
2026-03-12 16:38:28 | qs.exploit_gate | INFO  | Gate OPEN | type=MEAN_REVERTING conf=0.51 | H=0.714(TRENDING) S=0.882 AC=-0.166(MEAN_REVERTING) VR=0.832(MEAN_REVERTING) | pass_rate=65.4%
2026-03-12 16:38:58 | qs.volatility | INFO  | Top 3 volatile: SOL/USDT(0.120%), ETH/USDT(0.093%), BTC/USDT(0.070%)
2026-03-12 16:38:59 | qs.exploit_gate | INFO  | Gate CLOSED | type=NONE conf=0.00 | H=0.748(TRENDING) S=0.744 AC=0.025(NONE) VR=1.059(NONE) | pass_rate=64.6%
2026-03-12 16:38:59 | qs.exploit_gate | INFO  | Gate OPEN | type=MEAN_REVERTING conf=0.55 | H=0.735(TRENDING) S=0.732 AC=-0.129(MEAN_REVERTING) VR=0.963(NONE) | pass_rate=65.0%
2026-03-12 16:38:59 | qs.exploit_gate | INFO  | Gate OPEN | type=MEAN_REVERTING conf=0.51 | H=0.714(TRENDING) S=0.882 AC=-0.165(MEAN_REVERTING) VR=0.831(MEAN_REVERTING) | pass_rate=65.4%
2026-03-12 16:39:29 | qs.volatility | INFO  | Top 3 volatile: SOL/USDT(0.120%), ETH/USDT(0.093%), BTC/USDT(0.070%)
2026-03-12 16:39:31 | qs.exploit_gate | INFO  | Gate CLOSED | type=NONE conf=0.00 | H=0.779(TRENDING) S=0.750 AC=0.027(NONE) VR=1.056(NONE) | pass_rate=64.6%
2026-03-12 16:39:31 | qs.exploit_gate | INFO  | Gate OPEN | type=MEAN_REVERTING conf=0.55 | H=0.753(TRENDING) S=0.738 AC=-0.135(MEAN_REVERTING) VR=0.962(NONE) | pass_rate=65.1%
2026-03-12 16:39:31 | qs.exploit_gate | INFO  | Gate OPEN | type=MEAN_REVERTING conf=0.51 | H=0.730(TRENDING) S=0.882 AC=-0.165(MEAN_REVERTING) VR=0.824(MEAN_REVERTING) | pass_rate=65.5%
2026-03-12 16:40:01 | qs.volatility | INFO  | Top 3 volatile: SOL/USDT(0.120%), ETH/USDT(0.093%), BTC/USDT(0.070%)
2026-03-12 16:40:03 | qs.exploit_gate | INFO  | Gate CLOSED | type=NONE conf=0.00 | H=0.780(TRENDING) S=0.751 AC=0.029(NONE) VR=1.046(NONE) | pass_rate=64.7%
2026-03-12 16:40:03 | qs.exploit_gate | INFO  | Gate OPEN | type=MEAN_REVERTING conf=0.55 | H=0.760(TRENDING) S=0.741 AC=-0.135(MEAN_REVERTING) VR=0.967(NONE) | pass_rate=65.1%
2026-03-12 16:40:03 | qs.exploit_gate | INFO  | Gate OPEN | type=MEAN_REVERTING conf=0.51 | H=0.730(TRENDING) S=0.882 AC=-0.164(MEAN_REVERTING) VR=0.824(MEAN_REVERTING) | pass_rate=65.5%
2026-03-12 16:40:31 | qs.system    | INFO  | Starting bot mode=paper symbols=['BTC/USDT', 'ETH/USDT', 'SOL/USDT']
2026-03-12 16:40:31 | qs.data      | INFO  | Exchange initialized for BTC/USDT
2026-03-12 16:40:31 | qs.data      | INFO  | Exchange initialized for ETH/USDT
2026-03-12 16:40:31 | qs.data      | INFO  | Exchange initialized for SOL/USDT
2026-03-12 16:40:31 | qs.graveyard | INFO  | Loaded 1 tombstones from graveyard
2026-03-12 16:40:31 | qs.data      | INFO  | Exchange initialized for BTC/USDT
2026-03-12 16:40:31 | qs.data      | INFO  | Exchange initialized for ETH/USDT
2026-03-12 16:40:31 | qs.data      | INFO  | Exchange initialized for SOL/USDT
2026-03-12 16:40:36 | qs.ml        | INFO  | Computing features for training...
2026-03-12 16:40:36 | qs.ml        | INFO  | Trained: val_accuracy=48.5% samples=398 top_features=['hour_cos', 'bb_width_z', 'atr_norm']
2026-03-12 16:40:47 | qs.volatility | INFO  | Top 3 volatile: SOL/USDT(0.120%), ETH/USDT(0.091%), BTC/USDT(0.067%)
2026-03-12 16:40:55 | qs.exploit_gate | INFO  | Gate CLOSED | type=NONE conf=0.00 | H=0.776(TRENDING) S=0.755 AC=0.024(NONE) VR=1.042(NONE) | pass_rate=0.0%
2026-03-12 16:40:55 | qs.exploit_gate | INFO  | Gate OPEN | type=MEAN_REVERTING conf=0.55 | H=0.760(TRENDING) S=0.741 AC=-0.135(MEAN_REVERTING) VR=0.967(NONE) | pass_rate=50.0%
2026-03-12 16:40:55 | qs.exploit_gate | INFO  | Gate OPEN | type=MEAN_REVERTING conf=0.52 | H=0.732(TRENDING) S=0.878 AC=-0.163(MEAN_REVERTING) VR=0.831(MEAN_REVERTING) | pass_rate=66.7%
2026-03-12 16:41:25 | qs.volatility | INFO  | Top 3 volatile: SOL/USDT(0.120%), ETH/USDT(0.091%), BTC/USDT(0.067%)
2026-03-12 16:41:27 | qs.exploit_gate | INFO  | Gate CLOSED | type=NONE conf=0.00 | H=0.767(TRENDING) S=0.758 AC=0.027(NONE) VR=1.036(NONE) | pass_rate=50.0%
2026-03-12 16:41:27 | qs.exploit_gate | INFO  | Gate OPEN | type=MEAN_REVERTING conf=0.55 | H=0.741(TRENDING) S=0.746 AC=-0.132(MEAN_REVERTING) VR=0.970(NONE) | pass_rate=60.0%
2026-03-12 16:41:27 | qs.signal    | INFO  | REJECT ETH/USDT SHORT grade=D score=0.6 quality=0.634 | {"breakdown": {"technical": 0.549, "ml_confidence": 0.5, "order_flow": 0.908, "volatility": 0.7}}
2026-03-12 16:41:27 | qs.asym_risk | INFO  | SHORT entry=2062.60 | SL=2066.73(0.20%) TP=2055.17 | RR=1.8 EV=3.8320 ✓ +EV
2026-03-12 16:41:27 | qs.risk      | INFO  | Kelly sizing: p=0.69 rr=1.8 kelly_f=0.5161 risk%=0.0500 quality=0.69 size=$1919
2026-03-12 16:41:27 | qs.system    | INFO  | Execution attempt symbol=ETH/USDT signal=SHORT mode=paper size=1918.61
2026-03-12 16:41:27 | qs.risk      | WARNING | TRADE_REJECTED | {"symbol": "ETH/USDT", "side": "SHORT", "size_usd": 1918.61, "reasons": ["asset_exposure 95.0% > 95%"]}
2026-03-12 16:41:27 | qs.order     | INFO  | RISK_REJECT ETH/USDT SHORT size=$1918.61 price=2062.60 | {"reason": "asset_exposure 95.0% > 95%"}
2026-03-12 16:41:27 | qs.exploit_gate | INFO  | Gate OPEN | type=MEAN_REVERTING conf=0.51 | H=0.707(TRENDING) S=0.883 AC=-0.161(MEAN_REVERTING) VR=0.835(MEAN_REVERTING) | pass_rate=66.7%
2026-03-12 16:41:27 | qs.signal    | INFO  | REJECT BTC/USDT SHORT grade=D score=0.6 quality=0.606 | {"breakdown": {"technical": 0.549, "ml_confidence": 0.5, "order_flow": 0.769, "volatility": 0.7}}
2026-03-12 16:41:27 | qs.asym_risk | INFO  | SHORT entry=70333.00 | SL=70473.67(0.20%) TP=70079.80 | RR=1.8 EV=118.2213 ✓ +EV
2026-03-12 16:41:27 | qs.risk      | INFO  | Kelly sizing: p=0.66 rr=1.8 kelly_f=0.4669 risk%=0.0500 quality=0.66 size=$1919
2026-03-12 16:41:27 | qs.system    | INFO  | Execution attempt symbol=BTC/USDT signal=SHORT mode=paper size=1918.61
2026-03-12 16:41:27 | qs.risk      | WARNING | TRADE_REJECTED | {"symbol": "BTC/USDT", "side": "SHORT", "size_usd": 1918.61, "reasons": ["asset_exposure 95.0% > 95%"]}
2026-03-12 16:41:27 | qs.order     | INFO  | RISK_REJECT BTC/USDT SHORT size=$1918.61 price=70333.00 | {"reason": "asset_exposure 95.0% > 95%"}
2026-03-12 16:41:57 | qs.volatility | INFO  | Top 3 volatile: SOL/USDT(0.120%), ETH/USDT(0.091%), BTC/USDT(0.067%)
2026-03-12 16:41:59 | qs.exploit_gate | INFO  | Gate CLOSED | type=NONE conf=0.00 | H=0.767(TRENDING) S=0.758 AC=0.027(NONE) VR=1.036(NONE) | pass_rate=57.1%
2026-03-12 16:41:59 | qs.exploit_gate | INFO  | Gate OPEN | type=MEAN_REVERTING conf=0.55 | H=0.741(TRENDING) S=0.746 AC=-0.130(MEAN_REVERTING) VR=0.967(NONE) | pass_rate=62.5%
2026-03-12 16:42:00 | qs.signal    | INFO  | REJECT ETH/USDT SHORT grade=D score=0.6 quality=0.635 | {"breakdown": {"technical": 0.549, "ml_confidence": 0.5, "order_flow": 0.914, "volatility": 0.7}}
2026-03-12 16:42:00 | qs.asym_risk | INFO  | SHORT entry=2063.01 | SL=2067.14(0.20%) TP=2055.58 | RR=1.8 EV=3.8455 ✓ +EV
2026-03-12 16:42:00 | qs.risk      | INFO  | Kelly sizing: p=0.69 rr=1.8 kelly_f=0.5178 risk%=0.0500 quality=0.69 size=$1919
2026-03-12 16:42:00 | qs.system    | INFO  | Execution attempt symbol=ETH/USDT signal=SHORT mode=paper size=1918.61
2026-03-12 16:42:00 | qs.risk      | WARNING | TRADE_REJECTED | {"symbol": "ETH/USDT", "side": "SHORT", "size_usd": 1918.61, "reasons": ["asset_exposure 95.0% > 95%"]}
2026-03-12 16:42:00 | qs.order     | INFO  | RISK_REJECT ETH/USDT SHORT size=$1918.61 price=2063.01 | {"reason": "asset_exposure 95.0% > 95%"}
2026-03-12 16:42:00 | qs.exploit_gate | INFO  | Gate OPEN | type=MEAN_REVERTING conf=0.51 | H=0.707(TRENDING) S=0.883 AC=-0.159(MEAN_REVERTING) VR=0.832(MEAN_REVERTING) | pass_rate=66.7%
2026-03-12 16:42:00 | qs.signal    | INFO  | REJECT BTC/USDT SHORT grade=D score=0.6 quality=0.637 | {"breakdown": {"technical": 0.549, "ml_confidence": 0.5, "order_flow": 0.925, "volatility": 0.7}}
2026-03-12 16:42:00 | qs.asym_risk | INFO  | SHORT entry=70349.90 | SL=70490.60(0.20%) TP=70096.64 | RR=1.8 EV=130.5413 ✓ +EV
2026-03-12 16:42:00 | qs.risk      | INFO  | Kelly sizing: p=0.69 rr=1.8 kelly_f=0.5154 risk%=0.0500 quality=0.69 size=$1919
2026-03-12 16:42:00 | qs.system    | INFO  | Execution attempt symbol=BTC/USDT signal=SHORT mode=paper size=1918.61
2026-03-12 16:42:00 | qs.risk      | WARNING | TRADE_REJECTED | {"symbol": "BTC/USDT", "side": "SHORT", "size_usd": 1918.61, "reasons": ["asset_exposure 95.0% > 95%"]}
2026-03-12 16:42:00 | qs.order     | INFO  | RISK_REJECT BTC/USDT SHORT size=$1918.61 price=70349.90 | {"reason": "asset_exposure 95.0% > 95%"}
2026-03-12 16:42:30 | qs.volatility | INFO  | Top 3 volatile: SOL/USDT(0.120%), ETH/USDT(0.091%), BTC/USDT(0.067%)
2026-03-12 16:42:32 | qs.exploit_gate | INFO  | Gate CLOSED | type=NONE conf=0.00 | H=0.754(TRENDING) S=0.751 AC=0.031(NONE) VR=1.047(NONE) | pass_rate=60.0%
2026-03-12 16:42:32 | qs.exploit_gate | INFO  | Gate OPEN | type=MEAN_REVERTING conf=0.55 | H=0.737(TRENDING) S=0.746 AC=-0.127(MEAN_REVERTING) VR=0.984(NONE) | pass_rate=63.6%
2026-03-12 16:42:33 | qs.signal    | INFO  | REJECT ETH/USDT SHORT grade=D score=0.5 quality=0.535 | {"breakdown": {"technical": 0.549, "ml_confidence": 0.5, "order_flow": 0.414, "volatility": 0.7}}
2026-03-12 16:42:33 | qs.exploit_gate | INFO  | Gate OPEN | type=MEAN_REVERTING conf=0.52 | H=0.708(TRENDING) S=0.877 AC=-0.158(MEAN_REVERTING) VR=0.860(MEAN_REVERTING) | pass_rate=66.7%
2026-03-12 16:42:33 | qs.signal    | INFO  | REJECT BTC/USDT SHORT grade=D score=0.6 quality=0.615 | {"breakdown": {"technical": 0.549, "ml_confidence": 0.5, "order_flow": 0.815, "volatility": 0.7}}
2026-03-12 16:42:33 | qs.asym_risk | INFO  | SHORT entry=70364.00 | SL=70504.73(0.20%) TP=70110.69 | RR=1.8 EV=122.0168 ✓ +EV
2026-03-12 16:42:33 | qs.risk      | INFO  | Kelly sizing: p=0.67 rr=1.8 kelly_f=0.4817 risk%=0.0500 quality=0.67 size=$1919
2026-03-12 16:42:33 | qs.system    | INFO  | Execution attempt symbol=BTC/USDT signal=SHORT mode=paper size=1918.61
2026-03-12 16:42:33 | qs.risk      | WARNING | TRADE_REJECTED | {"symbol": "BTC/USDT", "side": "SHORT", "size_usd": 1918.61, "reasons": ["asset_exposure 95.0% > 95%"]}
2026-03-12 16:42:33 | qs.order     | INFO  | RISK_REJECT BTC/USDT SHORT size=$1918.61 price=70364.00 | {"reason": "asset_exposure 95.0% > 95%"}
2026-03-12 16:43:03 | qs.volatility | INFO  | Top 3 volatile: SOL/USDT(0.120%), ETH/USDT(0.091%), BTC/USDT(0.067%)
2026-03-12 16:43:04 | qs.exploit_gate | INFO  | Gate CLOSED | type=NONE conf=0.00 | H=0.754(TRENDING) S=0.758 AC=0.035(NONE) VR=1.036(NONE) | pass_rate=61.5%
2026-03-12 16:43:04 | qs.exploit_gate | INFO  | Gate OPEN | type=MEAN_REVERTING conf=0.55 | H=0.737(TRENDING) S=0.753 AC=-0.112(MEAN_REVERTING) VR=0.975(NONE) | pass_rate=64.3%
2026-03-12 16:43:04 | qs.signal    | INFO  | REJECT ETH/USDT SHORT grade=D score=0.6 quality=0.602 | {"breakdown": {"technical": 0.549, "ml_confidence": 0.5, "order_flow": 0.749, "volatility": 0.7}}
2026-03-12 16:43:04 | qs.asym_risk | INFO  | SHORT entry=2065.00 | SL=2069.13(0.20%) TP=2057.57 | RR=1.8 EV=3.4675 ✓ +EV
2026-03-12 16:43:04 | qs.risk      | INFO  | Kelly sizing: p=0.66 rr=1.8 kelly_f=0.4664 risk%=0.0500 quality=0.66 size=$1919
2026-03-12 16:43:04 | qs.system    | INFO  | Execution attempt symbol=ETH/USDT signal=SHORT mode=paper size=1918.61
2026-03-12 16:43:04 | qs.risk      | WARNING | TRADE_REJECTED | {"symbol": "ETH/USDT", "side": "SHORT", "size_usd": 1918.61, "reasons": ["asset_exposure 95.0% > 95%"]}
2026-03-12 16:43:04 | qs.order     | INFO  | RISK_REJECT ETH/USDT SHORT size=$1918.61 price=2065.00 | {"reason": "asset_exposure 95.0% > 95%"}
2026-03-12 16:43:04 | qs.exploit_gate | INFO  | Gate OPEN | type=MEAN_REVERTING conf=0.52 | H=0.712(TRENDING) S=0.880 AC=-0.145(MEAN_REVERTING) VR=0.873(MEAN_REVERTING) | pass_rate=66.7%
2026-03-12 16:43:05 | qs.signal    | INFO  | REJECT BTC/USDT SHORT grade=D score=0.6 quality=0.630 | {"breakdown": {"technical": 0.555, "ml_confidence": 0.5, "order_flow": 0.932, "volatility": 0.65}}
2026-03-12 16:43:05 | qs.asym_risk | INFO  | SHORT entry=70389.00 | SL=70529.78(0.20%) TP=70135.60 | RR=1.8 EV=127.8940 ✓ +EV
2026-03-12 16:43:05 | qs.risk      | INFO  | Kelly sizing: p=0.68 rr=1.8 kelly_f=0.5047 risk%=0.0500 quality=0.68 size=$1919
2026-03-12 16:43:05 | qs.system    | INFO  | Execution attempt symbol=BTC/USDT signal=SHORT mode=paper size=1918.61
2026-03-12 16:43:05 | qs.risk      | WARNING | TRADE_REJECTED | {"symbol": "BTC/USDT", "side": "SHORT", "size_usd": 1918.61, "reasons": ["asset_exposure 95.0% > 95%"]}
2026-03-12 16:43:05 | qs.order     | INFO  | RISK_REJECT BTC/USDT SHORT size=$1918.61 price=70389.00 | {"reason": "asset_exposure 95.0% > 95%"}
2026-03-12 16:43:36 | qs.volatility | INFO  | Top 3 volatile: SOL/USDT(0.113%), ETH/USDT(0.089%), BTC/USDT(0.064%)
2026-03-12 16:43:37 | qs.exploit_gate | INFO  | Gate CLOSED | type=NONE conf=0.00 | H=0.748(TRENDING) S=0.754 AC=0.030(NONE) VR=1.039(NONE) | pass_rate=62.5%
2026-03-12 16:43:37 | qs.exploit_gate | INFO  | Gate OPEN | type=MEAN_REVERTING conf=0.55 | H=0.743(TRENDING) S=0.750 AC=-0.113(MEAN_REVERTING) VR=0.985(NONE) | pass_rate=64.7%
2026-03-12 16:43:38 | qs.signal    | INFO  | REJECT ETH/USDT SHORT grade=D score=0.6 quality=0.585 | {"breakdown": {"technical": 0.549, "ml_confidence": 0.5, "order_flow": 0.666, "volatility": 0.7}}
2026-03-12 16:43:38 | qs.exploit_gate | INFO  | Gate OPEN | type=MEAN_REVERTING conf=0.51 | H=0.713(TRENDING) S=0.883 AC=-0.150(MEAN_REVERTING) VR=0.867(MEAN_REVERTING) | pass_rate=66.7%
2026-03-12 16:43:39 | qs.signal    | INFO  | REJECT BTC/USDT SHORT grade=D score=0.6 quality=0.627 | {"breakdown": {"technical": 0.555, "ml_confidence": 0.5, "order_flow": 0.919, "volatility": 0.65}}
2026-03-12 16:43:39 | qs.asym_risk | INFO  | SHORT entry=70372.30 | SL=70513.04(0.20%) TP=70118.96 | RR=1.8 EV=126.7996 ✓ +EV
2026-03-12 16:43:39 | qs.risk      | INFO  | Kelly sizing: p=0.68 rr=1.8 kelly_f=0.5005 risk%=0.0500 quality=0.68 size=$1919
2026-03-12 16:43:39 | qs.system    | INFO  | Execution attempt symbol=BTC/USDT signal=SHORT mode=paper size=1918.61
2026-03-12 16:43:39 | qs.risk      | WARNING | TRADE_REJECTED | {"symbol": "BTC/USDT", "side": "SHORT", "size_usd": 1918.61, "reasons": ["asset_exposure 95.0% > 95%"]}
2026-03-12 16:43:39 | qs.order     | INFO  | RISK_REJECT BTC/USDT SHORT size=$1918.61 price=70372.30 | {"reason": "asset_exposure 95.0% > 95%"}
2026-03-12 16:44:09 | qs.volatility | INFO  | Top 3 volatile: SOL/USDT(0.113%), ETH/USDT(0.089%), BTC/USDT(0.064%)
2026-03-12 16:44:10 | qs.exploit_gate | INFO  | Gate CLOSED | type=NONE conf=0.00 | H=0.747(TRENDING) S=0.750 AC=0.028(NONE) VR=1.066(NONE) | pass_rate=63.2%
2026-03-12 16:44:10 | qs.exploit_gate | INFO  | Gate OPEN | type=MEAN_REVERTING conf=0.55 | H=0.755(TRENDING) S=0.745 AC=-0.106(MEAN_REVERTING) VR=1.033(NONE) | pass_rate=65.0%
2026-03-12 16:44:10 | qs.signal    | INFO  | REJECT ETH/USDT SHORT grade=D score=0.5 quality=0.457 | {"breakdown": {"technical": 0.549, "ml_confidence": 0.5, "order_flow": 0.025, "volatility": 0.7}}
2026-03-12 16:44:10 | qs.exploit_gate | INFO  | Gate OPEN | type=MEAN_REVERTING conf=0.55 | H=0.711(TRENDING) S=0.873 AC=-0.162(MEAN_REVERTING) VR=0.931(NONE) | pass_rate=66.7%
2026-03-12 16:44:11 | qs.signal    | INFO  | REJECT BTC/USDT SHORT grade=D score=0.5 quality=0.483 | {"breakdown": {"technical": 0.549, "ml_confidence": 0.5, "order_flow": 0.153, "volatility": 0.7}}
2026-03-12 16:44:41 | qs.volatility | INFO  | Top 3 volatile: SOL/USDT(0.113%), ETH/USDT(0.089%), BTC/USDT(0.064%)
2026-03-12 16:44:42 | qs.exploit_gate | INFO  | Gate CLOSED | type=NONE conf=0.00 | H=0.747(TRENDING) S=0.750 AC=0.028(NONE) VR=1.066(NONE) | pass_rate=63.6%
2026-03-12 16:44:42 | qs.exploit_gate | INFO  | Gate OPEN | type=MEAN_REVERTING conf=0.55 | H=0.755(TRENDING) S=0.748 AC=-0.105(MEAN_REVERTING) VR=1.032(NONE) | pass_rate=65.2%
2026-03-12 16:44:42 | qs.signal    | INFO  | REJECT ETH/USDT SHORT grade=D score=0.6 quality=0.619 | {"breakdown": {"technical": 0.549, "ml_confidence": 0.5, "order_flow": 0.831, "volatility": 0.7}}
2026-03-12 16:44:42 | qs.asym_risk | INFO  | SHORT entry=2066.31 | SL=2070.44(0.20%) TP=2058.87 | RR=1.8 EV=3.6607 ✓ +EV
2026-03-12 16:44:42 | qs.risk      | INFO  | Kelly sizing: p=0.67 rr=1.8 kelly_f=0.4921 risk%=0.0500 quality=0.67 size=$1919
2026-03-12 16:44:42 | qs.system    | INFO  | Execution attempt symbol=ETH/USDT signal=SHORT mode=paper size=1918.61
2026-03-12 16:44:42 | qs.risk      | WARNING | TRADE_REJECTED | {"symbol": "ETH/USDT", "side": "SHORT", "size_usd": 1918.61, "reasons": ["asset_exposure 95.0% > 95%"]}
2026-03-12 16:44:42 | qs.order     | INFO  | RISK_REJECT ETH/USDT SHORT size=$1918.61 price=2066.31 | {"reason": "asset_exposure 95.0% > 95%"}
2026-03-12 16:44:42 | qs.exploit_gate | INFO  | Gate OPEN | type=MEAN_REVERTING conf=0.55 | H=0.711(TRENDING) S=0.880 AC=-0.162(MEAN_REVERTING) VR=0.928(NONE) | pass_rate=66.7%
2026-03-12 16:44:43 | qs.signal    | INFO  | REJECT BTC/USDT SHORT grade=D score=0.5 quality=0.468 | {"breakdown": {"technical": 0.549, "ml_confidence": 0.5, "order_flow": 0.077, "volatility": 0.7}}
2026-03-12 16:45:13 | qs.volatility | INFO  | Top 3 volatile: SOL/USDT(0.113%), ETH/USDT(0.089%), BTC/USDT(0.064%)
2026-03-12 16:45:14 | qs.exploit_gate | INFO  | Gate CLOSED | type=NONE conf=0.00 | H=0.736(TRENDING) S=0.748 AC=0.029(NONE) VR=1.063(NONE) | pass_rate=64.0%
2026-03-12 16:45:14 | qs.exploit_gate | INFO  | Gate OPEN | type=MEAN_REVERTING conf=0.55 | H=0.739(TRENDING) S=0.748 AC=-0.109(MEAN_REVERTING) VR=1.039(NONE) | pass_rate=65.4%
2026-03-12 16:45:15 | qs.signal    | INFO  | REJECT ETH/USDT SHORT grade=D score=0.5 quality=0.517 | {"breakdown": {"technical": 0.549, "ml_confidence": 0.5, "order_flow": 0.325, "volatility": 0.7}}
2026-03-12 16:45:15 | qs.exploit_gate | INFO  | Gate OPEN | type=MEAN_REVERTING conf=0.55 | H=0.699(TRENDING) S=0.884 AC=-0.172(MEAN_REVERTING) VR=0.916(NONE) | pass_rate=66.7%
2026-03-12 16:45:15 | qs.signal    | INFO  | REJECT BTC/USDT SHORT grade=D score=0.5 quality=0.474 | {"breakdown": {"technical": 0.549, "ml_confidence": 0.5, "order_flow": 0.108, "volatility": 0.7}}
2026-03-12 16:45:47 | qs.volatility | INFO  | Top 3 volatile: SOL/USDT(0.113%), ETH/USDT(0.089%), BTC/USDT(0.064%)
2026-03-12 16:45:49 | qs.exploit_gate | INFO  | Gate CLOSED | type=NONE conf=0.00 | H=0.736(TRENDING) S=0.748 AC=0.029(NONE) VR=1.066(NONE) | pass_rate=64.3%
2026-03-12 16:45:49 | qs.exploit_gate | INFO  | Gate OPEN | type=MEAN_REVERTING conf=0.55 | H=0.738(TRENDING) S=0.742 AC=-0.106(MEAN_REVERTING) VR=1.049(NONE) | pass_rate=65.5%
2026-03-12 16:45:50 | qs.signal    | INFO  | REJECT ETH/USDT SHORT grade=D score=0.5 quality=0.522 | {"breakdown": {"technical": 0.549, "ml_confidence": 0.5, "order_flow": 0.349, "volatility": 0.7}}
2026-03-12 16:45:50 | qs.exploit_gate | INFO  | Gate OPEN | type=MEAN_REVERTING conf=0.55 | H=0.699(TRENDING) S=0.881 AC=-0.159(MEAN_REVERTING) VR=0.935(NONE) | pass_rate=66.7%
2026-03-12 16:45:50 | qs.signal    | INFO  | REJECT BTC/USDT SHORT grade=D score=0.5 quality=0.536 | {"breakdown": {"technical": 0.549, "ml_confidence": 0.5, "order_flow": 0.417, "volatility": 0.7}}
2026-03-12 16:46:21 | qs.volatility | INFO  | Top 3 volatile: SOL/USDT(0.105%), BTC/USDT(0.066%), ETH/USDT(0.089%)
2026-03-12 16:46:23 | qs.exploit_gate | INFO  | Gate CLOSED | type=NONE conf=0.00 | H=0.740(TRENDING) S=0.745 AC=0.026(NONE) VR=1.069(NONE) | pass_rate=64.5%
2026-03-12 16:46:23 | qs.exploit_gate | INFO  | Gate OPEN | type=MEAN_REVERTING conf=0.55 | H=0.692(TRENDING) S=0.881 AC=-0.156(MEAN_REVERTING) VR=0.941(NONE) | pass_rate=65.6%
2026-03-12 16:46:23 | qs.signal    | INFO  | REJECT BTC/USDT SHORT grade=D score=0.5 quality=0.466 | {"breakdown": {"technical": 0.549, "ml_confidence": 0.5, "order_flow": 0.067, "volatility": 0.7}}
2026-03-12 16:46:23 | qs.exploit_gate | INFO  | Gate OPEN | type=MEAN_REVERTING conf=0.55 | H=0.734(TRENDING) S=0.742 AC=-0.107(MEAN_REVERTING) VR=1.052(NONE) | pass_rate=66.7%
2026-03-12 16:46:24 | qs.signal    | INFO  | REJECT ETH/USDT SHORT grade=D score=0.5 quality=0.493 | {"breakdown": {"technical": 0.549, "ml_confidence": 0.5, "order_flow": 0.204, "volatility": 0.7}}
2026-03-12 16:51:53 | qs.system    | INFO  | Starting bot mode=paper symbols=['BTC/USDT', 'ETH/USDT', 'SOL/USDT']
2026-03-12 16:51:55 | qs.data      | INFO  | Exchange initialized for BTC/USDT
2026-03-12 16:51:55 | qs.data      | INFO  | Exchange initialized for ETH/USDT
2026-03-12 16:51:55 | qs.data      | INFO  | Exchange initialized for SOL/USDT
2026-03-12 16:51:55 | qs.graveyard | INFO  | Loaded 1 tombstones from graveyard
2026-03-12 16:51:55 | qs.data      | INFO  | Exchange initialized for BTC/USDT
2026-03-12 16:51:55 | qs.data      | INFO  | Exchange initialized for ETH/USDT
2026-03-12 16:51:55 | qs.data      | INFO  | Exchange initialized for SOL/USDT
2026-03-12 16:52:00 | qs.ml        | INFO  | Computing features for training...
2026-03-12 16:52:00 | qs.ml        | INFO  | Trained: val_accuracy=45.7% samples=403 top_features=['bb_width_z', 'hour_cos', 'roc_10']
2026-03-12 16:52:23 | qs.volatility | INFO  | Top 3 volatile: SOL/USDT(0.120%), ETH/USDT(0.097%), BTC/USDT(0.075%)
2026-03-12 16:52:36 | qs.exploit_gate | INFO  | Gate CLOSED | type=NONE conf=0.00 | H=0.767(TRENDING) S=0.765 AC=0.040(NONE) VR=0.986(NONE) | pass_rate=0.0%
2026-03-12 16:52:36 | qs.exploit_gate | INFO  | Gate OPEN | type=MEAN_REVERTING conf=0.55 | H=0.731(TRENDING) S=0.753 AC=-0.066(MEAN_REVERTING) VR=1.003(NONE) | pass_rate=50.0%
2026-03-12 16:52:36 | qs.exploit_gate | INFO  | Gate OPEN | type=MEAN_REVERTING conf=0.55 | H=0.756(TRENDING) S=0.889 AC=-0.082(MEAN_REVERTING) VR=0.996(NONE) | pass_rate=66.7%
2026-03-12 16:53:06 | qs.volatility | INFO  | Top 3 volatile: SOL/USDT(0.120%), ETH/USDT(0.097%), BTC/USDT(0.075%)
2026-03-12 16:53:07 | qs.exploit_gate | INFO  | Gate CLOSED | type=NONE conf=0.00 | H=0.771(TRENDING) S=0.765 AC=0.040(NONE) VR=0.972(NONE) | pass_rate=50.0%
2026-03-12 16:53:07 | qs.exploit_gate | INFO  | Gate CLOSED | type=NONE conf=0.00 | H=0.739(TRENDING) S=0.762 AC=-0.041(NONE) VR=1.035(NONE) | pass_rate=40.0%
2026-03-12 16:53:07 | qs.exploit_gate | INFO  | Gate OPEN | type=MEAN_REVERTING conf=0.55 | H=0.764(TRENDING) S=0.891 AC=-0.062(MEAN_REVERTING) VR=1.042(NONE) | pass_rate=50.0%
2026-03-12 16:53:37 | qs.volatility | INFO  | Top 3 volatile: SOL/USDT(0.120%), ETH/USDT(0.097%), BTC/USDT(0.075%)
2026-03-12 16:53:38 | qs.exploit_gate | INFO  | Gate CLOSED | type=NONE conf=0.00 | H=0.771(TRENDING) S=0.765 AC=0.040(NONE) VR=0.974(NONE) | pass_rate=42.9%
2026-03-12 16:53:38 | qs.exploit_gate | INFO  | Gate CLOSED | type=NONE conf=0.00 | H=0.739(TRENDING) S=0.764 AC=-0.046(NONE) VR=1.025(NONE) | pass_rate=37.5%
2026-03-12 16:53:38 | qs.exploit_gate | INFO  | Gate OPEN | type=MEAN_REVERTING conf=0.55 | H=0.764(TRENDING) S=0.891 AC=-0.062(MEAN_REVERTING) VR=1.042(NONE) | pass_rate=44.4%
2026-03-12 16:54:08 | qs.volatility | INFO  | Top 3 volatile: SOL/USDT(0.120%), ETH/USDT(0.097%), BTC/USDT(0.075%)
2026-03-12 16:54:10 | qs.exploit_gate | INFO  | Gate CLOSED | type=NONE conf=0.00 | H=0.786(TRENDING) S=0.765 AC=0.040(NONE) VR=0.974(NONE) | pass_rate=40.0%
2026-03-12 16:54:10 | qs.exploit_gate | INFO  | Gate CLOSED | type=NONE conf=0.00 | H=0.739(TRENDING) S=0.764 AC=-0.047(NONE) VR=1.058(NONE) | pass_rate=36.4%
2026-03-12 16:54:10 | qs.exploit_gate | INFO  | Gate OPEN | type=TRENDING conf=0.51 | H=0.779(TRENDING) S=0.890 AC=-0.049(NONE) VR=1.113(TRENDING) | pass_rate=41.7%
2026-03-12 16:54:40 | qs.volatility | INFO  | Top 3 volatile: SOL/USDT(0.120%), ETH/USDT(0.097%), BTC/USDT(0.075%)
2026-03-12 16:54:42 | qs.exploit_gate | INFO  | Gate CLOSED | type=NONE conf=0.00 | H=0.785(TRENDING) S=0.773 AC=0.040(NONE) VR=0.974(NONE) | pass_rate=38.5%
2026-03-12 16:54:42 | qs.exploit_gate | INFO  | Gate CLOSED | type=NONE conf=0.00 | H=0.739(TRENDING) S=0.764 AC=-0.047(NONE) VR=1.059(NONE) | pass_rate=35.7%
2026-03-12 16:54:42 | qs.exploit_gate | INFO  | Gate OPEN | type=TRENDING conf=0.51 | H=0.779(TRENDING) S=0.890 AC=-0.050(NONE) VR=1.107(TRENDING) | pass_rate=40.0%
2026-03-12 16:55:14 | qs.volatility | INFO  | Top 3 volatile: SOL/USDT(0.116%), ETH/USDT(0.097%), BTC/USDT(0.077%)
2026-03-12 16:55:15 | qs.exploit_gate | INFO  | Gate CLOSED | type=NONE conf=0.00 | H=0.783(TRENDING) S=0.777 AC=0.030(NONE) VR=0.963(NONE) | pass_rate=37.5%
2026-03-12 16:55:15 | qs.exploit_gate | INFO  | Gate CLOSED | type=NONE conf=0.00 | H=0.766(TRENDING) S=0.772 AC=-0.047(NONE) VR=1.064(NONE) | pass_rate=35.3%
2026-03-12 16:55:15 | qs.exploit_gate | INFO  | Gate OPEN | type=TRENDING conf=0.51 | H=0.803(TRENDING) S=0.889 AC=-0.026(NONE) VR=1.148(TRENDING) | pass_rate=38.9%
2026-03-12 16:55:15 | qs.graveyard | WARNING | BLOCKED by tombstone | similarity=0.77 | pattern_losses=1 | total_lost=$-1.56
2026-03-12 16:55:15 | qs.scalper   | INFO  | GRAVEYARD blocked BTC/USDT SHORT (sim=0.77)
2026-03-12 16:55:45 | qs.volatility | INFO  | Top 3 volatile: SOL/USDT(0.116%), ETH/USDT(0.097%), BTC/USDT(0.077%)
2026-03-12 16:55:47 | qs.exploit_gate | INFO  | Gate CLOSED | type=NONE conf=0.00 | H=0.783(TRENDING) S=0.777 AC=0.032(NONE) VR=0.966(NONE) | pass_rate=36.8%
2026-03-12 16:55:47 | qs.exploit_gate | INFO  | Gate CLOSED | type=NONE conf=0.00 | H=0.766(TRENDING) S=0.772 AC=-0.045(NONE) VR=1.070(NONE) | pass_rate=35.0%
2026-03-12 16:55:47 | qs.exploit_gate | INFO  | Gate OPEN | type=TRENDING conf=0.51 | H=0.803(TRENDING) S=0.889 AC=-0.026(NONE) VR=1.144(TRENDING) | pass_rate=38.1%
2026-03-12 16:55:47 | qs.graveyard | WARNING | BLOCKED by tombstone | similarity=0.76 | pattern_losses=1 | total_lost=$-1.56
2026-03-12 16:55:47 | qs.scalper   | INFO  | GRAVEYARD blocked BTC/USDT SHORT (sim=0.76)
2026-03-12 16:56:17 | qs.volatility | INFO  | Top 3 volatile: SOL/USDT(0.116%), ETH/USDT(0.097%), BTC/USDT(0.077%)
2026-03-12 16:56:18 | qs.exploit_gate | INFO  | Gate CLOSED | type=NONE conf=0.00 | H=0.789(TRENDING) S=0.765 AC=0.004(NONE) VR=0.956(NONE) | pass_rate=36.4%
2026-03-12 16:56:18 | qs.exploit_gate | INFO  | Gate CLOSED | type=NONE conf=0.00 | H=0.749(TRENDING) S=0.769 AC=-0.052(NONE) VR=1.064(NONE) | pass_rate=34.8%
2026-03-12 16:56:18 | qs.exploit_gate | INFO  | Gate OPEN | type=TRENDING conf=0.52 | H=0.778(TRENDING) S=0.872 AC=-0.044(NONE) VR=1.151(TRENDING) | pass_rate=37.5%
2026-03-12 16:56:18 | qs.signal    | INFO  | REJECT BTC/USDT SHORT grade=D score=0.6 quality=0.633 | {"breakdown": {"technical": 0.549, "ml_confidence": 0.5, "order_flow": 0.902, "volatility": 0.7}}
2026-03-12 16:56:18 | qs.asym_risk | INFO  | SHORT entry=70351.00 | SL=70594.72(0.35%) TP=69912.31 | RR=1.8 EV=223.3902 ✓ +EV
2026-03-12 16:56:18 | qs.risk      | INFO  | Kelly sizing: p=0.68 rr=1.8 kelly_f=0.5092 risk%=0.0500 quality=0.68 size=$1919
2026-03-12 16:56:18 | qs.system    | INFO  | Execution attempt symbol=BTC/USDT signal=SHORT mode=paper size=1918.61
2026-03-12 16:56:18 | qs.risk      | WARNING | TRADE_REJECTED | {"symbol": "BTC/USDT", "side": "SHORT", "size_usd": 1918.61, "reasons": ["asset_exposure 95.0% > 95%"]}
2026-03-12 16:56:18 | qs.order     | INFO  | RISK_REJECT BTC/USDT SHORT size=$1918.61 price=70351.00 | {"reason": "asset_exposure 95.0% > 95%"}
2026-03-12 16:56:48 | qs.volatility | INFO  | Top 3 volatile: SOL/USDT(0.116%), ETH/USDT(0.097%), BTC/USDT(0.077%)
2026-03-12 16:56:52 | qs.exploit_gate | INFO  | Gate CLOSED | type=NONE conf=0.00 | H=0.789(TRENDING) S=0.771 AC=-0.003(NONE) VR=0.954(NONE) | pass_rate=36.0%
2026-03-12 16:56:52 | qs.exploit_gate | INFO  | Gate OPEN | type=MEAN_REVERTING conf=0.55 | H=0.748(TRENDING) S=0.772 AC=-0.060(MEAN_REVERTING) VR=1.063(NONE) | pass_rate=38.5%
2026-03-12 16:56:52 | qs.exploit_gate | INFO  | Gate OPEN | type=TRENDING conf=0.52 | H=0.777(TRENDING) S=0.874 AC=-0.049(NONE) VR=1.152(TRENDING) | pass_rate=40.7%
2026-03-12 16:56:53 | qs.signal    | INFO  | ACCEPT BTC/USDT SHORT grade=C score=0.7 quality=0.710 | {"breakdown": {"technical": 0.799, "ml_confidence": 0.5, "order_flow": 0.978, "volatility": 0.7}}
2026-03-12 16:56:53 | qs.asym_risk | INFO  | SHORT entry=70330.00 | SL=70595.02(0.38%) TP=69852.97 | RR=1.8 EV=300.4223 ✓ +EV
2026-03-12 16:56:53 | qs.risk      | INFO  | Kelly sizing: p=0.76 rr=1.8 kelly_f=0.6298 risk%=0.0500 quality=0.76 size=$1919
2026-03-12 16:56:53 | qs.system    | INFO  | Execution attempt symbol=BTC/USDT signal=SHORT mode=paper size=1918.61
2026-03-12 16:56:53 | qs.risk      | WARNING | TRADE_REJECTED | {"symbol": "BTC/USDT", "side": "SHORT", "size_usd": 1918.61, "reasons": ["asset_exposure 95.0% > 95%"]}
2026-03-12 16:56:53 | qs.order     | INFO  | RISK_REJECT BTC/USDT SHORT size=$1918.61 price=70330.00 | {"reason": "asset_exposure 95.0% > 95%"}
2026-03-12 16:57:26 | qs.volatility | INFO  | Top 3 volatile: SOL/USDT(0.116%), ETH/USDT(0.097%), BTC/USDT(0.077%)
2026-03-12 16:57:27 | qs.exploit_gate | INFO  | Gate CLOSED | type=NONE conf=0.00 | H=0.781(TRENDING) S=0.757 AC=0.002(NONE) VR=0.984(NONE) | pass_rate=39.3%
2026-03-12 16:57:27 | qs.exploit_gate | INFO  | Gate CLOSED | type=NONE conf=0.00 | H=0.744(TRENDING) S=0.769 AC=-0.058(NONE) VR=1.061(NONE) | pass_rate=37.9%
2026-03-12 16:57:27 | qs.exploit_gate | INFO  | Gate OPEN | type=TRENDING conf=0.52 | H=0.769(TRENDING) S=0.876 AC=-0.047(NONE) VR=1.150(TRENDING) | pass_rate=40.0%
2026-03-12 16:57:28 | qs.signal    | INFO  | ACCEPT BTC/USDT SHORT grade=C score=0.7 quality=0.709 | {"breakdown": {"technical": 0.799, "ml_confidence": 0.5, "order_flow": 0.97, "volatility": 0.7}}
2026-03-12 16:57:28 | qs.asym_risk | INFO  | SHORT entry=70318.80 | SL=70594.74(0.39%) TP=69822.11 | RR=1.8 EV=311.5671 ✓ +EV
2026-03-12 16:57:28 | qs.risk      | INFO  | Kelly sizing: p=0.76 rr=1.8 kelly_f=0.6273 risk%=0.0500 quality=0.76 size=$1919
2026-03-12 16:57:28 | qs.system    | INFO  | Execution attempt symbol=BTC/USDT signal=SHORT mode=paper size=1918.61
2026-03-12 16:57:28 | qs.risk      | WARNING | TRADE_REJECTED | {"symbol": "BTC/USDT", "side": "SHORT", "size_usd": 1918.61, "reasons": ["asset_exposure 95.0% > 95%"]}
2026-03-12 16:57:28 | qs.order     | INFO  | RISK_REJECT BTC/USDT SHORT size=$1918.61 price=70318.80 | {"reason": "asset_exposure 95.0% > 95%"}
2026-03-12 16:58:01 | qs.volatility | INFO  | Top 3 volatile: SOL/USDT(0.113%), BTC/USDT(0.075%), ETH/USDT(0.093%)
2026-03-12 16:58:02 | qs.exploit_gate | INFO  | Gate CLOSED | type=NONE conf=0.00 | H=0.781(TRENDING) S=0.757 AC=-0.001(NONE) VR=0.981(NONE) | pass_rate=38.7%
2026-03-12 16:58:02 | qs.exploit_gate | INFO  | Gate OPEN | type=TRENDING conf=0.52 | H=0.769(TRENDING) S=0.874 AC=-0.048(NONE) VR=1.151(TRENDING) | pass_rate=40.6%
2026-03-12 16:58:03 | qs.signal    | INFO  | REJECT BTC/USDT SHORT grade=D score=0.6 quality=0.643 | {"breakdown": {"technical": 0.799, "ml_confidence": 0.5, "order_flow": 0.644, "volatility": 0.7}}
2026-03-12 16:58:03 | qs.asym_risk | INFO  | SHORT entry=70328.00 | SL=70594.79(0.38%) TP=69847.77 | RR=1.8 EV=252.5349 ✓ +EV
2026-03-12 16:58:03 | qs.risk      | INFO  | Kelly sizing: p=0.70 rr=1.8 kelly_f=0.5259 risk%=0.0500 quality=0.70 size=$1919
2026-03-12 16:58:03 | qs.system    | INFO  | Execution attempt symbol=BTC/USDT signal=SHORT mode=paper size=1918.61
2026-03-12 16:58:03 | qs.risk      | WARNING | TRADE_REJECTED | {"symbol": "BTC/USDT", "side": "SHORT", "size_usd": 1918.61, "reasons": ["asset_exposure 95.0% > 95%"]}
2026-03-12 16:58:03 | qs.order     | INFO  | RISK_REJECT BTC/USDT SHORT size=$1918.61 price=70328.00 | {"reason": "asset_exposure 95.0% > 95%"}
2026-03-12 16:58:03 | qs.exploit_gate | INFO  | Gate CLOSED | type=NONE conf=0.00 | H=0.745(TRENDING) S=0.769 AC=-0.059(NONE) VR=1.062(NONE) | pass_rate=39.4%
2026-03-12 16:58:33 | qs.volatility | INFO  | Top 3 volatile: SOL/USDT(0.113%), BTC/USDT(0.075%), ETH/USDT(0.093%)
2026-03-12 16:58:35 | qs.exploit_gate | INFO  | Gate CLOSED | type=NONE conf=0.00 | H=0.781(TRENDING) S=0.764 AC=-0.004(NONE) VR=0.974(NONE) | pass_rate=38.2%
2026-03-12 16:58:35 | qs.exploit_gate | INFO  | Gate OPEN | type=TRENDING conf=0.52 | H=0.776(TRENDING) S=0.876 AC=-0.049(NONE) VR=1.149(TRENDING) | pass_rate=40.0%
2026-03-12 16:58:35 | qs.signal    | INFO  | REJECT BTC/USDT SHORT grade=D score=0.6 quality=0.605 | {"breakdown": {"technical": 0.799, "ml_confidence": 0.5, "order_flow": 0.45, "volatility": 0.7}}
2026-03-12 16:58:35 | qs.asym_risk | INFO  | SHORT entry=70310.20 | SL=70450.82(0.20%) TP=70057.08 | RR=1.8 EV=117.8286 ✓ +EV
2026-03-12 16:58:35 | qs.risk      | INFO  | Kelly sizing: p=0.66 rr=1.8 kelly_f=0.4655 risk%=0.0500 quality=0.66 size=$1919
2026-03-12 16:58:35 | qs.system    | INFO  | Execution attempt symbol=BTC/USDT signal=SHORT mode=paper size=1918.61
2026-03-12 16:58:35 | qs.risk      | WARNING | TRADE_REJECTED | {"symbol": "BTC/USDT", "side": "SHORT", "size_usd": 1918.61, "reasons": ["asset_exposure 95.0% > 95%"]}
2026-03-12 16:58:35 | qs.order     | INFO  | RISK_REJECT BTC/USDT SHORT size=$1918.61 price=70310.20 | {"reason": "asset_exposure 95.0% > 95%"}
2026-03-12 16:58:35 | qs.exploit_gate | INFO  | Gate CLOSED | type=NONE conf=0.00 | H=0.753(TRENDING) S=0.772 AC=-0.058(NONE) VR=1.060(NONE) | pass_rate=38.9%
2026-03-12 16:59:05 | qs.volatility | INFO  | Top 3 volatile: SOL/USDT(0.113%), BTC/USDT(0.075%), ETH/USDT(0.093%)
2026-03-12 16:59:07 | qs.exploit_gate | INFO  | Gate CLOSED | type=NONE conf=0.00 | H=0.781(TRENDING) S=0.759 AC=-0.003(NONE) VR=0.975(NONE) | pass_rate=37.8%
2026-03-12 16:59:07 | qs.exploit_gate | INFO  | Gate OPEN | type=TRENDING conf=0.52 | H=0.775(TRENDING) S=0.868 AC=-0.058(NONE) VR=1.182(TRENDING) | pass_rate=39.5%
2026-03-12 16:59:08 | qs.signal    | INFO  | ACCEPT BTC/USDT SHORT grade=C score=0.7 quality=0.660 | {"breakdown": {"technical": 0.799, "ml_confidence": 0.5, "order_flow": 0.724, "volatility": 0.7}}
2026-03-12 16:59:08 | qs.asym_risk | INFO  | SHORT entry=70327.50 | SL=70468.15(0.20%) TP=70074.32 | RR=1.8 EV=139.5973 ✓ +EV
2026-03-12 16:59:08 | qs.risk      | INFO  | Kelly sizing: p=0.71 rr=1.8 kelly_f=0.5514 risk%=0.0500 quality=0.71 size=$1919
2026-03-12 16:59:08 | qs.system    | INFO  | Execution attempt symbol=BTC/USDT signal=SHORT mode=paper size=1918.61
2026-03-12 16:59:08 | qs.risk      | WARNING | TRADE_REJECTED | {"symbol": "BTC/USDT", "side": "SHORT", "size_usd": 1918.61, "reasons": ["asset_exposure 95.0% > 95%"]}
2026-03-12 16:59:08 | qs.order     | INFO  | RISK_REJECT BTC/USDT SHORT size=$1918.61 price=70327.50 | {"reason": "asset_exposure 95.0% > 95%"}
2026-03-12 16:59:08 | qs.exploit_gate | INFO  | Gate OPEN | type=MEAN_REVERTING conf=0.55 | H=0.771(TRENDING) S=0.769 AC=-0.062(MEAN_REVERTING) VR=1.080(NONE) | pass_rate=41.0%
2026-03-12 16:59:38 | qs.volatility | INFO  | Top 3 volatile: SOL/USDT(0.113%), BTC/USDT(0.075%), ETH/USDT(0.093%)
2026-03-12 16:59:39 | qs.exploit_gate | INFO  | Gate CLOSED | type=NONE conf=0.00 | H=0.787(TRENDING) S=0.757 AC=-0.003(NONE) VR=0.974(NONE) | pass_rate=40.0%
2026-03-12 16:59:39 | qs.exploit_gate | INFO  | Gate OPEN | type=TRENDING conf=0.52 | H=0.775(TRENDING) S=0.871 AC=-0.057(NONE) VR=1.171(TRENDING) | pass_rate=41.5%
2026-03-12 16:59:40 | qs.exploit_gate | INFO  | Gate OPEN | type=MEAN_REVERTING conf=0.55 | H=0.771(TRENDING) S=0.771 AC=-0.061(MEAN_REVERTING) VR=1.079(NONE) | pass_rate=42.9%
2026-03-12 17:00:10 | qs.volatility | INFO  | Top 3 volatile: SOL/USDT(0.113%), BTC/USDT(0.075%), ETH/USDT(0.093%)
2026-03-12 17:00:11 | qs.exploit_gate | INFO  | Gate CLOSED | type=NONE conf=0.00 | H=0.782(TRENDING) S=0.757 AC=-0.002(NONE) VR=0.966(NONE) | pass_rate=41.9%
2026-03-12 17:00:11 | qs.exploit_gate | INFO  | Gate OPEN | type=TRENDING conf=0.52 | H=0.765(TRENDING) S=0.868 AC=-0.048(NONE) VR=1.173(TRENDING) | pass_rate=43.2%
2026-03-12 17:00:11 | qs.exploit_gate | INFO  | Gate CLOSED | type=NONE conf=0.00 | H=0.769(TRENDING) S=0.769 AC=-0.057(NONE) VR=1.080(NONE) | pass_rate=42.2%
2026-03-12 17:00:44 | qs.volatility | INFO  | Top 3 volatile: SOL/USDT(0.101%), ETH/USDT(0.083%), BTC/USDT(0.070%)
2026-03-12 17:00:45 | qs.exploit_gate | INFO  | Gate CLOSED | type=NONE conf=0.00 | H=0.781(TRENDING) S=0.757 AC=-0.002(NONE) VR=0.965(NONE) | pass_rate=41.3%
2026-03-12 17:00:45 | qs.exploit_gate | INFO  | Gate OPEN | type=MEAN_REVERTING conf=0.55 | H=0.769(TRENDING) S=0.769 AC=-0.060(MEAN_REVERTING) VR=1.079(NONE) | pass_rate=42.6%
2026-03-12 17:00:46 | qs.exploit_gate | INFO  | Gate OPEN | type=TRENDING conf=0.52 | H=0.765(TRENDING) S=0.868 AC=-0.054(NONE) VR=1.177(TRENDING) | pass_rate=43.8%
2026-03-12 17:00:46 | qs.signal    | INFO  | ACCEPT BTC/USDT SHORT grade=C score=0.7 quality=0.707 | {"breakdown": {"technical": 0.799, "ml_confidence": 0.5, "order_flow": 0.96, "volatility": 0.7}}
2026-03-12 17:00:46 | qs.asym_risk | INFO  | SHORT entry=70341.10 | SL=70481.78(0.20%) TP=70087.87 | RR=1.8 EV=158.2168 ✓ +EV
2026-03-12 17:00:46 | qs.risk      | INFO  | Kelly sizing: p=0.76 rr=1.8 kelly_f=0.6248 risk%=0.0500 quality=0.76 size=$1919
2026-03-12 17:00:46 | qs.system    | INFO  | Execution attempt symbol=BTC/USDT signal=SHORT mode=paper size=1918.61
2026-03-12 17:00:46 | qs.risk      | WARNING | TRADE_REJECTED | {"symbol": "BTC/USDT", "side": "SHORT", "size_usd": 1918.61, "reasons": ["asset_exposure 95.0% > 95%"]}
2026-03-12 17:00:46 | qs.order     | INFO  | RISK_REJECT BTC/USDT SHORT size=$1918.61 price=70341.10 | {"reason": "asset_exposure 95.0% > 95%"}
2026-03-12 17:01:16 | qs.volatility | INFO  | Top 3 volatile: SOL/USDT(0.101%), ETH/USDT(0.083%), BTC/USDT(0.070%)
2026-03-12 17:01:18 | qs.exploit_gate | INFO  | Gate CLOSED | type=NONE conf=0.00 | H=0.766(TRENDING) S=0.749 AC=-0.014(NONE) VR=0.951(NONE) | pass_rate=42.9%
2026-03-12 17:01:18 | qs.exploit_gate | INFO  | Gate OPEN | type=MEAN_REVERTING conf=0.55 | H=0.758(TRENDING) S=0.769 AC=-0.065(MEAN_REVERTING) VR=1.068(NONE) | pass_rate=44.0%
2026-03-12 17:01:18 | qs.exploit_gate | INFO  | Gate OPEN | type=TRENDING conf=0.52 | H=0.757(TRENDING) S=0.864 AC=-0.062(MEAN_REVERTING) VR=1.159(TRENDING) | pass_rate=45.1%
2026-03-12 17:01:19 | qs.signal    | INFO  | REJECT BTC/USDT SHORT grade=D score=0.6 quality=0.645 | {"breakdown": {"technical": 0.799, "ml_confidence": 0.5, "order_flow": 0.653, "volatility": 0.7}}
2026-03-12 17:01:19 | qs.asym_risk | INFO  | SHORT entry=70327.70 | SL=70468.36(0.20%) TP=70074.52 | RR=1.8 EV=134.0052 ✓ +EV
2026-03-12 17:01:19 | qs.risk      | INFO  | Kelly sizing: p=0.70 rr=1.8 kelly_f=0.5293 risk%=0.0500 quality=0.70 size=$1919
2026-03-12 17:01:19 | qs.system    | INFO  | Execution attempt symbol=BTC/USDT signal=SHORT mode=paper size=1918.61
2026-03-12 17:01:19 | qs.risk      | WARNING | TRADE_REJECTED | {"symbol": "BTC/USDT", "side": "SHORT", "size_usd": 1918.61, "reasons": ["asset_exposure 95.0% > 95%"]}
2026-03-12 17:01:19 | qs.order     | INFO  | RISK_REJECT BTC/USDT SHORT size=$1918.61 price=70327.70 | {"reason": "asset_exposure 95.0% > 95%"}
2026-03-12 17:01:49 | qs.volatility | INFO  | Top 3 volatile: SOL/USDT(0.101%), ETH/USDT(0.083%), BTC/USDT(0.070%)
2026-03-12 17:01:51 | qs.exploit_gate | INFO  | Gate CLOSED | type=NONE conf=0.00 | H=0.766(TRENDING) S=0.749 AC=-0.014(NONE) VR=0.951(NONE) | pass_rate=44.2%
2026-03-12 17:01:51 | qs.exploit_gate | INFO  | Gate OPEN | type=MEAN_REVERTING conf=0.55 | H=0.758(TRENDING) S=0.769 AC=-0.063(MEAN_REVERTING) VR=1.066(NONE) | pass_rate=45.3%
2026-03-12 17:01:51 | qs.exploit_gate | INFO  | Gate OPEN | type=TRENDING conf=0.52 | H=0.756(TRENDING) S=0.866 AC=-0.058(NONE) VR=1.157(TRENDING) | pass_rate=46.3%
2026-03-12 17:01:52 | qs.signal    | INFO  | REJECT BTC/USDT SHORT grade=D score=0.6 quality=0.633 | {"breakdown": {"technical": 0.799, "ml_confidence": 0.5, "order_flow": 0.59, "volatility": 0.7}}
2026-03-12 17:01:52 | qs.asym_risk | INFO  | SHORT entry=70305.00 | SL=70445.61(0.20%) TP=70051.90 | RR=1.8 EV=128.9619 ✓ +EV
2026-03-12 17:01:52 | qs.risk      | INFO  | Kelly sizing: p=0.68 rr=1.8 kelly_f=0.5095 risk%=0.0500 quality=0.68 size=$1919
2026-03-12 17:01:52 | qs.system    | INFO  | Execution attempt symbol=BTC/USDT signal=SHORT mode=paper size=1918.61
2026-03-12 17:01:52 | qs.risk      | WARNING | TRADE_REJECTED | {"symbol": "BTC/USDT", "side": "SHORT", "size_usd": 1918.61, "reasons": ["asset_exposure 95.0% > 95%"]}
2026-03-12 17:01:52 | qs.order     | INFO  | RISK_REJECT BTC/USDT SHORT size=$1918.61 price=70305.00 | {"reason": "asset_exposure 95.0% > 95%"}
2026-03-12 17:02:22 | qs.volatility | INFO  | Top 3 volatile: SOL/USDT(0.101%), ETH/USDT(0.083%), BTC/USDT(0.070%)
2026-03-12 17:02:24 | qs.exploit_gate | INFO  | Gate CLOSED | type=NONE conf=0.00 | H=0.740(TRENDING) S=0.743 AC=-0.010(NONE) VR=0.942(NONE) | pass_rate=45.5%
2026-03-12 17:02:24 | qs.exploit_gate | INFO  | Gate OPEN | type=MEAN_REVERTING conf=0.55 | H=0.746(TRENDING) S=0.771 AC=-0.066(MEAN_REVERTING) VR=1.061(NONE) | pass_rate=46.4%
2026-03-12 17:02:24 | qs.exploit_gate | INFO  | Gate OPEN | type=TRENDING conf=0.52 | H=0.745(TRENDING) S=0.863 AC=-0.063(MEAN_REVERTING) VR=1.146(TRENDING) | pass_rate=47.4%
2026-03-12 17:02:24 | qs.signal    | INFO  | REJECT BTC/USDT SHORT grade=D score=0.6 quality=0.610 | {"breakdown": {"technical": 0.799, "ml_confidence": 0.5, "order_flow": 0.474, "volatility": 0.7}}
2026-03-12 17:02:24 | qs.asym_risk | INFO  | SHORT entry=70338.20 | SL=70478.88(0.20%) TP=70084.98 | RR=1.8 EV=119.9238 ✓ +EV
2026-03-12 17:02:24 | qs.risk      | INFO  | Kelly sizing: p=0.66 rr=1.8 kelly_f=0.4736 risk%=0.0500 quality=0.66 size=$1919
2026-03-12 17:02:24 | qs.system    | INFO  | Execution attempt symbol=BTC/USDT signal=SHORT mode=paper size=1918.61
2026-03-12 17:02:24 | qs.risk      | WARNING | TRADE_REJECTED | {"symbol": "BTC/USDT", "side": "SHORT", "size_usd": 1918.61, "reasons": ["asset_exposure 95.0% > 95%"]}
2026-03-12 17:02:24 | qs.order     | INFO  | RISK_REJECT BTC/USDT SHORT size=$1918.61 price=70338.20 | {"reason": "asset_exposure 95.0% > 95%"}
2026-03-12 17:02:57 | qs.volatility | INFO  | Top 3 volatile: SOL/USDT(0.101%), ETH/USDT(0.083%), BTC/USDT(0.070%)
2026-03-12 17:02:58 | qs.exploit_gate | INFO  | Gate CLOSED | type=NONE conf=0.00 | H=0.741(TRENDING) S=0.743 AC=-0.011(NONE) VR=0.942(NONE) | pass_rate=46.6%
2026-03-12 17:02:58 | qs.exploit_gate | INFO  | Gate OPEN | type=MEAN_REVERTING conf=0.55 | H=0.746(TRENDING) S=0.773 AC=-0.064(MEAN_REVERTING) VR=1.060(NONE) | pass_rate=47.5%
2026-03-12 17:02:58 | qs.exploit_gate | INFO  | Gate OPEN | type=TRENDING conf=0.52 | H=0.745(TRENDING) S=0.866 AC=-0.060(NONE) VR=1.139(TRENDING) | pass_rate=48.3%
2026-03-12 17:03:33 | qs.volatility | INFO  | Top 3 volatile: SOL/USDT(0.098%), ETH/USDT(0.086%), BTC/USDT(0.069%)
2026-03-12 17:03:34 | qs.exploit_gate | INFO  | Gate CLOSED | type=NONE conf=0.00 | H=0.740(TRENDING) S=0.745 AC=-0.007(NONE) VR=0.933(NONE) | pass_rate=47.5%
2026-03-12 17:03:34 | qs.exploit_gate | INFO  | Gate CLOSED | type=NONE conf=0.00 | H=0.765(TRENDING) S=0.777 AC=-0.054(NONE) VR=1.052(NONE) | pass_rate=46.8%
2026-03-12 17:03:34 | qs.exploit_gate | INFO  | Gate OPEN | type=TRENDING conf=0.52 | H=0.763(TRENDING) S=0.869 AC=-0.050(NONE) VR=1.133(TRENDING) | pass_rate=47.6%
2026-03-12 17:04:04 | qs.volatility | INFO  | Top 3 volatile: SOL/USDT(0.098%), ETH/USDT(0.086%), BTC/USDT(0.069%)
2026-03-12 17:04:06 | qs.exploit_gate | INFO  | Gate CLOSED | type=NONE conf=0.00 | H=0.731(TRENDING) S=0.750 AC=-0.015(NONE) VR=0.929(NONE) | pass_rate=46.9%
2026-03-12 17:04:06 | qs.exploit_gate | INFO  | Gate CLOSED | type=NONE conf=0.00 | H=0.765(TRENDING) S=0.780 AC=-0.052(NONE) VR=1.046(NONE) | pass_rate=46.2%
2026-03-12 17:04:06 | qs.exploit_gate | INFO  | Gate OPEN | type=TRENDING conf=0.52 | H=0.746(TRENDING) S=0.872 AC=-0.052(NONE) VR=1.130(TRENDING) | pass_rate=47.0%
2026-03-12 17:04:07 | qs.signal    | INFO  | ACCEPT BTC/USDT LONG grade=C score=0.7 quality=0.737 | {"breakdown": {"technical": 0.924, "ml_confidence": 0.5, "order_flow": 0.953, "volatility": 0.7}}
2026-03-12 17:04:07 | qs.asym_risk | INFO  | LONG entry=70413.20 | SL=70272.37(0.20%) TP=70666.69 | RR=1.8 EV=170.0113 ✓ +EV
2026-03-12 17:04:07 | qs.risk      | INFO  | Kelly sizing: p=0.79 rr=1.8 kelly_f=0.6707 risk%=0.0500 quality=0.79 size=$1919
2026-03-12 17:04:07 | qs.system    | INFO  | Execution attempt symbol=BTC/USDT signal=LONG mode=paper size=1918.61
2026-03-12 17:04:07 | qs.risk      | WARNING | TRADE_REJECTED | {"symbol": "BTC/USDT", "side": "LONG", "size_usd": 1918.61, "reasons": ["asset_exposure 95.0% > 95%"]}
2026-03-12 17:04:07 | qs.order     | INFO  | RISK_REJECT BTC/USDT LONG size=$1918.61 price=70413.20 | {"reason": "asset_exposure 95.0% > 95%"}
2026-03-12 17:04:37 | qs.volatility | INFO  | Top 3 volatile: SOL/USDT(0.098%), ETH/USDT(0.086%), BTC/USDT(0.069%)
2026-03-12 17:04:38 | qs.exploit_gate | INFO  | Gate CLOSED | type=NONE conf=0.00 | H=0.732(TRENDING) S=0.758 AC=-0.022(NONE) VR=0.917(NONE) | pass_rate=46.3%
2026-03-12 17:04:38 | qs.exploit_gate | INFO  | Gate OPEN | type=MEAN_REVERTING conf=0.55 | H=0.744(TRENDING) S=0.784 AC=-0.067(MEAN_REVERTING) VR=1.043(NONE) | pass_rate=47.1%
2026-03-12 17:04:38 | qs.exploit_gate | INFO  | Gate OPEN | type=TRENDING conf=0.52 | H=0.745(TRENDING) S=0.877 AC=-0.061(MEAN_REVERTING) VR=1.118(TRENDING) | pass_rate=47.8%
2026-03-12 17:05:08 | qs.volatility | INFO  | Top 3 volatile: SOL/USDT(0.098%), ETH/USDT(0.086%), BTC/USDT(0.069%)
2026-03-12 17:05:09 | qs.exploit_gate | INFO  | Gate CLOSED | type=NONE conf=0.00 | H=0.713(TRENDING) S=0.743 AC=-0.012(NONE) VR=0.963(NONE) | pass_rate=47.1%
2026-03-12 17:05:09 | qs.exploit_gate | INFO  | Gate OPEN | type=MEAN_REVERTING conf=0.55 | H=0.748(TRENDING) S=0.776 AC=-0.075(MEAN_REVERTING) VR=1.067(NONE) | pass_rate=47.9%
2026-03-12 17:05:09 | qs.exploit_gate | INFO  | Gate OPEN | type=TRENDING conf=0.52 | H=0.747(TRENDING) S=0.865 AC=-0.072(MEAN_REVERTING) VR=1.163(TRENDING) | pass_rate=48.6%
2026-03-12 17:05:39 | qs.volatility | INFO  | Top 3 volatile: SOL/USDT(0.098%), ETH/USDT(0.086%), BTC/USDT(0.069%)
2026-03-12 17:05:41 | qs.exploit_gate | INFO  | Gate CLOSED | type=NONE conf=0.00 | H=0.713(TRENDING) S=0.749 AC=-0.007(NONE) VR=0.960(NONE) | pass_rate=47.9%
2026-03-12 17:05:41 | qs.exploit_gate | INFO  | Gate OPEN | type=MEAN_REVERTING conf=0.55 | H=0.748(TRENDING) S=0.777 AC=-0.080(MEAN_REVERTING) VR=1.066(NONE) | pass_rate=48.6%
2026-03-12 17:05:41 | qs.exploit_gate | INFO  | Gate OPEN | type=TRENDING conf=0.52 | H=0.746(TRENDING) S=0.868 AC=-0.080(MEAN_REVERTING) VR=1.158(TRENDING) | pass_rate=49.3%
2026-03-12 17:05:41 | qs.signal    | INFO  | REJECT BTC/USDT LONG grade=D score=0.6 quality=0.560 | {"breakdown": {"technical": 0.924, "ml_confidence": 0.5, "order_flow": 0.069, "volatility": 0.7}}
2026-03-12 17:06:14 | qs.volatility | INFO  | Top 3 volatile: SOL/USDT(0.104%), ETH/USDT(0.080%), BTC/USDT(0.067%)
2026-03-12 17:06:16 | qs.exploit_gate | INFO  | Gate CLOSED | type=NONE conf=0.00 | H=0.700(TRENDING) S=0.758 AC=-0.003(NONE) VR=0.981(NONE) | pass_rate=48.7%
2026-03-12 17:06:16 | qs.exploit_gate | INFO  | Gate OPEN | type=MEAN_REVERTING conf=0.55 | H=0.736(TRENDING) S=0.778 AC=-0.075(MEAN_REVERTING) VR=1.075(NONE) | pass_rate=49.4%
2026-03-12 17:06:16 | qs.exploit_gate | INFO  | Gate OPEN | type=TRENDING conf=0.52 | H=0.743(TRENDING) S=0.870 AC=-0.069(MEAN_REVERTING) VR=1.162(TRENDING) | pass_rate=50.0%
2026-03-12 17:06:16 | qs.signal    | INFO  | REJECT BTC/USDT LONG grade=D score=0.5 quality=0.525 | {"breakdown": {"technical": 0.799, "ml_confidence": 0.5, "order_flow": 0.052, "volatility": 0.7}}
2026-03-12 17:06:46 | qs.volatility | INFO  | Top 3 volatile: SOL/USDT(0.104%), ETH/USDT(0.080%), BTC/USDT(0.067%)
2026-03-12 17:06:47 | qs.exploit_gate | INFO  | Gate CLOSED | type=NONE conf=0.00 | H=0.700(TRENDING) S=0.758 AC=-0.005(NONE) VR=0.979(NONE) | pass_rate=49.4%
2026-03-12 17:06:47 | qs.exploit_gate | INFO  | Gate OPEN | type=MEAN_REVERTING conf=0.55 | H=0.736(TRENDING) S=0.782 AC=-0.066(MEAN_REVERTING) VR=1.067(NONE) | pass_rate=50.0%
2026-03-12 17:06:48 | qs.signal    | INFO  | REJECT ETH/USDT SHORT grade=D score=0.6 quality=0.612 | {"breakdown": {"technical": 0.549, "ml_confidence": 0.5, "order_flow": 0.799, "volatility": 0.7}}
2026-03-12 17:06:48 | qs.asym_risk | INFO  | SHORT entry=2068.45 | SL=2072.59(0.20%) TP=2061.00 | RR=1.8 EV=3.5903 ✓ +EV
2026-03-12 17:06:48 | qs.risk      | INFO  | Kelly sizing: p=0.67 rr=1.8 kelly_f=0.4822 risk%=0.0500 quality=0.67 size=$1919
2026-03-12 17:06:48 | qs.system    | INFO  | Execution attempt symbol=ETH/USDT signal=SHORT mode=paper size=1918.61
2026-03-12 17:06:48 | qs.risk      | WARNING | TRADE_REJECTED | {"symbol": "ETH/USDT", "side": "SHORT", "size_usd": 1918.61, "reasons": ["asset_exposure 95.0% > 95%"]}
2026-03-12 17:06:48 | qs.order     | INFO  | RISK_REJECT ETH/USDT SHORT size=$1918.61 price=2068.45 | {"reason": "asset_exposure 95.0% > 95%"}
2026-03-12 17:06:48 | qs.exploit_gate | INFO  | Gate OPEN | type=TRENDING conf=0.52 | H=0.743(TRENDING) S=0.873 AC=-0.064(MEAN_REVERTING) VR=1.158(TRENDING) | pass_rate=50.6%
2026-03-12 17:06:50 | qs.signal    | INFO  | ACCEPT BTC/USDT LONG grade=C score=0.7 quality=0.687 | {"breakdown": {"technical": 0.799, "ml_confidence": 0.5, "order_flow": 0.861, "volatility": 0.7}}
2026-03-12 17:06:50 | qs.asym_risk | INFO  | LONG entry=70468.50 | SL=70295.23(0.25%) TP=70780.38 | RR=1.8 EV=185.1103 ✓ +EV
2026-03-12 17:06:50 | qs.risk      | INFO  | Kelly sizing: p=0.74 rr=1.8 kelly_f=0.5935 risk%=0.0500 quality=0.74 size=$1919
2026-03-12 17:06:50 | qs.system    | INFO  | Execution attempt symbol=BTC/USDT signal=LONG mode=paper size=1918.61
2026-03-12 17:06:50 | qs.risk      | WARNING | TRADE_REJECTED | {"symbol": "BTC/USDT", "side": "LONG", "size_usd": 1918.61, "reasons": ["asset_exposure 95.0% > 95%"]}
2026-03-12 17:06:50 | qs.order     | INFO  | RISK_REJECT BTC/USDT LONG size=$1918.61 price=70468.50 | {"reason": "asset_exposure 95.0% > 95%"}
2026-03-12 17:07:20 | qs.volatility | INFO  | Top 3 volatile: SOL/USDT(0.104%), ETH/USDT(0.080%), BTC/USDT(0.067%)
2026-03-12 17:07:21 | qs.exploit_gate | INFO  | Gate CLOSED | type=NONE conf=0.00 | H=0.718(TRENDING) S=0.769 AC=0.005(NONE) VR=1.003(NONE) | pass_rate=50.0%
2026-03-12 17:07:21 | qs.exploit_gate | INFO  | Gate OPEN | type=MEAN_REVERTING conf=0.55 | H=0.745(TRENDING) S=0.784 AC=-0.082(MEAN_REVERTING) VR=1.075(NONE) | pass_rate=50.6%
2026-03-12 17:07:21 | qs.exploit_gate | INFO  | Gate OPEN | type=TRENDING conf=0.51 | H=0.748(TRENDING) S=0.882 AC=-0.093(MEAN_REVERTING) VR=1.145(TRENDING) | pass_rate=51.2%
2026-03-12 17:07:21 | qs.signal    | INFO  | ACCEPT BTC/USDT LONG grade=C score=0.7 quality=0.710 | {"breakdown": {"technical": 0.799, "ml_confidence": 0.5, "order_flow": 0.976, "volatility": 0.7}}
2026-03-12 17:07:21 | qs.asym_risk | INFO  | LONG entry=70450.00 | SL=70295.08(0.22%) TP=70728.86 | RR=1.8 EV=175.3607 ✓ +EV
2026-03-12 17:07:21 | qs.risk      | INFO  | Kelly sizing: p=0.76 rr=1.8 kelly_f=0.6288 risk%=0.0500 quality=0.76 size=$1919
2026-03-12 17:07:21 | qs.system    | INFO  | Execution attempt symbol=BTC/USDT signal=LONG mode=paper size=1918.61
2026-03-12 17:07:21 | qs.risk      | WARNING | TRADE_REJECTED | {"symbol": "BTC/USDT", "side": "LONG", "size_usd": 1918.61, "reasons": ["asset_exposure 95.0% > 95%"]}
2026-03-12 17:07:21 | qs.order     | INFO  | RISK_REJECT BTC/USDT LONG size=$1918.61 price=70450.00 | {"reason": "asset_exposure 95.0% > 95%"}
2026-03-12 17:07:51 | qs.volatility | INFO  | Top 3 volatile: SOL/USDT(0.104%), ETH/USDT(0.080%), BTC/USDT(0.067%)
2026-03-12 17:07:53 | qs.exploit_gate | INFO  | Gate CLOSED | type=NONE conf=0.00 | H=0.718(TRENDING) S=0.764 AC=0.014(NONE) VR=1.021(NONE) | pass_rate=50.6%
2026-03-12 17:07:53 | qs.exploit_gate | INFO  | Gate OPEN | type=MEAN_REVERTING conf=0.55 | H=0.745(TRENDING) S=0.784 AC=-0.084(MEAN_REVERTING) VR=1.072(NONE) | pass_rate=51.2%
2026-03-12 17:07:53 | qs.exploit_gate | INFO  | Gate OPEN | type=TRENDING conf=0.52 | H=0.749(TRENDING) S=0.879 AC=-0.082(MEAN_REVERTING) VR=1.162(TRENDING) | pass_rate=51.7%
2026-03-12 17:07:54 | qs.signal    | INFO  | REJECT BTC/USDT LONG grade=D score=0.6 quality=0.604 | {"breakdown": {"technical": 0.924, "ml_confidence": 0.5, "order_flow": 0.289, "volatility": 0.7}}
2026-03-12 17:07:54 | qs.asym_risk | INFO  | LONG entry=70471.40 | SL=70294.94(0.25%) TP=70789.03 | RR=1.8 EV=147.2655 ✓ +EV
2026-03-12 17:07:54 | qs.risk      | INFO  | Kelly sizing: p=0.66 rr=1.8 kelly_f=0.4636 risk%=0.0500 quality=0.66 size=$1919
2026-03-12 17:07:54 | qs.system    | INFO  | Execution attempt symbol=BTC/USDT signal=LONG mode=paper size=1918.61
2026-03-12 17:07:54 | qs.risk      | WARNING | TRADE_REJECTED | {"symbol": "BTC/USDT", "side": "LONG", "size_usd": 1918.61, "reasons": ["asset_exposure 95.0% > 95%"]}
2026-03-12 17:07:54 | qs.order     | INFO  | RISK_REJECT BTC/USDT LONG size=$1918.61 price=70471.40 | {"reason": "asset_exposure 95.0% > 95%"}
2026-03-12 17:08:27 | qs.volatility | INFO  | Top 3 volatile: SOL/USDT(0.104%), ETH/USDT(0.080%), BTC/USDT(0.067%)
2026-03-12 17:08:28 | qs.exploit_gate | INFO  | Gate CLOSED | type=NONE conf=0.00 | H=0.737(TRENDING) S=0.758 AC=0.016(NONE) VR=1.046(NONE) | pass_rate=51.1%
2026-03-12 17:08:28 | qs.exploit_gate | INFO  | Gate OPEN | type=MEAN_REVERTING conf=0.55 | H=0.749(TRENDING) S=0.787 AC=-0.081(MEAN_REVERTING) VR=1.064(NONE) | pass_rate=51.7%
2026-03-12 17:08:28 | qs.exploit_gate | INFO  | Gate OPEN | type=TRENDING conf=0.51 | H=0.783(TRENDING) S=0.897 AC=-0.055(NONE) VR=1.205(TRENDING) | pass_rate=52.2%
2026-03-12 17:08:29 | qs.signal    | INFO  | ACCEPT BTC/USDT LONG grade=C score=0.7 quality=0.661 | {"breakdown": {"technical": 0.799, "ml_confidence": 0.5, "order_flow": 0.732, "volatility": 0.7}}
2026-03-12 17:08:29 | qs.asym_risk | INFO  | LONG entry=70447.50 | SL=70295.02(0.22%) TP=70721.96 | RR=1.8 EV=151.5022 ✓ +EV
2026-03-12 17:08:29 | qs.risk      | INFO  | Kelly sizing: p=0.71 rr=1.8 kelly_f=0.5520 risk%=0.0500 quality=0.71 size=$1919
2026-03-12 17:08:29 | qs.system    | INFO  | Execution attempt symbol=BTC/USDT signal=LONG mode=paper size=1918.61
2026-03-12 17:08:29 | qs.risk      | WARNING | TRADE_REJECTED | {"symbol": "BTC/USDT", "side": "LONG", "size_usd": 1918.61, "reasons": ["asset_exposure 95.0% > 95%"]}
2026-03-12 17:08:29 | qs.order     | INFO  | RISK_REJECT BTC/USDT LONG size=$1918.61 price=70447.50 | {"reason": "asset_exposure 95.0% > 95%"}
2026-03-12 17:15:14 | qs.system    | INFO  | Starting bot mode=paper symbols=['BTC/USDT', 'ETH/USDT', 'SOL/USDT']
2026-03-12 17:15:17 | qs.data      | INFO  | Exchange initialized for BTC/USDT
2026-03-12 17:15:17 | qs.data      | INFO  | Exchange initialized for ETH/USDT
2026-03-12 17:15:17 | qs.data      | INFO  | Exchange initialized for SOL/USDT
2026-03-12 17:15:17 | qs.graveyard | INFO  | Loaded 1 tombstones from graveyard
2026-03-12 17:15:17 | qs.data      | INFO  | Exchange initialized for BTC/USDT
2026-03-12 17:15:17 | qs.data      | INFO  | Exchange initialized for ETH/USDT
2026-03-12 17:15:17 | qs.data      | INFO  | Exchange initialized for SOL/USDT
2026-03-12 17:15:23 | qs.ml        | INFO  | Computing features for training...
2026-03-12 17:15:24 | qs.ml        | INFO  | Trained: val_accuracy=48.2% samples=404 top_features=['bb_width_z', 'hour_cos', 'atr_norm']
2026-03-12 17:15:44 | qs.volatility | INFO  | Top 3 volatile: SOL/USDT(0.109%), ETH/USDT(0.080%), BTC/USDT(0.062%)
2026-03-12 17:15:56 | qs.exploit_gate | INFO  | Gate OPEN | type=TRENDING conf=0.56 | H=0.824(TRENDING) S=0.770 AC=0.028(NONE) VR=1.126(TRENDING) | pass_rate=100.0%
2026-03-12 17:15:56 | qs.signal    | INFO  | ACCEPT SOL/USDT SHORT grade=C score=0.6 quality=0.557 | {"breakdown": {"technical": 0.674, "ml_confidence": 0.5, "order_flow": 0.366, "volatility": 0.7}}
2026-03-12 17:15:56 | qs.asym_risk | INFO  | SHORT entry=87.12 | SL=87.61(0.56%) TP=86.24 | RR=1.8 EV=0.3507 ✓ +EV
2026-03-12 17:15:56 | qs.risk      | INFO  | Kelly sizing: p=0.61 rr=1.8 kelly_f=0.3974 risk%=0.0500 quality=0.61 size=$1794
2026-03-12 17:15:56 | qs.system    | INFO  | Execution attempt symbol=SOL/USDT signal=SHORT mode=paper size=1794.23
2026-03-12 17:15:56 | qs.order     | INFO  | PAPER_FILL SOL/USDT SHORT size=$1794.23 price=87.10 | {"slippage_bps": 2.0, "grade": "C"}
2026-03-12 17:15:56 | qs.system    | INFO  | ENTRY SOL/USDT SHORT q=0.613 gate=TRENDING(0.56) RR=1.8 EV=0.3507 $1794
2026-03-12 17:16:26 | qs.volatility | INFO  | Top 3 volatile: SOL/USDT(0.109%), ETH/USDT(0.080%), BTC/USDT(0.062%)
2026-03-12 17:16:28 | qs.exploit_gate | INFO  | Gate OPEN | type=TRENDING conf=0.56 | H=0.836(TRENDING) S=0.770 AC=0.040(NONE) VR=1.150(TRENDING) | pass_rate=100.0%
2026-03-12 17:16:29 | qs.signal    | INFO  | ACCEPT SOL/USDT SHORT grade=C score=0.6 quality=0.560 | {"breakdown": {"technical": 0.549, "ml_confidence": 0.5, "order_flow": 0.54, "volatility": 0.7}}
2026-03-12 17:16:29 | qs.asym_risk | INFO  | SHORT entry=87.09 | SL=87.61(0.60%) TP=86.15 | RR=1.8 EV=0.3777 ✓ +EV
2026-03-12 17:16:29 | qs.risk      | INFO  | Kelly sizing: p=0.62 rr=1.8 kelly_f=0.4030 risk%=0.0500 quality=0.62 size=$1691
2026-03-12 17:16:29 | qs.system    | INFO  | Execution attempt symbol=SOL/USDT signal=SHORT mode=paper size=1691.07
2026-03-12 17:16:29 | qs.risk      | WARNING | TRADE_REJECTED | {"symbol": "SOL/USDT", "side": "SHORT", "size_usd": 1691.07, "reasons": ["already_exposed_to_SOL/USDT"]}
2026-03-12 17:16:29 | qs.order     | INFO  | RISK_REJECT SOL/USDT SHORT size=$1691.07 price=87.09 | {"reason": "already_exposed_to_SOL/USDT"}
2026-03-12 17:16:29 | qs.exploit_gate | INFO  | Gate OPEN | type=TRENDING conf=0.32 | H=0.749(TRENDING) S=0.792 AC=-0.130(MEAN_REVERTING) VR=0.934(NONE) | pass_rate=100.0%
2026-03-12 17:16:29 | qs.math_engine | INFO  | O-U SIGNAL: LONG | θ=0.2489 μ=2064.59 half_life=2.8 z=-2.02 vpin=0.386
2026-03-12 17:16:29 | qs.signal    | INFO  | REJECT ETH/USDT LONG grade=D score=0.5 quality=0.466 | {"breakdown": {"technical": 0.549, "ml_confidence": 0.5, "order_flow": 0.066, "volatility": 0.7}}
2026-03-12 17:16:29 | qs.exploit_gate | INFO  | Gate OPEN | type=TRENDING conf=0.29 | H=0.801(TRENDING) S=0.847 AC=-0.067(MEAN_REVERTING) VR=1.024(NONE) | pass_rate=100.0%
2026-03-12 17:16:29 | qs.signal    | INFO  | ACCEPT BTC/USDT SHORT grade=C score=0.7 quality=0.743 | {"breakdown": {"technical": 0.924, "ml_confidence": 0.5, "order_flow": 0.982, "volatility": 0.7}}
2026-03-12 17:16:29 | qs.asym_risk | INFO  | SHORT entry=70259.70 | SL=70400.22(0.20%) TP=70006.77 | RR=1.8 EV=163.2273 ✓ +EV
2026-03-12 17:16:29 | qs.risk      | INFO  | Kelly sizing: p=0.77 rr=1.8 kelly_f=0.6453 risk%=0.0500 quality=0.77 size=$1921
2026-03-12 17:16:29 | qs.system    | INFO  | Execution attempt symbol=BTC/USDT signal=SHORT mode=paper size=1921.07
2026-03-12 17:16:29 | qs.risk      | WARNING | TRADE_REJECTED | {"symbol": "BTC/USDT", "side": "SHORT", "size_usd": 1921.07, "reasons": ["asset_exposure 95.0% > 95%"]}
2026-03-12 17:16:29 | qs.order     | INFO  | RISK_REJECT BTC/USDT SHORT size=$1921.07 price=70259.70 | {"reason": "asset_exposure 95.0% > 95%"}
2026-03-12 17:16:59 | qs.volatility | INFO  | Top 3 volatile: SOL/USDT(0.109%), ETH/USDT(0.080%), BTC/USDT(0.062%)
2026-03-12 17:17:04 | qs.exploit_gate | INFO  | Gate OPEN | type=TRENDING conf=0.79 | H=0.820(TRENDING) S=0.770 AC=0.096(TRENDING) VR=1.224(TRENDING) | pass_rate=100.0%
2026-03-12 17:17:06 | qs.signal    | INFO  | ACCEPT SOL/USDT SHORT grade=C score=0.6 quality=0.637 | {"breakdown": {"technical": 0.815, "ml_confidence": 0.5, "order_flow": 0.54, "volatility": 0.75}}
2026-03-12 17:17:06 | qs.asym_risk | INFO  | SHORT entry=86.93 | SL=87.61(0.78%) TP=85.70 | RR=1.8 EV=0.6852 ✓ +EV
2026-03-12 17:17:06 | qs.risk      | INFO  | Kelly sizing: p=0.72 rr=1.8 kelly_f=0.5582 risk%=0.0500 quality=0.72 size=$1321
2026-03-12 17:17:06 | qs.system    | INFO  | Execution attempt symbol=SOL/USDT signal=SHORT mode=paper size=1321.17
2026-03-12 17:17:06 | qs.risk      | WARNING | TRADE_REJECTED | {"symbol": "SOL/USDT", "side": "SHORT", "size_usd": 1321.17, "reasons": ["already_exposed_to_SOL/USDT"]}
2026-03-12 17:17:06 | qs.order     | INFO  | RISK_REJECT SOL/USDT SHORT size=$1321.17 price=86.93 | {"reason": "already_exposed_to_SOL/USDT"}
2026-03-12 17:17:06 | qs.exploit_gate | INFO  | Gate OPEN | type=TRENDING conf=0.32 | H=0.752(TRENDING) S=0.789 AC=-0.085(MEAN_REVERTING) VR=1.001(NONE) | pass_rate=100.0%
2026-03-12 17:17:06 | qs.math_engine | INFO  | O-U SIGNAL: LONG | θ=0.1357 μ=2063.92 half_life=5.1 z=-1.92 vpin=0.514
2026-03-12 17:17:06 | qs.signal    | INFO  | ACCEPT ETH/USDT LONG grade=C score=0.6 quality=0.617 | {"breakdown": {"technical": 0.549, "ml_confidence": 0.5, "order_flow": 0.824, "volatility": 0.7}}
2026-03-12 17:17:06 | qs.asym_risk | INFO  | LONG entry=2057.99 | SL=2053.87(0.20%) TP=2065.40 | RR=1.8 EV=3.3613 ✓ +EV
2026-03-12 17:17:06 | qs.risk      | INFO  | Kelly sizing: p=0.65 rr=1.8 kelly_f=0.4537 risk%=0.0500 quality=0.65 size=$1969
2026-03-12 17:17:06 | qs.system    | INFO  | Execution attempt symbol=ETH/USDT signal=LONG mode=paper size=1969.27
2026-03-12 17:17:06 | qs.risk      | WARNING | TRADE_REJECTED | {"symbol": "ETH/USDT", "side": "LONG", "size_usd": 1969.27, "reasons": ["asset_exposure 95.0% > 95%"]}
2026-03-12 17:17:06 | qs.order     | INFO  | RISK_REJECT ETH/USDT LONG size=$1969.27 price=2057.99 | {"reason": "asset_exposure 95.0% > 95%"}
2026-03-12 17:17:06 | qs.exploit_gate | INFO  | Gate OPEN | type=TRENDING conf=0.29 | H=0.801(TRENDING) S=0.851 AC=0.004(NONE) VR=1.049(NONE) | pass_rate=100.0%
2026-03-12 17:17:06 | qs.math_engine | INFO  | O-U SIGNAL: LONG | θ=0.1085 μ=70363.97 half_life=6.4 z=-1.81 vpin=0.472
2026-03-12 17:17:07 | qs.signal    | INFO  | REJECT BTC/USDT LONG grade=D score=0.5 quality=0.483 | {"breakdown": {"technical": 0.549, "ml_confidence": 0.5, "order_flow": 0.155, "volatility": 0.7}}
2026-03-12 17:17:07 | qs.asym_risk | INFO  | LONG entry=70185.40 | SL=70045.03(0.20%) TP=70438.07 | RR=1.8 EV=61.0613 ✓ +EV
2026-03-12 17:17:07 | qs.risk      | INFO  | Kelly sizing: p=0.51 rr=1.8 kelly_f=0.2417 risk%=0.0500 quality=0.51 size=$1969
2026-03-12 17:17:07 | qs.system    | INFO  | Execution attempt symbol=BTC/USDT signal=LONG mode=paper size=1969.27
2026-03-12 17:17:07 | qs.risk      | WARNING | TRADE_REJECTED | {"symbol": "BTC/USDT", "side": "LONG", "size_usd": 1969.27, "reasons": ["asset_exposure 95.0% > 95%"]}
2026-03-12 17:17:07 | qs.order     | INFO  | RISK_REJECT BTC/USDT LONG size=$1969.27 price=70185.40 | {"reason": "asset_exposure 95.0% > 95%"}
2026-03-12 17:17:37 | qs.volatility | INFO  | Top 3 volatile: SOL/USDT(0.109%), ETH/USDT(0.080%), BTC/USDT(0.062%)
2026-03-12 17:17:39 | qs.exploit_gate | INFO  | Gate OPEN | type=TRENDING conf=0.79 | H=0.820(TRENDING) S=0.776 AC=0.117(TRENDING) VR=1.242(TRENDING) | pass_rate=100.0%
2026-03-12 17:17:40 | qs.signal    | INFO  | ACCEPT SOL/USDT SHORT grade=C score=0.6 quality=0.629 | {"breakdown": {"technical": 0.815, "ml_confidence": 0.5, "order_flow": 0.501, "volatility": 0.75}}
2026-03-12 17:17:40 | qs.asym_risk | INFO  | SHORT entry=86.87 | SL=87.61(0.86%) TP=85.53 | RR=1.8 EV=0.7304 ✓ +EV
2026-03-12 17:17:40 | qs.risk      | INFO  | Kelly sizing: p=0.71 rr=1.8 kelly_f=0.5458 risk%=0.0500 quality=0.71 size=$1204
2026-03-12 17:17:40 | qs.system    | INFO  | Execution attempt symbol=SOL/USDT signal=SHORT mode=paper size=1204.18
2026-03-12 17:17:40 | qs.risk      | WARNING | TRADE_REJECTED | {"symbol": "SOL/USDT", "side": "SHORT", "size_usd": 1204.18, "reasons": ["already_exposed_to_SOL/USDT"]}
2026-03-12 17:17:40 | qs.order     | INFO  | RISK_REJECT SOL/USDT SHORT size=$1204.18 price=86.87 | {"reason": "already_exposed_to_SOL/USDT"}
2026-03-12 17:17:40 | qs.exploit_gate | INFO  | Gate OPEN | type=TRENDING conf=0.32 | H=0.752(TRENDING) S=0.789 AC=-0.085(MEAN_REVERTING) VR=1.000(NONE) | pass_rate=100.0%
2026-03-12 17:17:40 | qs.math_engine | INFO  | O-U SIGNAL: LONG | θ=0.1379 μ=2063.95 half_life=5.0 z=-1.93 vpin=0.520
2026-03-12 17:17:40 | qs.signal    | INFO  | ACCEPT ETH/USDT LONG grade=C score=0.5 quality=0.514 | {"breakdown": {"technical": 0.549, "ml_confidence": 0.5, "order_flow": 0.31, "volatility": 0.7}}
2026-03-12 17:17:40 | qs.asym_risk | INFO  | LONG entry=2058.05 | SL=2053.93(0.20%) TP=2065.46 | RR=1.8 EV=2.1777 ✓ +EV
2026-03-12 17:17:40 | qs.risk      | INFO  | Kelly sizing: p=0.55 rr=1.8 kelly_f=0.2939 risk%=0.0500 quality=0.55 size=$1958
2026-03-12 17:17:40 | qs.system    | INFO  | Execution attempt symbol=ETH/USDT signal=LONG mode=paper size=1958.25
2026-03-12 17:17:40 | qs.order     | INFO  | PAPER_FILL ETH/USDT LONG size=$1958.25 price=2058.46 | {"slippage_bps": 2.0, "grade": "C"}
2026-03-12 17:17:40 | qs.system    | INFO  | ENTRY ETH/USDT LONG q=0.546 gate=TRENDING(0.32) RR=1.8 EV=2.1777 $1958
2026-03-12 17:18:10 | qs.volatility | INFO  | Top 3 volatile: SOL/USDT(0.109%), ETH/USDT(0.080%), BTC/USDT(0.062%)
2026-03-12 17:18:41 | qs.system    | INFO  | Starting bot mode=paper symbols=['BTC/USDT', 'ETH/USDT', 'SOL/USDT']
2026-03-12 17:18:41 | qs.data      | INFO  | Exchange initialized for BTC/USDT
2026-03-12 17:18:41 | qs.data      | INFO  | Exchange initialized for ETH/USDT
2026-03-12 17:18:41 | qs.data      | INFO  | Exchange initialized for SOL/USDT
2026-03-12 17:18:41 | qs.graveyard | INFO  | Loaded 1 tombstones from graveyard
2026-03-12 17:18:41 | qs.data      | INFO  | Exchange initialized for BTC/USDT
2026-03-12 17:18:41 | qs.data      | INFO  | Exchange initialized for ETH/USDT
2026-03-12 17:18:41 | qs.data      | INFO  | Exchange initialized for SOL/USDT
2026-03-12 17:18:48 | qs.ml        | INFO  | Computing features for training...
2026-03-12 17:18:49 | qs.ml        | INFO  | Trained: val_accuracy=51.2% samples=407 top_features=['bb_width_z', 'atr_norm', 'macd_hist_z']
2026-03-12 17:19:10 | qs.volatility | INFO  | Top 3 volatile: SOL/USDT(0.136%), BTC/USDT(0.086%), ETH/USDT(0.095%)
2026-03-12 17:19:23 | qs.exploit_gate | INFO  | Gate OPEN | type=TRENDING conf=0.79 | H=0.813(TRENDING) S=0.778 AC=0.116(TRENDING) VR=1.326(TRENDING) | pass_rate=100.0%
2026-03-12 17:19:23 | qs.signal    | INFO  | ACCEPT SOL/USDT SHORT grade=C score=0.6 quality=0.583 | {"breakdown": {"technical": 0.8, "ml_confidence": 0.5, "order_flow": 0.492, "volatility": 0.55}}
2026-03-12 17:19:23 | qs.asym_risk | INFO  | SHORT entry=86.92 | SL=87.61(0.80%) TP=85.67 | RR=1.8 EV=0.5929 ✓ +EV
2026-03-12 17:19:23 | qs.risk      | INFO  | Kelly sizing: p=0.66 rr=1.8 kelly_f=0.4745 risk%=0.0500 quality=0.66 size=$1264
2026-03-12 17:19:23 | qs.system    | INFO  | Execution attempt symbol=SOL/USDT signal=SHORT mode=paper size=1264.45
2026-03-12 17:19:23 | qs.order     | INFO  | PAPER_FILL SOL/USDT SHORT size=$1264.45 price=86.90 | {"slippage_bps": 2.0, "grade": "C"}
2026-03-12 17:19:23 | qs.system    | INFO  | ENTRY SOL/USDT SHORT q=0.662 gate=TRENDING(0.79) RR=1.8 EV=0.5929 $1264
2026-03-12 17:19:53 | qs.volatility | INFO  | Top 3 volatile: SOL/USDT(0.136%), BTC/USDT(0.086%), ETH/USDT(0.095%)
2026-03-12 17:19:54 | qs.exploit_gate | INFO  | Gate OPEN | type=TRENDING conf=0.78 | H=0.813(TRENDING) S=0.792 AC=0.127(TRENDING) VR=1.219(TRENDING) | pass_rate=100.0%
2026-03-12 17:19:55 | qs.signal    | INFO  | ACCEPT SOL/USDT SHORT grade=C score=0.6 quality=0.569 | {"breakdown": {"technical": 0.565, "ml_confidence": 0.5, "order_flow": 0.515, "volatility": 0.75}}
2026-03-12 17:19:55 | qs.asym_risk | INFO  | SHORT entry=87.08 | SL=87.62(0.62%) TP=86.11 | RR=1.8 EV=0.4374 ✓ +EV
2026-03-12 17:19:55 | qs.risk      | INFO  | Kelly sizing: p=0.65 rr=1.8 kelly_f=0.4517 risk%=0.0500 quality=0.65 size=$1614
2026-03-12 17:19:55 | qs.system    | INFO  | Execution attempt symbol=SOL/USDT signal=SHORT mode=paper size=1613.61
2026-03-12 17:19:55 | qs.risk      | WARNING | TRADE_REJECTED | {"symbol": "SOL/USDT", "side": "SHORT", "size_usd": 1613.61, "reasons": ["already_exposed_to_SOL/USDT"]}
2026-03-12 17:19:55 | qs.order     | INFO  | RISK_REJECT SOL/USDT SHORT size=$1613.61 price=87.08 | {"reason": "already_exposed_to_SOL/USDT"}
2026-03-12 17:19:55 | qs.exploit_gate | INFO  | Gate OPEN | type=TRENDING conf=0.53 | H=0.790(TRENDING) S=0.852 AC=-0.013(NONE) VR=1.161(TRENDING) | pass_rate=100.0%
2026-03-12 17:19:55 | qs.signal    | INFO  | ACCEPT BTC/USDT SHORT grade=C score=0.7 quality=0.707 | {"breakdown": {"technical": 0.799, "ml_confidence": 0.5, "order_flow": 0.962, "volatility": 0.7}}
2026-03-12 17:19:55 | qs.asym_risk | INFO  | SHORT entry=70219.90 | SL=70426.30(0.29%) TP=69848.38 | RR=1.8 EV=232.6479 ✓ +EV
2026-03-12 17:19:55 | qs.risk      | INFO  | Kelly sizing: p=0.76 rr=1.8 kelly_f=0.6262 risk%=0.0500 quality=0.76 size=$1894
2026-03-12 17:19:55 | qs.system    | INFO  | Execution attempt symbol=BTC/USDT signal=SHORT mode=paper size=1894.09
2026-03-12 17:19:55 | qs.risk      | WARNING | TRADE_REJECTED | {"symbol": "BTC/USDT", "side": "SHORT", "size_usd": 1894.09, "reasons": ["asset_exposure 95.0% > 95%"]}
2026-03-12 17:19:55 | qs.order     | INFO  | RISK_REJECT BTC/USDT SHORT size=$1894.09 price=70219.90 | {"reason": "asset_exposure 95.0% > 95%"}
2026-03-12 17:19:55 | qs.exploit_gate | INFO  | Gate OPEN | type=TRENDING conf=0.32 | H=0.761(TRENDING) S=0.795 AC=-0.074(MEAN_REVERTING) VR=1.025(NONE) | pass_rate=100.0%
2026-03-12 17:19:56 | qs.signal    | INFO  | ACCEPT ETH/USDT SHORT grade=C score=0.5 quality=0.524 | {"breakdown": {"technical": 0.799, "ml_confidence": 0.5, "order_flow": 0.047, "volatility": 0.7}}
2026-03-12 17:19:56 | qs.asym_risk | INFO  | SHORT entry=2059.98 | SL=2068.20(0.40%) TP=2045.19 | RR=1.8 EV=4.5683 ✓ +EV
2026-03-12 17:19:56 | qs.risk      | INFO  | Kelly sizing: p=0.56 rr=1.8 kelly_f=0.3089 risk%=0.0500 quality=0.56 size=$1894
2026-03-12 17:19:56 | qs.system    | INFO  | Execution attempt symbol=ETH/USDT signal=SHORT mode=paper size=1894.09
2026-03-12 17:19:56 | qs.risk      | WARNING | TRADE_REJECTED | {"symbol": "ETH/USDT", "side": "SHORT", "size_usd": 1894.09, "reasons": ["asset_exposure 95.0% > 95%"]}
2026-03-12 17:19:56 | qs.order     | INFO  | RISK_REJECT ETH/USDT SHORT size=$1894.09 price=2059.98 | {"reason": "asset_exposure 95.0% > 95%"}
2026-03-12 17:20:26 | qs.volatility | INFO  | Top 3 volatile: SOL/USDT(0.136%), BTC/USDT(0.086%), ETH/USDT(0.095%)
2026-03-12 17:20:27 | qs.exploit_gate | INFO  | Gate OPEN | type=TRENDING conf=0.79 | H=0.802(TRENDING) S=0.785 AC=0.132(TRENDING) VR=1.288(TRENDING) | pass_rate=100.0%
2026-03-12 17:20:28 | qs.signal    | INFO  | ACCEPT SOL/USDT SHORT grade=C score=0.6 quality=0.553 | {"breakdown": {"technical": 0.565, "ml_confidence": 0.5, "order_flow": 0.432, "volatility": 0.75}}
2026-03-12 17:20:28 | qs.asym_risk | INFO  | SHORT entry=87.03 | SL=87.62(0.67%) TP=85.97 | RR=1.8 EV=0.4505 ✓ +EV
2026-03-12 17:20:28 | qs.risk      | INFO  | Kelly sizing: p=0.63 rr=1.8 kelly_f=0.4263 risk%=0.0500 quality=0.63 size=$1483
2026-03-12 17:20:28 | qs.system    | INFO  | Execution attempt symbol=SOL/USDT signal=SHORT mode=paper size=1483.14
2026-03-12 17:20:28 | qs.risk      | WARNING | TRADE_REJECTED | {"symbol": "SOL/USDT", "side": "SHORT", "size_usd": 1483.14, "reasons": ["already_exposed_to_SOL/USDT"]}
2026-03-12 17:20:28 | qs.order     | INFO  | RISK_REJECT SOL/USDT SHORT size=$1483.14 price=87.03 | {"reason": "already_exposed_to_SOL/USDT"}
2026-03-12 17:20:28 | qs.exploit_gate | INFO  | Gate OPEN | type=TRENDING conf=0.53 | H=0.775(TRENDING) S=0.842 AC=0.003(NONE) VR=1.226(TRENDING) | pass_rate=100.0%
2026-03-12 17:20:29 | qs.signal    | INFO  | ACCEPT BTC/USDT SHORT grade=C score=0.7 quality=0.676 | {"breakdown": {"technical": 0.799, "ml_confidence": 0.5, "order_flow": 0.805, "volatility": 0.7}}
2026-03-12 17:20:29 | qs.asym_risk | INFO  | SHORT entry=70193.10 | SL=70425.97(0.33%) TP=69773.94 | RR=1.8 EV=242.3292 ✓ +EV
2026-03-12 17:20:29 | qs.risk      | INFO  | Kelly sizing: p=0.73 rr=1.8 kelly_f=0.5781 risk%=0.0500 quality=0.73 size=$1901
2026-03-12 17:20:29 | qs.system    | INFO  | Execution attempt symbol=BTC/USDT signal=SHORT mode=paper size=1901.00
2026-03-12 17:20:29 | qs.risk      | WARNING | TRADE_REJECTED | {"symbol": "BTC/USDT", "side": "SHORT", "size_usd": 1901.0, "reasons": ["asset_exposure 95.0% > 95%"]}
2026-03-12 17:20:29 | qs.order     | INFO  | RISK_REJECT BTC/USDT SHORT size=$1901.00 price=70193.10 | {"reason": "asset_exposure 95.0% > 95%"}
2026-03-12 17:20:29 | qs.exploit_gate | INFO  | Gate OPEN | type=TRENDING conf=0.32 | H=0.765(TRENDING) S=0.795 AC=-0.076(MEAN_REVERTING) VR=1.043(NONE) | pass_rate=100.0%
2026-03-12 17:20:29 | qs.signal    | INFO  | ACCEPT ETH/USDT SHORT grade=C score=0.6 quality=0.604 | {"breakdown": {"technical": 0.799, "ml_confidence": 0.5, "order_flow": 0.444, "volatility": 0.7}}
2026-03-12 17:20:29 | qs.asym_risk | INFO  | SHORT entry=2059.45 | SL=2068.19(0.42%) TP=2043.72 | RR=1.8 EV=6.7989 ✓ +EV
2026-03-12 17:20:29 | qs.risk      | INFO  | Kelly sizing: p=0.64 rr=1.8 kelly_f=0.4322 risk%=0.0500 quality=0.64 size=$1901
2026-03-12 17:20:29 | qs.system    | INFO  | Execution attempt symbol=ETH/USDT signal=SHORT mode=paper size=1901.00
2026-03-12 17:20:29 | qs.risk      | WARNING | TRADE_REJECTED | {"symbol": "ETH/USDT", "side": "SHORT", "size_usd": 1901.0, "reasons": ["asset_exposure 95.0% > 95%"]}
2026-03-12 17:20:29 | qs.order     | INFO  | RISK_REJECT ETH/USDT SHORT size=$1901.00 price=2059.45 | {"reason": "asset_exposure 95.0% > 95%"}
2026-03-12 17:20:59 | qs.volatility | INFO  | Top 3 volatile: SOL/USDT(0.136%), BTC/USDT(0.086%), ETH/USDT(0.095%)
2026-03-12 17:21:01 | qs.exploit_gate | INFO  | Gate OPEN | type=TRENDING conf=0.78 | H=0.802(TRENDING) S=0.792 AC=0.107(TRENDING) VR=1.277(TRENDING) | pass_rate=100.0%
2026-03-12 17:21:01 | qs.signal    | INFO  | ACCEPT SOL/USDT SHORT grade=C score=0.6 quality=0.616 | {"breakdown": {"technical": 0.815, "ml_confidence": 0.5, "order_flow": 0.438, "volatility": 0.75}}
2026-03-12 17:21:01 | qs.asym_risk | INFO  | SHORT entry=86.93 | SL=87.62(0.79%) TP=85.69 | RR=1.8 EV=0.6501 ✓ +EV
2026-03-12 17:21:01 | qs.risk      | INFO  | Kelly sizing: p=0.69 rr=1.8 kelly_f=0.5251 risk%=0.0500 quality=0.69 size=$1274
2026-03-12 17:21:01 | qs.system    | INFO  | Execution attempt symbol=SOL/USDT signal=SHORT mode=paper size=1273.60
2026-03-12 17:21:01 | qs.risk      | WARNING | TRADE_REJECTED | {"symbol": "SOL/USDT", "side": "SHORT", "size_usd": 1273.6, "reasons": ["already_exposed_to_SOL/USDT"]}
2026-03-12 17:21:01 | qs.order     | INFO  | RISK_REJECT SOL/USDT SHORT size=$1273.60 price=86.93 | {"reason": "already_exposed_to_SOL/USDT"}
2026-03-12 17:21:01 | qs.exploit_gate | INFO  | Gate OPEN | type=TRENDING conf=0.53 | H=0.775(TRENDING) S=0.850 AC=-0.001(NONE) VR=1.205(TRENDING) | pass_rate=100.0%
2026-03-12 17:21:02 | qs.signal    | INFO  | ACCEPT BTC/USDT SHORT grade=C score=0.6 quality=0.556 | {"breakdown": {"technical": 0.815, "ml_confidence": 0.5, "order_flow": 0.136, "volatility": 0.75}}
2026-03-12 17:21:02 | qs.asym_risk | INFO  | SHORT entry=70121.30 | SL=70426.73(0.44%) TP=69571.53 | RR=1.8 EV=215.1315 ✓ +EV
2026-03-12 17:21:02 | qs.risk      | INFO  | Kelly sizing: p=0.61 rr=1.8 kelly_f=0.3913 risk%=0.0500 quality=0.61 size=$1915
2026-03-12 17:21:02 | qs.system    | INFO  | Execution attempt symbol=BTC/USDT signal=SHORT mode=paper size=1914.82
2026-03-12 17:21:02 | qs.order     | INFO  | PAPER_FILL BTC/USDT SHORT size=$1914.82 price=70107.28 | {"slippage_bps": 2.0, "grade": "C"}
2026-03-12 17:21:02 | qs.system    | INFO  | ENTRY BTC/USDT SHORT q=0.609 gate=TRENDING(0.53) RR=1.8 EV=215.1315 $1915
2026-03-12 17:21:32 | qs.volatility | INFO  | Top 3 volatile: SOL/USDT(0.136%), BTC/USDT(0.086%), ETH/USDT(0.095%)
2026-03-12 17:22:07 | qs.volatility | INFO  | Top 3 volatile: SOL/USDT(0.154%), BTC/USDT(0.095%), ETH/USDT(0.112%)
2026-03-12 17:22:39 | qs.volatility | INFO  | Top 3 volatile: SOL/USDT(0.154%), BTC/USDT(0.095%), ETH/USDT(0.112%)
2026-03-12 17:23:10 | qs.volatility | INFO  | Top 3 volatile: SOL/USDT(0.154%), BTC/USDT(0.095%), ETH/USDT(0.112%)
2026-03-12 17:23:41 | qs.volatility | INFO  | Top 3 volatile: SOL/USDT(0.154%), BTC/USDT(0.095%), ETH/USDT(0.112%)
2026-03-12 17:24:18 | qs.volatility | INFO  | Top 3 volatile: SOL/USDT(0.154%), BTC/USDT(0.095%), ETH/USDT(0.112%)
2026-03-12 17:24:21 | qs.exploit_gate | INFO  | Gate OPEN | type=TRENDING conf=0.78 | H=0.786(TRENDING) S=0.806 AC=0.138(TRENDING) VR=1.225(TRENDING) | pass_rate=100.0%
2026-03-12 17:24:21 | qs.signal    | INFO  | ACCEPT SOL/USDT SHORT grade=C score=0.6 quality=0.619 | {"breakdown": {"technical": 0.815, "ml_confidence": 0.5, "order_flow": 0.449, "volatility": 0.75}}
2026-03-12 17:24:21 | qs.asym_risk | INFO  | SHORT entry=86.79 | SL=87.27(0.55%) TP=85.93 | RR=1.8 EV=0.4530 ✓ +EV
2026-03-12 17:24:21 | qs.risk      | INFO  | Kelly sizing: p=0.70 rr=1.8 kelly_f=0.5276 risk%=0.0500 quality=0.70 size=$1874
2026-03-12 17:24:21 | qs.system    | INFO  | Execution attempt symbol=SOL/USDT signal=SHORT mode=paper size=1874.38
2026-03-12 17:24:21 | qs.risk      | WARNING | TRADE_REJECTED | {"symbol": "SOL/USDT", "side": "SHORT", "size_usd": 1874.38, "reasons": ["already_exposed_to_SOL/USDT"]}
2026-03-12 17:24:21 | qs.order     | INFO  | RISK_REJECT SOL/USDT SHORT size=$1874.38 price=86.79 | {"reason": "already_exposed_to_SOL/USDT"}
2026-03-12 17:24:21 | qs.exploit_gate | INFO  | Gate OPEN | type=TRENDING conf=0.75 | H=0.759(TRENDING) S=0.868 AC=0.071(TRENDING) VR=1.217(TRENDING) | pass_rate=100.0%
2026-03-12 17:24:21 | qs.graveyard | WARNING | BLOCKED by tombstone | similarity=0.78 | pattern_losses=1 | total_lost=$-1.56
2026-03-12 17:24:21 | qs.scalper   | INFO  | GRAVEYARD blocked BTC/USDT SHORT (sim=0.78)
2026-03-12 17:24:21 | qs.exploit_gate | INFO  | Gate OPEN | type=TRENDING conf=0.30 | H=0.747(TRENDING) S=0.822 AC=-0.020(NONE) VR=0.983(NONE) | pass_rate=100.0%
2026-03-12 17:24:21 | qs.graveyard | WARNING | BLOCKED by tombstone | similarity=0.81 | pattern_losses=1 | total_lost=$-1.56
2026-03-12 17:24:21 | qs.scalper   | INFO  | GRAVEYARD blocked ETH/USDT SHORT (sim=0.81)
2026-03-12 17:24:52 | qs.volatility | INFO  | Top 3 volatile: SOL/USDT(0.158%), ETH/USDT(0.119%), BTC/USDT(0.103%)
2026-03-12 17:24:53 | qs.exploit_gate | INFO  | Gate OPEN | type=TRENDING conf=0.78 | H=0.785(TRENDING) S=0.808 AC=0.141(TRENDING) VR=1.214(TRENDING) | pass_rate=100.0%
2026-03-12 17:24:54 | qs.signal    | INFO  | ACCEPT SOL/USDT SHORT grade=C score=0.6 quality=0.629 | {"breakdown": {"technical": 0.815, "ml_confidence": 0.5, "order_flow": 0.502, "volatility": 0.75}}
2026-03-12 17:24:54 | qs.asym_risk | INFO  | SHORT entry=86.83 | SL=87.27(0.50%) TP=86.04 | RR=1.8 EV=0.4282 ✓ +EV
2026-03-12 17:24:54 | qs.risk      | INFO  | Kelly sizing: p=0.71 rr=1.8 kelly_f=0.5439 risk%=0.0500 quality=0.71 size=$1952
2026-03-12 17:24:54 | qs.system    | INFO  | Execution attempt symbol=SOL/USDT signal=SHORT mode=paper size=1952.13
2026-03-12 17:24:54 | qs.risk      | WARNING | TRADE_REJECTED | {"symbol": "SOL/USDT", "side": "SHORT", "size_usd": 1952.13, "reasons": ["already_exposed_to_SOL/USDT"]}
2026-03-12 17:24:54 | qs.order     | INFO  | RISK_REJECT SOL/USDT SHORT size=$1952.13 price=86.83 | {"reason": "already_exposed_to_SOL/USDT"}
2026-03-12 17:24:54 | qs.exploit_gate | INFO  | Gate OPEN | type=TRENDING conf=0.30 | H=0.747(TRENDING) S=0.822 AC=-0.018(NONE) VR=0.979(NONE) | pass_rate=100.0%
2026-03-12 17:24:54 | qs.graveyard | WARNING | BLOCKED by tombstone | similarity=0.77 | pattern_losses=1 | total_lost=$-1.56
2026-03-12 17:24:54 | qs.scalper   | INFO  | GRAVEYARD blocked ETH/USDT SHORT (sim=0.77)
2026-03-12 17:24:54 | qs.exploit_gate | INFO  | Gate OPEN | type=TRENDING conf=0.75 | H=0.760(TRENDING) S=0.871 AC=0.077(TRENDING) VR=1.190(TRENDING) | pass_rate=100.0%
2026-03-12 17:24:54 | qs.signal    | INFO  | ACCEPT BTC/USDT SHORT grade=C score=0.6 quality=0.567 | {"breakdown": {"technical": 0.837, "ml_confidence": 0.5, "order_flow": 0.362, "volatility": 0.55}}
2026-03-12 17:24:54 | qs.asym_risk | INFO  | SHORT entry=70060.00 | SL=70256.03(0.28%) TP=69707.14 | RR=1.8 EV=156.3541 ✓ +EV
2026-03-12 17:24:54 | qs.risk      | INFO  | Kelly sizing: p=0.64 rr=1.8 kelly_f=0.4431 risk%=0.0500 quality=0.64 size=$1952
2026-03-12 17:24:54 | qs.system    | INFO  | Execution attempt symbol=BTC/USDT signal=SHORT mode=paper size=1952.13
2026-03-12 17:24:54 | qs.order     | INFO  | PAPER_FILL BTC/USDT SHORT size=$1952.13 price=70045.99 | {"slippage_bps": 2.0, "grade": "C"}
2026-03-12 17:24:54 | qs.system    | INFO  | ENTRY BTC/USDT SHORT q=0.642 gate=TRENDING(0.75) RR=1.8 EV=156.3541 $1952
2026-03-12 17:25:24 | qs.volatility | INFO  | Top 3 volatile: SOL/USDT(0.158%), ETH/USDT(0.119%), BTC/USDT(0.103%)
2026-03-12 17:25:26 | qs.exploit_gate | INFO  | Gate OPEN | type=TRENDING conf=0.78 | H=0.772(TRENDING) S=0.809 AC=0.145(TRENDING) VR=1.215(TRENDING) | pass_rate=100.0%
2026-03-12 17:25:27 | qs.signal    | INFO  | ACCEPT SOL/USDT SHORT grade=C score=0.6 quality=0.626 | {"breakdown": {"technical": 0.815, "ml_confidence": 0.5, "order_flow": 0.486, "volatility": 0.75}}
2026-03-12 17:25:27 | qs.asym_risk | INFO  | SHORT entry=86.86 | SL=87.27(0.47%) TP=86.13 | RR=1.8 EV=0.3944 ✓ +EV
2026-03-12 17:25:27 | qs.risk      | INFO  | Kelly sizing: p=0.70 rr=1.8 kelly_f=0.5389 risk%=0.0500 quality=0.70 size=$1943
2026-03-12 17:25:27 | qs.system    | INFO  | Execution attempt symbol=SOL/USDT signal=SHORT mode=paper size=1942.71
2026-03-12 17:25:27 | qs.order     | INFO  | PAPER_FILL SOL/USDT SHORT size=$1942.71 price=86.84 | {"slippage_bps": 2.0, "grade": "C"}
2026-03-12 17:25:27 | qs.system    | INFO  | ENTRY SOL/USDT SHORT q=0.704 gate=TRENDING(0.78) RR=1.8 EV=0.3944 $1943
2026-03-12 17:25:57 | qs.volatility | INFO  | Top 3 volatile: SOL/USDT(0.158%), ETH/USDT(0.119%), BTC/USDT(0.103%)
2026-03-12 17:26:28 | qs.volatility | INFO  | Top 3 volatile: SOL/USDT(0.158%), ETH/USDT(0.119%), BTC/USDT(0.103%)
2026-03-12 17:27:00 | qs.volatility | INFO  | Top 3 volatile: SOL/USDT(0.158%), ETH/USDT(0.119%), BTC/USDT(0.103%)
2026-03-12 17:27:33 | qs.volatility | INFO  | Top 3 volatile: SOL/USDT(0.147%), ETH/USDT(0.114%), BTC/USDT(0.097%)
2026-03-12 17:28:05 | qs.volatility | INFO  | Top 3 volatile: SOL/USDT(0.147%), ETH/USDT(0.114%), BTC/USDT(0.097%)
2026-03-12 17:28:36 | qs.volatility | INFO  | Top 3 volatile: SOL/USDT(0.147%), ETH/USDT(0.114%), BTC/USDT(0.097%)
2026-03-12 17:29:07 | qs.volatility | INFO  | Top 3 volatile: SOL/USDT(0.147%), ETH/USDT(0.114%), BTC/USDT(0.097%)
2026-03-12 17:30:48 | qs.system    | INFO  | Starting bot mode=paper symbols=['BTC/USDT', 'ETH/USDT', 'SOL/USDT', 'BNB/USDT', 'DOGE/USDT', 'XRP/USDT']
2026-03-12 17:30:50 | qs.data      | INFO  | Exchange initialized for BTC/USDT
2026-03-12 17:30:50 | qs.data      | INFO  | Exchange initialized for ETH/USDT
2026-03-12 17:30:50 | qs.data      | INFO  | Exchange initialized for SOL/USDT
2026-03-12 17:30:50 | qs.data      | INFO  | Exchange initialized for BNB/USDT
2026-03-12 17:30:50 | qs.data      | INFO  | Exchange initialized for DOGE/USDT
2026-03-12 17:30:50 | qs.data      | INFO  | Exchange initialized for XRP/USDT
2026-03-12 17:30:50 | qs.graveyard | INFO  | Loaded 1 tombstones from graveyard
2026-03-12 17:30:50 | qs.data      | INFO  | Exchange initialized for BTC/USDT
2026-03-12 17:30:50 | qs.data      | INFO  | Exchange initialized for ETH/USDT
2026-03-12 17:30:50 | qs.data      | INFO  | Exchange initialized for SOL/USDT
2026-03-12 17:30:50 | qs.data      | INFO  | Exchange initialized for BNB/USDT
2026-03-12 17:30:50 | qs.data      | INFO  | Exchange initialized for DOGE/USDT
2026-03-12 17:30:50 | qs.data      | INFO  | Exchange initialized for XRP/USDT
2026-03-12 17:30:55 | qs.ml        | INFO  | Computing features for training...
2026-03-12 17:30:55 | qs.ml        | INFO  | Trained: val_accuracy=51.0% samples=409 top_features=['bb_width_z', 'hour_cos', 'macd_z']
2026-03-12 17:31:33 | qs.volatility | INFO  | Top 3 volatile: ETH/USDT(0.109%), SOL/USDT(0.140%), BTC/USDT(0.091%)
2026-03-12 17:31:58 | qs.exploit_gate | INFO  | Gate OPEN | type=TRENDING conf=0.30 | H=0.705(TRENDING) S=0.832 AC=-0.010(NONE) VR=0.922(NONE) | pass_rate=100.0%
2026-03-12 17:31:58 | qs.graveyard | WARNING | BLOCKED by tombstone | similarity=0.81 | pattern_losses=1 | total_lost=$-1.56
2026-03-12 17:31:58 | qs.scalper   | INFO  | GRAVEYARD blocked ETH/USDT SHORT (sim=0.81)
2026-03-12 17:31:58 | qs.exploit_gate | INFO  | Gate OPEN | type=TRENDING conf=0.78 | H=0.826(TRENDING) S=0.795 AC=0.190(TRENDING) VR=1.231(TRENDING) | pass_rate=100.0%
2026-03-12 17:31:58 | qs.exploit_gate | INFO  | Gate OPEN | type=TRENDING conf=0.76 | H=0.750(TRENDING) S=0.856 AC=0.082(TRENDING) VR=1.184(TRENDING) | pass_rate=100.0%
2026-03-12 17:31:58 | qs.graveyard | WARNING | BLOCKED by tombstone | similarity=0.80 | pattern_losses=1 | total_lost=$-1.56
2026-03-12 17:31:58 | qs.scalper   | INFO  | GRAVEYARD blocked BTC/USDT SHORT (sim=0.80)
2026-03-12 17:32:28 | qs.volatility | INFO  | Top 3 volatile: ETH/USDT(0.109%), SOL/USDT(0.140%), BTC/USDT(0.091%)
2026-03-12 17:32:33 | qs.exploit_gate | INFO  | Gate OPEN | type=TRENDING conf=0.30 | H=0.717(TRENDING) S=0.841 AC=0.010(NONE) VR=0.912(NONE) | pass_rate=100.0%
2026-03-12 17:32:33 | qs.signal    | INFO  | ACCEPT ETH/USDT SHORT grade=C score=0.6 quality=0.558 | {"breakdown": {"technical": 0.825, "ml_confidence": 0.5, "order_flow": 0.335, "volatility": 0.55}}
2026-03-12 17:32:33 | qs.asym_risk | INFO  | SHORT entry=2050.88 | SL=2056.72(0.28%) TP=2040.37 | RR=1.8 EV=3.7725 ✓ +EV
2026-03-12 17:32:33 | qs.risk      | INFO  | Kelly sizing: p=0.59 rr=1.8 kelly_f=0.3588 risk%=0.0500 quality=0.59 size=$1948
2026-03-12 17:32:33 | qs.system    | INFO  | Execution attempt symbol=ETH/USDT signal=SHORT mode=paper size=1947.99
2026-03-12 17:32:33 | qs.risk      | WARNING | TRADE_REJECTED | {"symbol": "ETH/USDT", "side": "SHORT", "size_usd": 1947.99, "reasons": ["asset_exposure 95.0% > 95%"]}
2026-03-12 17:32:33 | qs.order     | INFO  | RISK_REJECT ETH/USDT SHORT size=$1947.99 price=2050.88 | {"reason": "asset_exposure 95.0% > 95%"}
2026-03-12 17:32:33 | qs.exploit_gate | INFO  | Gate OPEN | type=TRENDING conf=0.78 | H=0.830(TRENDING) S=0.801 AC=0.190(TRENDING) VR=1.226(TRENDING) | pass_rate=100.0%
2026-03-12 17:32:34 | qs.signal    | INFO  | ACCEPT SOL/USDT SHORT grade=C score=0.6 quality=0.604 | {"breakdown": {"technical": 0.799, "ml_confidence": 0.5, "order_flow": 0.447, "volatility": 0.7}}
2026-03-12 17:32:34 | qs.asym_risk | INFO  | SHORT entry=86.81 | SL=87.05(0.28%) TP=86.37 | RR=1.8 EV=0.2222 ✓ +EV
2026-03-12 17:32:34 | qs.risk      | INFO  | Kelly sizing: p=0.68 rr=1.8 kelly_f=0.5056 risk%=0.0500 quality=0.68 size=$1948
2026-03-12 17:32:34 | qs.system    | INFO  | Execution attempt symbol=SOL/USDT signal=SHORT mode=paper size=1947.99
2026-03-12 17:32:34 | qs.risk      | WARNING | TRADE_REJECTED | {"symbol": "SOL/USDT", "side": "SHORT", "size_usd": 1947.99, "reasons": ["asset_exposure 95.0% > 95%"]}
2026-03-12 17:32:34 | qs.order     | INFO  | RISK_REJECT SOL/USDT SHORT size=$1947.99 price=86.81 | {"reason": "asset_exposure 95.0% > 95%"}
2026-03-12 17:32:34 | qs.exploit_gate | INFO  | Gate OPEN | type=TRENDING conf=0.75 | H=0.751(TRENDING) S=0.864 AC=0.118(TRENDING) VR=1.200(TRENDING) | pass_rate=100.0%
2026-03-12 17:33:04 | qs.volatility | INFO  | Top 3 volatile: ETH/USDT(0.109%), SOL/USDT(0.140%), BTC/USDT(0.091%)
2026-03-12 17:33:08 | qs.exploit_gate | INFO  | Gate OPEN | type=TRENDING conf=0.30 | H=0.717(TRENDING) S=0.834 AC=0.007(NONE) VR=0.922(NONE) | pass_rate=100.0%
2026-03-12 17:33:09 | qs.signal    | INFO  | ACCEPT ETH/USDT SHORT grade=C score=0.7 quality=0.721 | {"breakdown": {"technical": 0.95, "ml_confidence": 0.5, "order_flow": 0.991, "volatility": 0.55}}
2026-03-12 17:33:09 | qs.asym_risk | INFO  | SHORT entry=2052.51 | SL=2056.74(0.21%) TP=2044.90 | RR=1.8 EV=4.6583 ✓ +EV
2026-03-12 17:33:09 | qs.risk      | INFO  | Kelly sizing: p=0.75 rr=1.8 kelly_f=0.6124 risk%=0.0500 quality=0.75 size=$1948
2026-03-12 17:33:09 | qs.system    | INFO  | Execution attempt symbol=ETH/USDT signal=SHORT mode=paper size=1947.99
2026-03-12 17:33:09 | qs.risk      | WARNING | TRADE_REJECTED | {"symbol": "ETH/USDT", "side": "SHORT", "size_usd": 1947.99, "reasons": ["asset_exposure 95.0% > 95%"]}
2026-03-12 17:33:09 | qs.order     | INFO  | RISK_REJECT ETH/USDT SHORT size=$1947.99 price=2052.51 | {"reason": "asset_exposure 95.0% > 95%"}
2026-03-12 17:33:09 | qs.exploit_gate | INFO  | Gate OPEN | type=TRENDING conf=0.78 | H=0.829(TRENDING) S=0.793 AC=0.194(TRENDING) VR=1.228(TRENDING) | pass_rate=100.0%
2026-03-12 17:33:10 | qs.signal    | INFO  | ACCEPT SOL/USDT SHORT grade=C score=0.5 quality=0.542 | {"breakdown": {"technical": 0.549, "ml_confidence": 0.5, "order_flow": 0.447, "volatility": 0.7}}
2026-03-12 17:33:10 | qs.asym_risk | INFO  | SHORT entry=86.89 | SL=87.06(0.20%) TP=86.58 | RR=1.8 EV=0.1279 ✓ +EV
2026-03-12 17:33:10 | qs.risk      | INFO  | Kelly sizing: p=0.62 rr=1.8 kelly_f=0.4087 risk%=0.0500 quality=0.62 size=$1948
2026-03-12 17:33:10 | qs.system    | INFO  | Execution attempt symbol=SOL/USDT signal=SHORT mode=paper size=1947.99
2026-03-12 17:33:10 | qs.risk      | WARNING | TRADE_REJECTED | {"symbol": "SOL/USDT", "side": "SHORT", "size_usd": 1947.99, "reasons": ["asset_exposure 95.0% > 95%"]}
2026-03-12 17:33:10 | qs.order     | INFO  | RISK_REJECT SOL/USDT SHORT size=$1947.99 price=86.89 | {"reason": "asset_exposure 95.0% > 95%"}
2026-03-12 17:33:10 | qs.exploit_gate | INFO  | Gate OPEN | type=TRENDING conf=0.76 | H=0.819(TRENDING) S=0.851 AC=0.155(TRENDING) VR=1.241(TRENDING) | pass_rate=100.0%
2026-03-12 17:33:10 | qs.graveyard | WARNING | BLOCKED by tombstone | similarity=0.81 | pattern_losses=1 | total_lost=$-1.56
2026-03-12 17:33:10 | qs.scalper   | INFO  | GRAVEYARD blocked BTC/USDT SHORT (sim=0.81)
2026-03-12 17:33:40 | qs.volatility | INFO  | Top 3 volatile: ETH/USDT(0.109%), SOL/USDT(0.140%), BTC/USDT(0.091%)
2026-03-12 17:33:44 | qs.exploit_gate | INFO  | Gate OPEN | type=TRENDING conf=0.31 | H=0.750(TRENDING) S=0.815 AC=0.038(NONE) VR=0.952(NONE) | pass_rate=100.0%
2026-03-12 17:33:44 | qs.graveyard | WARNING | BLOCKED by tombstone | similarity=0.76 | pattern_losses=1 | total_lost=$-1.56
2026-03-12 17:33:44 | qs.scalper   | INFO  | GRAVEYARD blocked ETH/USDT LONG (sim=0.76)
2026-03-12 17:33:44 | qs.exploit_gate | INFO  | Gate OPEN | type=TRENDING conf=0.78 | H=0.850(TRENDING) S=0.797 AC=0.221(TRENDING) VR=1.263(TRENDING) | pass_rate=100.0%
2026-03-12 17:33:44 | qs.exploit_gate | INFO  | Gate OPEN | type=TRENDING conf=0.77 | H=0.820(TRENDING) S=0.835 AC=0.156(TRENDING) VR=1.190(TRENDING) | pass_rate=100.0%
2026-03-12 17:34:14 | qs.volatility | INFO  | Top 3 volatile: ETH/USDT(0.109%), SOL/USDT(0.140%), BTC/USDT(0.091%)
2026-03-12 17:34:22 | qs.exploit_gate | INFO  | Gate OPEN | type=TRENDING conf=0.58 | H=0.745(TRENDING) S=0.704 AC=0.164(TRENDING) VR=0.831(MEAN_REVERTING) | pass_rate=100.0%
2026-03-12 17:34:22 | qs.graveyard | WARNING | BLOCKED by tombstone | similarity=0.83 | pattern_losses=1 | total_lost=$-1.56
2026-03-12 17:34:22 | qs.scalper   | INFO  | GRAVEYARD blocked ETH/USDT LONG (sim=0.83)
2026-03-12 17:34:22 | qs.exploit_gate | INFO  | Gate OPEN | type=TRENDING conf=0.78 | H=0.859(TRENDING) S=0.805 AC=0.272(TRENDING) VR=1.179(TRENDING) | pass_rate=100.0%
2026-03-12 17:34:22 | qs.signal    | INFO  | ACCEPT SOL/USDT LONG grade=C score=0.7 quality=0.651 | {"breakdown": {"technical": 0.924, "ml_confidence": 0.5, "order_flow": 0.525, "volatility": 0.7}}
2026-03-12 17:34:22 | qs.asym_risk | INFO  | LONG entry=87.32 | SL=86.74(0.66%) TP=88.36 | RR=1.8 EV=0.6015 ✓ +EV
2026-03-12 17:34:22 | qs.risk      | INFO  | Kelly sizing: p=0.73 rr=1.8 kelly_f=0.5781 risk%=0.0500 quality=0.73 size=$1549
2026-03-12 17:34:22 | qs.system    | INFO  | Execution attempt symbol=SOL/USDT signal=LONG mode=paper size=1548.96
2026-03-12 17:34:22 | qs.order     | INFO  | PAPER_FILL SOL/USDT LONG size=$1548.96 price=87.34 | {"slippage_bps": 2.0, "grade": "C"}
2026-03-12 17:34:22 | qs.system    | INFO  | ENTRY SOL/USDT LONG q=0.729 gate=TRENDING(0.78) RR=1.8 EV=0.6015 $1549
2026-03-12 17:34:55 | qs.volatility | INFO  | Top 3 volatile: DOGE/USDT(0.211%), SOL/USDT(0.164%), BTC/USDT(0.118%)
2026-03-12 17:35:03 | qs.exploit_gate | INFO  | Gate OPEN | type=TRENDING conf=0.58 | H=0.736(TRENDING) S=0.709 AC=0.095(TRENDING) VR=0.734(MEAN_REVERTING) | pass_rate=100.0%
2026-03-12 17:35:04 | qs.signal    | INFO  | ACCEPT DOGE/USDT LONG grade=C score=0.6 quality=0.593 | {"breakdown": {"technical": 0.835, "ml_confidence": 0.5, "order_flow": 0.499, "volatility": 0.55}}
2026-03-12 17:35:04 | qs.asym_risk | INFO  | LONG entry=0.10 | SL=0.09(1.04%) TP=0.10 | RR=1.8 EV=0.0008 ✓ +EV
2026-03-12 17:35:04 | qs.risk      | INFO  | Kelly sizing: p=0.65 rr=1.8 kelly_f=0.4582 risk%=0.0500 quality=0.65 size=$988
2026-03-12 17:35:04 | qs.system    | INFO  | Execution attempt symbol=DOGE/USDT signal=LONG mode=paper size=988.12
2026-03-12 17:35:04 | qs.order     | INFO  | PAPER_FILL DOGE/USDT LONG size=$988.12 price=0.10 | {"slippage_bps": 2.0, "grade": "C"}
2026-03-12 17:35:04 | qs.system    | INFO  | ENTRY DOGE/USDT LONG q=0.652 gate=TRENDING(0.58) RR=1.8 EV=0.0008 $988
2026-03-12 17:35:34 | qs.volatility | INFO  | Top 3 volatile: DOGE/USDT(0.211%), SOL/USDT(0.164%), BTC/USDT(0.118%)
2026-03-12 17:36:18 | qs.volatility | INFO  | Top 3 volatile: DOGE/USDT(0.211%), SOL/USDT(0.164%), BTC/USDT(0.118%)
2026-03-12 17:36:57 | qs.volatility | INFO  | Top 3 volatile: DOGE/USDT(0.211%), SOL/USDT(0.164%), BTC/USDT(0.118%)
2026-03-12 17:37:35 | qs.volatility | INFO  | Top 3 volatile: DOGE/USDT(0.211%), SOL/USDT(0.164%), BTC/USDT(0.118%)
2026-03-12 17:37:38 | qs.exploit_gate | INFO  | Gate OPEN | type=TRENDING conf=0.57 | H=0.714(TRENDING) S=0.728 AC=0.081(TRENDING) VR=0.976(NONE) | pass_rate=100.0%
2026-03-12 17:37:39 | qs.signal    | INFO  | ACCEPT DOGE/USDT LONG grade=C score=0.6 quality=0.595 | {"breakdown": {"technical": 0.832, "ml_confidence": 0.5, "order_flow": 0.51, "volatility": 0.55}}
2026-03-12 17:37:39 | qs.asym_risk | INFO  | LONG entry=0.10 | SL=0.09(1.20%) TP=0.10 | RR=1.8 EV=0.0009 ✓ +EV
2026-03-12 17:37:39 | qs.risk      | INFO  | Kelly sizing: p=0.65 rr=1.8 kelly_f=0.4593 risk%=0.0500 quality=0.65 size=$879
2026-03-12 17:37:39 | qs.system    | INFO  | Execution attempt symbol=DOGE/USDT signal=LONG mode=paper size=879.49
2026-03-12 17:37:39 | qs.order     | INFO  | PAPER_FILL DOGE/USDT LONG size=$879.49 price=0.10 | {"slippage_bps": 2.0, "grade": "C"}
2026-03-12 17:37:39 | qs.system    | INFO  | ENTRY DOGE/USDT LONG q=0.652 gate=TRENDING(0.57) RR=1.8 EV=0.0009 $879
2026-03-12 17:38:11 | qs.volatility | INFO  | Top 3 volatile: ETH/USDT(0.219%), DOGE/USDT(0.256%), SOL/USDT(0.196%)
2026-03-12 17:38:14 | qs.exploit_gate | INFO  | Gate OPEN | type=TRENDING conf=0.62 | H=0.782(TRENDING) S=0.605 AC=0.030(NONE) VR=1.153(TRENDING) | pass_rate=100.0%
2026-03-12 17:38:14 | qs.graveyard | WARNING | BLOCKED by tombstone | similarity=0.79 | pattern_losses=1 | total_lost=$-1.56
2026-03-12 17:38:14 | qs.scalper   | INFO  | GRAVEYARD blocked ETH/USDT LONG (sim=0.79)
2026-03-12 17:38:14 | qs.exploit_gate | INFO  | Gate OPEN | type=TRENDING conf=0.34 | H=0.710(TRENDING) S=0.733 AC=0.040(NONE) VR=0.924(NONE) | pass_rate=100.0%
2026-03-12 17:38:15 | qs.signal    | INFO  | ACCEPT DOGE/USDT LONG grade=C score=0.6 quality=0.598 | {"breakdown": {"technical": 0.831, "ml_confidence": 0.5, "order_flow": 0.528, "volatility": 0.55}}
2026-03-12 17:38:15 | qs.asym_risk | INFO  | LONG entry=0.10 | SL=0.09(1.15%) TP=0.10 | RR=1.8 EV=0.0008 ✓ +EV
2026-03-12 17:38:15 | qs.risk      | INFO  | Kelly sizing: p=0.63 rr=1.8 kelly_f=0.4282 risk%=0.0500 quality=0.63 size=$909
2026-03-12 17:38:15 | qs.system    | INFO  | Execution attempt symbol=DOGE/USDT signal=LONG mode=paper size=908.75
2026-03-12 17:38:15 | qs.risk      | WARNING | TRADE_REJECTED | {"symbol": "DOGE/USDT", "side": "LONG", "size_usd": 908.75, "reasons": ["already_exposed_to_DOGE/USDT"]}
2026-03-12 17:38:15 | qs.order     | INFO  | RISK_REJECT DOGE/USDT LONG size=$908.75 price=0.10 | {"reason": "already_exposed_to_DOGE/USDT"}
2026-03-12 17:38:15 | qs.exploit_gate | INFO  | Gate OPEN | type=TRENDING conf=0.79 | H=0.838(TRENDING) S=0.789 AC=0.231(TRENDING) VR=1.321(TRENDING) | pass_rate=100.0%
2026-03-12 17:38:17 | qs.signal    | INFO  | ACCEPT SOL/USDT LONG grade=C score=0.6 quality=0.626 | {"breakdown": {"technical": 0.799, "ml_confidence": 0.5, "order_flow": 0.554, "volatility": 0.7}}
2026-03-12 17:38:17 | qs.asym_risk | INFO  | LONG entry=87.34 | SL=86.74(0.69%) TP=88.43 | RR=1.8 EV=0.5869 ✓ +EV
2026-03-12 17:38:17 | qs.risk      | INFO  | Kelly sizing: p=0.70 rr=1.8 kelly_f=0.5397 risk%=0.0500 quality=0.70 size=$1516
2026-03-12 17:38:17 | qs.system    | INFO  | Execution attempt symbol=SOL/USDT signal=LONG mode=paper size=1516.29
2026-03-12 17:38:17 | qs.order     | INFO  | PAPER_FILL SOL/USDT LONG size=$1516.29 price=87.36 | {"slippage_bps": 2.0, "grade": "C"}
2026-03-12 17:38:17 | qs.system    | INFO  | ENTRY SOL/USDT LONG q=0.704 gate=TRENDING(0.79) RR=1.8 EV=0.5869 $1516
2026-03-12 17:38:47 | qs.volatility | INFO  | Top 3 volatile: ETH/USDT(0.219%), DOGE/USDT(0.256%), SOL/USDT(0.196%)
2026-03-12 17:39:22 | qs.volatility | INFO  | Top 3 volatile: ETH/USDT(0.219%), DOGE/USDT(0.256%), SOL/USDT(0.196%)
2026-03-12 17:39:55 | qs.volatility | INFO  | Top 3 volatile: ETH/USDT(0.219%), DOGE/USDT(0.256%), SOL/USDT(0.196%)
2026-03-12 17:40:28 | qs.volatility | INFO  | Top 3 volatile: ETH/USDT(0.219%), DOGE/USDT(0.256%), SOL/USDT(0.196%)
2026-03-12 17:41:02 | qs.volatility | INFO  | Top 3 volatile: ETH/USDT(0.218%), DOGE/USDT(0.244%), SOL/USDT(0.210%)
2026-03-12 17:41:38 | qs.volatility | INFO  | Top 3 volatile: ETH/USDT(0.218%), DOGE/USDT(0.244%), SOL/USDT(0.210%)
2026-03-12 17:42:12 | qs.volatility | INFO  | Top 3 volatile: ETH/USDT(0.218%), DOGE/USDT(0.244%), SOL/USDT(0.210%)
2026-03-12 17:42:45 | qs.volatility | INFO  | Top 3 volatile: ETH/USDT(0.218%), DOGE/USDT(0.244%), SOL/USDT(0.210%)
2026-03-12 17:43:18 | qs.volatility | INFO  | Top 3 volatile: ETH/USDT(0.218%), DOGE/USDT(0.244%), SOL/USDT(0.210%)
2026-03-12 17:43:55 | qs.volatility | INFO  | Top 3 volatile: ETH/USDT(0.207%), DOGE/USDT(0.263%), SOL/USDT(0.210%)
2026-03-12 17:44:29 | qs.volatility | INFO  | Top 3 volatile: ETH/USDT(0.207%), DOGE/USDT(0.263%), SOL/USDT(0.210%)
2026-03-12 17:45:03 | qs.volatility | INFO  | Top 3 volatile: ETH/USDT(0.207%), DOGE/USDT(0.263%), SOL/USDT(0.210%)
2026-03-12 17:45:36 | qs.volatility | INFO  | Top 3 volatile: ETH/USDT(0.207%), DOGE/USDT(0.263%), SOL/USDT(0.210%)
2026-03-12 17:46:10 | qs.volatility | INFO  | Top 3 volatile: ETH/USDT(0.207%), DOGE/USDT(0.263%), SOL/USDT(0.210%)
2026-03-12 17:46:13 | qs.risk      | WARNING | PORTFOLIO_HALT | {"drawdown": 0.1703025145087468, "peak": 225.1541137759987, "current": 186.80980204795765}
2026-03-12 17:46:13 | qs.graveyard | INFO  | New tombstone buried | loss=$-11.24 | total=2
2026-03-12 17:46:13 | qs.risk      | WARNING | MAX_DRAWDOWN | {"detail": "drawdown=15.17"}
2026-03-12 17:46:13 | qs.system    | ERROR | Global risk guard triggered MAX_DRAWDOWN: drawdown=15.17
2026-03-12 17:46:46 | qs.volatility | INFO  | Top 3 volatile: ETH/USDT(0.218%), DOGE/USDT(0.283%), SOL/USDT(0.219%)
2026-03-12 17:46:50 | qs.risk      | WARNING | MAX_DRAWDOWN | {"detail": "drawdown=15.13"}
2026-03-12 17:46:50 | qs.system    | ERROR | Global risk guard triggered MAX_DRAWDOWN: drawdown=15.13
2026-03-12 17:47:20 | qs.volatility | INFO  | Top 3 volatile: ETH/USDT(0.218%), DOGE/USDT(0.283%), SOL/USDT(0.219%)
2026-03-12 17:47:24 | qs.risk      | WARNING | MAX_DRAWDOWN | {"detail": "drawdown=15.67"}
2026-03-12 17:47:24 | qs.system    | ERROR | Global risk guard triggered MAX_DRAWDOWN: drawdown=15.67
2026-03-12 17:47:54 | qs.volatility | INFO  | Top 3 volatile: ETH/USDT(0.218%), DOGE/USDT(0.283%), SOL/USDT(0.219%)
2026-03-12 17:47:57 | qs.risk      | WARNING | MAX_DRAWDOWN | {"detail": "drawdown=15.95"}
2026-03-12 17:47:57 | qs.system    | ERROR | Global risk guard triggered MAX_DRAWDOWN: drawdown=15.95
2026-03-12 17:48:27 | qs.volatility | INFO  | Top 3 volatile: ETH/USDT(0.218%), DOGE/USDT(0.283%), SOL/USDT(0.219%)
2026-03-12 17:48:30 | qs.risk      | WARNING | MAX_DRAWDOWN | {"detail": "drawdown=15.17"}
2026-03-12 17:48:30 | qs.system    | ERROR | Global risk guard triggered MAX_DRAWDOWN: drawdown=15.17
2026-03-12 17:49:00 | qs.volatility | INFO  | Top 3 volatile: ETH/USDT(0.218%), DOGE/USDT(0.283%), SOL/USDT(0.219%)
2026-03-12 17:49:03 | qs.graveyard | INFO  | New tombstone buried | loss=$-7.37 | total=3
2026-03-12 17:49:03 | qs.exploit_gate | INFO  | Gate OPEN | type=TRENDING conf=0.85 | H=0.758(TRENDING) S=0.633 AC=0.087(TRENDING) VR=1.151(TRENDING) | pass_rate=100.0%
2026-03-12 17:49:03 | qs.graveyard | WARNING | BLOCKED by tombstone | similarity=0.83 | pattern_losses=1 | total_lost=$-7.37
2026-03-12 17:49:03 | qs.scalper   | INFO  | GRAVEYARD blocked ETH/USDT SHORT (sim=0.83)
2026-03-12 17:49:03 | qs.exploit_gate | INFO  | Gate OPEN | type=TRENDING conf=0.57 | H=0.762(TRENDING) S=0.751 AC=0.078(TRENDING) VR=0.970(NONE) | pass_rate=100.0%
2026-03-12 17:49:03 | qs.graveyard | WARNING | BLOCKED by tombstone | similarity=0.88 | pattern_losses=1 | total_lost=$-11.24
2026-03-12 17:49:03 | qs.scalper   | INFO  | GRAVEYARD blocked DOGE/USDT SHORT (sim=0.88)
2026-03-12 17:49:03 | qs.exploit_gate | INFO  | Gate OPEN | type=TRENDING conf=0.77 | H=0.836(TRENDING) S=0.817 AC=0.257(TRENDING) VR=1.372(TRENDING) | pass_rate=100.0%
2026-03-12 17:49:03 | qs.graveyard | WARNING | BLOCKED by tombstone | similarity=0.78 | pattern_losses=1 | total_lost=$-11.24
2026-03-12 17:49:03 | qs.scalper   | INFO  | GRAVEYARD blocked SOL/USDT SHORT (sim=0.78)
2026-03-12 17:49:35 | qs.volatility | INFO  | Top 3 volatile: ETH/USDT(0.220%), DOGE/USDT(0.282%), SOL/USDT(0.229%)
2026-03-12 17:49:37 | qs.exploit_gate | INFO  | Gate OPEN | type=TRENDING conf=0.85 | H=0.754(TRENDING) S=0.634 AC=0.102(TRENDING) VR=1.145(TRENDING) | pass_rate=100.0%
2026-03-12 17:49:37 | qs.exploit_gate | INFO  | Gate OPEN | type=TRENDING conf=0.57 | H=0.760(TRENDING) S=0.750 AC=0.084(TRENDING) VR=0.972(NONE) | pass_rate=100.0%
2026-03-12 17:49:37 | qs.graveyard | WARNING | BLOCKED by tombstone | similarity=0.91 | pattern_losses=1 | total_lost=$-11.24
2026-03-12 17:49:37 | qs.scalper   | INFO  | GRAVEYARD blocked DOGE/USDT SHORT (sim=0.91)
2026-03-12 17:49:37 | qs.exploit_gate | INFO  | Gate OPEN | type=TRENDING conf=0.77 | H=0.842(TRENDING) S=0.826 AC=0.286(TRENDING) VR=1.358(TRENDING) | pass_rate=100.0%
2026-03-12 17:49:37 | qs.graveyard | WARNING | BLOCKED by tombstone | similarity=0.89 | pattern_losses=1 | total_lost=$-11.24
2026-03-12 17:49:37 | qs.scalper   | INFO  | GRAVEYARD blocked SOL/USDT SHORT (sim=0.89)
2026-03-12 17:50:07 | qs.volatility | INFO  | Top 3 volatile: ETH/USDT(0.220%), DOGE/USDT(0.282%), SOL/USDT(0.229%)
2026-03-12 17:50:11 | qs.exploit_gate | INFO  | Gate OPEN | type=TRENDING conf=0.84 | H=0.761(TRENDING) S=0.651 AC=0.128(TRENDING) VR=1.132(TRENDING) | pass_rate=100.0%
2026-03-12 17:50:11 | qs.graveyard | WARNING | BLOCKED by tombstone | similarity=0.86 | pattern_losses=1 | total_lost=$-1.56
2026-03-12 17:50:11 | qs.scalper   | INFO  | GRAVEYARD blocked ETH/USDT LONG (sim=0.86)
2026-03-12 17:50:11 | qs.exploit_gate | INFO  | Gate OPEN | type=TRENDING conf=0.56 | H=0.765(TRENDING) S=0.757 AC=0.105(TRENDING) VR=0.966(NONE) | pass_rate=100.0%
2026-03-12 17:50:11 | qs.exploit_gate | INFO  | Gate OPEN | type=TRENDING conf=0.76 | H=0.847(TRENDING) S=0.841 AC=0.312(TRENDING) VR=1.331(TRENDING) | pass_rate=100.0%
2026-03-12 17:50:41 | qs.volatility | INFO  | Top 3 volatile: ETH/USDT(0.220%), DOGE/USDT(0.282%), SOL/USDT(0.229%)
2026-03-12 17:50:44 | qs.exploit_gate | INFO  | Gate OPEN | type=TRENDING conf=0.83 | H=0.761(TRENDING) S=0.664 AC=0.145(TRENDING) VR=1.103(TRENDING) | pass_rate=100.0%
2026-03-12 17:50:44 | qs.graveyard | WARNING | BLOCKED by tombstone | similarity=0.94 | pattern_losses=1 | total_lost=$-7.37
2026-03-12 17:50:44 | qs.scalper   | INFO  | GRAVEYARD blocked ETH/USDT LONG (sim=0.94)
2026-03-12 17:50:44 | qs.exploit_gate | INFO  | Gate OPEN | type=TRENDING conf=0.56 | H=0.765(TRENDING) S=0.763 AC=0.117(TRENDING) VR=0.967(NONE) | pass_rate=100.0%
2026-03-12 17:50:44 | qs.exploit_gate | INFO  | Gate OPEN | type=TRENDING conf=0.76 | H=0.847(TRENDING) S=0.841 AC=0.313(TRENDING) VR=1.329(TRENDING) | pass_rate=100.0%
2026-03-12 17:51:14 | qs.volatility | INFO  | Top 3 volatile: ETH/USDT(0.220%), DOGE/USDT(0.282%), SOL/USDT(0.229%)
2026-03-12 17:51:21 | qs.exploit_gate | INFO  | Gate OPEN | type=TRENDING conf=0.84 | H=0.768(TRENDING) S=0.655 AC=0.136(TRENDING) VR=1.172(TRENDING) | pass_rate=100.0%
2026-03-12 17:51:21 | qs.graveyard | WARNING | BLOCKED by tombstone | similarity=0.93 | pattern_losses=1 | total_lost=$-7.37
2026-03-12 17:51:21 | qs.scalper   | INFO  | GRAVEYARD blocked ETH/USDT LONG (sim=0.93)
2026-03-12 17:51:21 | qs.exploit_gate | INFO  | Gate OPEN | type=TRENDING conf=0.56 | H=0.761(TRENDING) S=0.756 AC=0.093(TRENDING) VR=0.973(NONE) | pass_rate=100.0%
2026-03-12 17:51:21 | qs.exploit_gate | INFO  | Gate OPEN | type=TRENDING conf=0.77 | H=0.868(TRENDING) S=0.838 AC=0.281(TRENDING) VR=1.348(TRENDING) | pass_rate=100.0%
2026-03-12 17:51:54 | qs.volatility | INFO  | Top 3 volatile: ETH/USDT(0.220%), DOGE/USDT(0.282%), SOL/USDT(0.229%)
2026-03-12 17:51:57 | qs.exploit_gate | INFO  | Gate OPEN | type=TRENDING conf=0.84 | H=0.768(TRENDING) S=0.655 AC=0.132(TRENDING) VR=1.165(TRENDING) | pass_rate=100.0%
2026-03-12 17:51:57 | qs.graveyard | WARNING | BLOCKED by tombstone | similarity=0.95 | pattern_losses=1 | total_lost=$-7.37
2026-03-12 17:51:57 | qs.scalper   | INFO  | GRAVEYARD blocked ETH/USDT LONG (sim=0.95)
2026-03-12 17:51:57 | qs.exploit_gate | INFO  | Gate OPEN | type=TRENDING conf=0.56 | H=0.760(TRENDING) S=0.770 AC=0.088(TRENDING) VR=0.968(NONE) | pass_rate=100.0%
2026-03-12 17:51:57 | qs.exploit_gate | INFO  | Gate OPEN | type=TRENDING conf=0.77 | H=0.867(TRENDING) S=0.838 AC=0.279(TRENDING) VR=1.347(TRENDING) | pass_rate=100.0%
2026-03-12 17:52:31 | qs.volatility | INFO  | Top 3 volatile: ETH/USDT(0.215%), DOGE/USDT(0.282%), SOL/USDT(0.216%)
2026-03-12 17:52:40 | qs.exploit_gate | INFO  | Gate OPEN | type=TRENDING conf=0.83 | H=0.778(TRENDING) S=0.666 AC=0.133(TRENDING) VR=1.175(TRENDING) | pass_rate=100.0%
2026-03-12 17:52:40 | qs.exploit_gate | INFO  | Gate OPEN | type=TRENDING conf=0.56 | H=0.756(TRENDING) S=0.763 AC=0.092(TRENDING) VR=0.997(NONE) | pass_rate=100.0%
2026-03-12 17:52:40 | qs.exploit_gate | INFO  | Gate OPEN | type=TRENDING conf=0.76 | H=0.867(TRENDING) S=0.849 AC=0.265(TRENDING) VR=1.365(TRENDING) | pass_rate=100.0%
2026-03-12 17:52:40 | qs.graveyard | WARNING | BLOCKED by tombstone | similarity=0.93 | pattern_losses=1 | total_lost=$-11.24
2026-03-12 17:52:40 | qs.scalper   | INFO  | GRAVEYARD blocked SOL/USDT SHORT (sim=0.93)
2026-03-12 17:53:10 | qs.volatility | INFO  | Top 3 volatile: ETH/USDT(0.215%), DOGE/USDT(0.282%), SOL/USDT(0.216%)
2026-03-12 17:53:17 | qs.exploit_gate | INFO  | Gate OPEN | type=TRENDING conf=0.83 | H=0.776(TRENDING) S=0.666 AC=0.135(TRENDING) VR=1.149(TRENDING) | pass_rate=100.0%
2026-03-12 17:53:17 | qs.exploit_gate | INFO  | Gate OPEN | type=TRENDING conf=0.56 | H=0.765(TRENDING) S=0.764 AC=0.086(TRENDING) VR=0.963(NONE) | pass_rate=100.0%
2026-03-12 17:53:17 | qs.exploit_gate | INFO  | Gate OPEN | type=TRENDING conf=0.76 | H=0.863(TRENDING) S=0.848 AC=0.258(TRENDING) VR=1.353(TRENDING) | pass_rate=100.0%
2026-03-12 17:53:17 | qs.graveyard | WARNING | BLOCKED by tombstone | similarity=0.92 | pattern_losses=1 | total_lost=$-11.24
2026-03-12 17:53:17 | qs.scalper   | INFO  | GRAVEYARD blocked SOL/USDT SHORT (sim=0.92)
2026-03-12 17:53:47 | qs.volatility | INFO  | Top 3 volatile: ETH/USDT(0.215%), DOGE/USDT(0.282%), SOL/USDT(0.216%)
2026-03-12 17:53:54 | qs.exploit_gate | INFO  | Gate OPEN | type=TRENDING conf=0.83 | H=0.776(TRENDING) S=0.669 AC=0.139(TRENDING) VR=1.147(TRENDING) | pass_rate=100.0%
2026-03-12 17:53:54 | qs.exploit_gate | INFO  | Gate OPEN | type=TRENDING conf=0.56 | H=0.765(TRENDING) S=0.764 AC=0.089(TRENDING) VR=0.955(NONE) | pass_rate=100.0%
2026-03-12 17:53:54 | qs.graveyard | WARNING | BLOCKED by tombstone | similarity=0.91 | pattern_losses=1 | total_lost=$-11.24
2026-03-12 17:53:54 | qs.scalper   | INFO  | GRAVEYARD blocked DOGE/USDT SHORT (sim=0.91)
2026-03-12 17:53:54 | qs.exploit_gate | INFO  | Gate OPEN | type=TRENDING conf=0.76 | H=0.863(TRENDING) S=0.848 AC=0.258(TRENDING) VR=1.353(TRENDING) | pass_rate=100.0%
2026-03-12 17:53:54 | qs.graveyard | WARNING | BLOCKED by tombstone | similarity=0.92 | pattern_losses=1 | total_lost=$-11.24
2026-03-12 17:53:54 | qs.scalper   | INFO  | GRAVEYARD blocked SOL/USDT SHORT (sim=0.92)
2026-03-12 17:54:24 | qs.volatility | INFO  | Top 3 volatile: ETH/USDT(0.215%), DOGE/USDT(0.282%), SOL/USDT(0.216%)
2026-03-12 17:54:32 | qs.exploit_gate | INFO  | Gate OPEN | type=TRENDING conf=0.83 | H=0.781(TRENDING) S=0.669 AC=0.136(TRENDING) VR=1.149(TRENDING) | pass_rate=100.0%
2026-03-12 17:54:32 | qs.graveyard | WARNING | BLOCKED by tombstone | similarity=0.89 | pattern_losses=1 | total_lost=$-11.24
2026-03-12 17:54:32 | qs.scalper   | INFO  | GRAVEYARD blocked ETH/USDT SHORT (sim=0.89)
2026-03-12 17:54:32 | qs.exploit_gate | INFO  | Gate OPEN | type=TRENDING conf=0.56 | H=0.766(TRENDING) S=0.764 AC=0.090(TRENDING) VR=0.920(NONE) | pass_rate=100.0%
2026-03-12 17:54:32 | qs.graveyard | WARNING | BLOCKED by tombstone | similarity=0.95 | pattern_losses=1 | total_lost=$-11.24
2026-03-12 17:54:32 | qs.scalper   | INFO  | GRAVEYARD blocked DOGE/USDT SHORT (sim=0.95)
2026-03-12 17:54:32 | qs.exploit_gate | INFO  | Gate OPEN | type=TRENDING conf=0.76 | H=0.864(TRENDING) S=0.848 AC=0.261(TRENDING) VR=1.338(TRENDING) | pass_rate=100.0%
2026-03-12 17:54:32 | qs.graveyard | WARNING | BLOCKED by tombstone | similarity=0.91 | pattern_losses=1 | total_lost=$-11.24
2026-03-12 17:54:32 | qs.scalper   | INFO  | GRAVEYARD blocked SOL/USDT SHORT (sim=0.91)
2026-03-12 17:55:02 | qs.volatility | INFO  | Top 3 volatile: ETH/USDT(0.215%), DOGE/USDT(0.282%), SOL/USDT(0.216%)
2026-03-12 17:55:07 | qs.exploit_gate | INFO  | Gate OPEN | type=TRENDING conf=0.83 | H=0.791(TRENDING) S=0.672 AC=0.139(TRENDING) VR=1.163(TRENDING) | pass_rate=100.0%
2026-03-12 17:55:07 | qs.graveyard | WARNING | BLOCKED by tombstone | similarity=0.83 | pattern_losses=1 | total_lost=$-11.24
2026-03-12 17:55:07 | qs.scalper   | INFO  | GRAVEYARD blocked ETH/USDT SHORT (sim=0.83)
2026-03-12 17:55:07 | qs.exploit_gate | INFO  | Gate OPEN | type=TRENDING conf=0.56 | H=0.766(TRENDING) S=0.764 AC=0.089(TRENDING) VR=0.920(NONE) | pass_rate=100.0%
2026-03-12 17:55:07 | qs.graveyard | WARNING | BLOCKED by tombstone | similarity=0.95 | pattern_losses=1 | total_lost=$-11.24
2026-03-12 17:55:07 | qs.scalper   | INFO  | GRAVEYARD blocked DOGE/USDT SHORT (sim=0.95)
2026-03-12 17:55:07 | qs.exploit_gate | INFO  | Gate OPEN | type=TRENDING conf=0.76 | H=0.864(TRENDING) S=0.848 AC=0.262(TRENDING) VR=1.337(TRENDING) | pass_rate=100.0%
2026-03-12 17:55:07 | qs.graveyard | WARNING | BLOCKED by tombstone | similarity=0.90 | pattern_losses=1 | total_lost=$-11.24
2026-03-12 17:55:07 | qs.scalper   | INFO  | GRAVEYARD blocked SOL/USDT SHORT (sim=0.90)
2026-03-12 17:55:40 | qs.volatility | INFO  | Top 3 volatile: ETH/USDT(0.204%), BTC/USDT(0.164%), XRP/USDT(0.156%)
2026-03-12 17:55:46 | qs.exploit_gate | INFO  | Gate OPEN | type=TRENDING conf=0.83 | H=0.791(TRENDING) S=0.676 AC=0.141(TRENDING) VR=1.160(TRENDING) | pass_rate=100.0%
2026-03-12 17:55:46 | qs.graveyard | WARNING | BLOCKED by tombstone | similarity=0.79 | pattern_losses=1 | total_lost=$-11.24
2026-03-12 17:55:46 | qs.scalper   | INFO  | GRAVEYARD blocked ETH/USDT SHORT (sim=0.79)
2026-03-12 17:55:46 | qs.exploit_gate | INFO  | Gate OPEN | type=TRENDING conf=0.79 | H=0.819(TRENDING) S=0.787 AC=0.238(TRENDING) VR=1.217(TRENDING) | pass_rate=100.0%
2026-03-12 17:55:46 | qs.signal    | INFO  | ACCEPT BTC/USDT SHORT grade=C score=0.7 quality=0.702 | {"breakdown": {"technical": 0.799, "ml_confidence": 0.5, "order_flow": 0.934, "volatility": 0.7}}
2026-03-12 17:55:46 | qs.asym_risk | INFO  | SHORT entry=69772.10 | SL=70138.85(0.53%) TP=69111.95 | RR=1.8 EV=434.3330 ✓ +EV
2026-03-12 17:55:46 | qs.risk      | INFO  | Kelly sizing: p=0.78 rr=1.8 kelly_f=0.6579 risk%=0.0500 quality=0.78 size=$1828
2026-03-12 17:55:46 | qs.system    | INFO  | Execution attempt symbol=BTC/USDT signal=SHORT mode=paper size=1828.42
2026-03-12 17:55:46 | qs.risk      | WARNING | TRADE_REJECTED | {"symbol": "BTC/USDT", "side": "SHORT", "size_usd": 1828.42, "reasons": ["portfolio_halted: max_drawdown 17.0% >= 15%"]}
2026-03-12 17:55:46 | qs.order     | INFO  | RISK_REJECT BTC/USDT SHORT size=$1828.42 price=69772.10 | {"reason": "portfolio_halted: max_drawdown 17.0% >= 15%"}
2026-03-12 17:55:46 | qs.exploit_gate | INFO  | Gate OPEN | type=TRENDING conf=0.54 | H=0.766(TRENDING) S=0.822 AC=0.162(TRENDING) VR=0.943(NONE) | pass_rate=100.0%
2026-03-12 17:55:46 | qs.graveyard | WARNING | BLOCKED by tombstone | similarity=0.79 | pattern_losses=1 | total_lost=$-7.37
2026-03-12 17:55:46 | qs.scalper   | INFO  | GRAVEYARD blocked XRP/USDT SHORT (sim=0.79)
2026-03-12 17:56:16 | qs.volatility | INFO  | Top 3 volatile: ETH/USDT(0.204%), BTC/USDT(0.164%), XRP/USDT(0.156%)
2026-03-12 17:56:22 | qs.exploit_gate | INFO  | Gate OPEN | type=TRENDING conf=0.83 | H=0.781(TRENDING) S=0.678 AC=0.148(TRENDING) VR=1.185(TRENDING) | pass_rate=100.0%
2026-03-12 17:56:22 | qs.graveyard | WARNING | BLOCKED by tombstone | similarity=0.77 | pattern_losses=1 | total_lost=$-11.24
2026-03-12 17:56:22 | qs.scalper   | INFO  | GRAVEYARD blocked ETH/USDT SHORT (sim=0.77)
2026-03-12 17:56:22 | qs.exploit_gate | INFO  | Gate OPEN | type=TRENDING conf=0.78 | H=0.810(TRENDING) S=0.790 AC=0.250(TRENDING) VR=1.232(TRENDING) | pass_rate=100.0%
2026-03-12 17:56:22 | qs.graveyard | WARNING | BLOCKED by tombstone | similarity=0.76 | pattern_losses=1 | total_lost=$-11.24
2026-03-12 17:56:22 | qs.scalper   | INFO  | GRAVEYARD blocked BTC/USDT SHORT (sim=0.76)
2026-03-12 17:56:22 | qs.exploit_gate | INFO  | Gate OPEN | type=TRENDING conf=0.54 | H=0.754(TRENDING) S=0.818 AC=0.166(TRENDING) VR=0.975(NONE) | pass_rate=100.0%
2026-03-12 17:56:22 | qs.graveyard | WARNING | BLOCKED by tombstone | similarity=0.77 | pattern_losses=1 | total_lost=$-7.37
2026-03-12 17:56:22 | qs.scalper   | INFO  | GRAVEYARD blocked XRP/USDT SHORT (sim=0.77)
2026-03-12 17:56:52 | qs.volatility | INFO  | Top 3 volatile: ETH/USDT(0.204%), BTC/USDT(0.164%), XRP/USDT(0.156%)
2026-03-12 17:56:55 | qs.exploit_gate | INFO  | Gate OPEN | type=TRENDING conf=0.83 | H=0.781(TRENDING) S=0.672 AC=0.136(TRENDING) VR=1.184(TRENDING) | pass_rate=100.0%
2026-03-12 17:56:56 | qs.signal    | INFO  | ACCEPT ETH/USDT SHORT grade=C score=0.5 quality=0.540 | {"breakdown": {"technical": 0.799, "ml_confidence": 0.5, "order_flow": 0.126, "volatility": 0.7}}
2026-03-12 17:56:56 | qs.asym_risk | INFO  | SHORT entry=2059.31 | SL=2073.60(0.69%) TP=2033.58 | RR=1.8 EV=10.6394 ✓ +EV
2026-03-12 17:56:56 | qs.risk      | INFO  | Kelly sizing: p=0.62 rr=1.8 kelly_f=0.4136 risk%=0.0500 quality=0.62 size=$1387
2026-03-12 17:56:56 | qs.system    | INFO  | Execution attempt symbol=ETH/USDT signal=SHORT mode=paper size=1386.64
2026-03-12 17:56:56 | qs.risk      | WARNING | TRADE_REJECTED | {"symbol": "ETH/USDT", "side": "SHORT", "size_usd": 1386.64, "reasons": ["portfolio_halted: max_drawdown 17.0% >= 15%"]}
2026-03-12 17:56:56 | qs.order     | INFO  | RISK_REJECT ETH/USDT SHORT size=$1386.64 price=2059.31 | {"reason": "portfolio_halted: max_drawdown 17.0% >= 15%"}
2026-03-12 17:56:56 | qs.exploit_gate | INFO  | Gate OPEN | type=TRENDING conf=0.79 | H=0.810(TRENDING) S=0.782 AC=0.238(TRENDING) VR=1.247(TRENDING) | pass_rate=100.0%
2026-03-12 17:56:56 | qs.signal    | INFO  | ACCEPT BTC/USDT SHORT grade=C score=0.6 quality=0.644 | {"breakdown": {"technical": 0.924, "ml_confidence": 0.5, "order_flow": 0.493, "volatility": 0.7}}
2026-03-12 17:56:56 | qs.asym_risk | INFO  | SHORT entry=69792.00 | SL=70139.97(0.50%) TP=69165.65 | RR=1.8 EV=356.6579 ✓ +EV
2026-03-12 17:56:56 | qs.risk      | INFO  | Kelly sizing: p=0.72 rr=1.8 kelly_f=0.5694 risk%=0.0500 quality=0.72 size=$1828
2026-03-12 17:56:56 | qs.system    | INFO  | Execution attempt symbol=BTC/USDT signal=SHORT mode=paper size=1828.42
2026-03-12 17:56:56 | qs.risk      | WARNING | TRADE_REJECTED | {"symbol": "BTC/USDT", "side": "SHORT", "size_usd": 1828.42, "reasons": ["portfolio_halted: max_drawdown 17.0% >= 15%"]}
2026-03-12 17:56:56 | qs.order     | INFO  | RISK_REJECT BTC/USDT SHORT size=$1828.42 price=69792.00 | {"reason": "portfolio_halted: max_drawdown 17.0% >= 15%"}
2026-03-12 17:56:56 | qs.exploit_gate | INFO  | Gate OPEN | type=TRENDING conf=0.54 | H=0.754(TRENDING) S=0.811 AC=0.145(TRENDING) VR=0.971(NONE) | pass_rate=100.0%
2026-03-12 17:56:56 | qs.graveyard | WARNING | BLOCKED by tombstone | similarity=0.77 | pattern_losses=1 | total_lost=$-7.37
2026-03-12 17:56:56 | qs.scalper   | INFO  | GRAVEYARD blocked XRP/USDT SHORT (sim=0.77)
2026-03-12 17:57:29 | qs.volatility | INFO  | Top 3 volatile: ETH/USDT(0.204%), BTC/USDT(0.164%), XRP/USDT(0.156%)
2026-03-12 17:57:33 | qs.exploit_gate | INFO  | Gate OPEN | type=TRENDING conf=0.83 | H=0.769(TRENDING) S=0.672 AC=0.134(TRENDING) VR=1.176(TRENDING) | pass_rate=100.0%
2026-03-12 17:57:33 | qs.graveyard | WARNING | BLOCKED by tombstone | similarity=0.89 | pattern_losses=1 | total_lost=$-11.24
2026-03-12 17:57:33 | qs.scalper   | INFO  | GRAVEYARD blocked ETH/USDT SHORT (sim=0.89)
2026-03-12 17:57:33 | qs.exploit_gate | INFO  | Gate OPEN | type=TRENDING conf=0.79 | H=0.804(TRENDING) S=0.784 AC=0.232(TRENDING) VR=1.232(TRENDING) | pass_rate=100.0%
2026-03-12 17:57:33 | qs.graveyard | WARNING | BLOCKED by tombstone | similarity=0.76 | pattern_losses=1 | total_lost=$-11.24
2026-03-12 17:57:33 | qs.scalper   | INFO  | GRAVEYARD blocked BTC/USDT SHORT (sim=0.76)
2026-03-12 17:57:33 | qs.exploit_gate | INFO  | Gate OPEN | type=TRENDING conf=0.54 | H=0.761(TRENDING) S=0.807 AC=0.147(TRENDING) VR=0.977(NONE) | pass_rate=100.0%
2026-03-12 17:57:33 | qs.graveyard | WARNING | BLOCKED by tombstone | similarity=0.84 | pattern_losses=1 | total_lost=$-11.24
2026-03-12 17:57:33 | qs.scalper   | INFO  | GRAVEYARD blocked XRP/USDT SHORT (sim=0.84)
2026-03-12 17:58:03 | qs.volatility | INFO  | Top 3 volatile: ETH/USDT(0.204%), BTC/USDT(0.164%), XRP/USDT(0.156%)
2026-03-12 17:58:08 | qs.exploit_gate | INFO  | Gate OPEN | type=TRENDING conf=0.83 | H=0.785(TRENDING) S=0.672 AC=0.133(TRENDING) VR=1.171(TRENDING) | pass_rate=100.0%
2026-03-12 17:58:08 | qs.graveyard | WARNING | BLOCKED by tombstone | similarity=0.77 | pattern_losses=1 | total_lost=$-11.24
2026-03-12 17:58:08 | qs.scalper   | INFO  | GRAVEYARD blocked ETH/USDT SHORT (sim=0.77)
2026-03-12 17:58:08 | qs.exploit_gate | INFO  | Gate OPEN | type=TRENDING conf=0.79 | H=0.804(TRENDING) S=0.787 AC=0.233(TRENDING) VR=1.228(TRENDING) | pass_rate=100.0%
2026-03-12 17:58:08 | qs.graveyard | WARNING | BLOCKED by tombstone | similarity=0.85 | pattern_losses=1 | total_lost=$-11.24
2026-03-12 17:58:08 | qs.scalper   | INFO  | GRAVEYARD blocked BTC/USDT SHORT (sim=0.85)
2026-03-12 17:58:08 | qs.exploit_gate | INFO  | Gate OPEN | type=TRENDING conf=0.54 | H=0.768(TRENDING) S=0.811 AC=0.145(TRENDING) VR=0.975(NONE) | pass_rate=100.0%
2026-03-12 17:58:08 | qs.graveyard | WARNING | BLOCKED by tombstone | similarity=0.88 | pattern_losses=1 | total_lost=$-11.24
2026-03-12 17:58:08 | qs.scalper   | INFO  | GRAVEYARD blocked XRP/USDT SHORT (sim=0.88)
2026-03-12 17:58:42 | qs.volatility | INFO  | Top 3 volatile: BTC/USDT(0.166%), DOGE/USDT(0.258%), ETH/USDT(0.202%)
2026-03-12 17:58:46 | qs.exploit_gate | INFO  | Gate OPEN | type=TRENDING conf=0.78 | H=0.812(TRENDING) S=0.792 AC=0.226(TRENDING) VR=1.218(TRENDING) | pass_rate=100.0%
2026-03-12 17:58:46 | qs.graveyard | WARNING | BLOCKED by tombstone | similarity=0.81 | pattern_losses=1 | total_lost=$-11.24
2026-03-12 17:58:46 | qs.scalper   | INFO  | GRAVEYARD blocked BTC/USDT SHORT (sim=0.81)
2026-03-12 17:58:46 | qs.exploit_gate | INFO  | Gate OPEN | type=TRENDING conf=0.55 | H=0.743(TRENDING) S=0.785 AC=0.084(TRENDING) VR=0.941(NONE) | pass_rate=100.0%
2026-03-12 17:58:46 | qs.graveyard | WARNING | BLOCKED by tombstone | similarity=0.91 | pattern_losses=1 | total_lost=$-11.24
2026-03-12 17:58:46 | qs.scalper   | INFO  | GRAVEYARD blocked DOGE/USDT SHORT (sim=0.91)
2026-03-12 17:58:46 | qs.exploit_gate | INFO  | Gate OPEN | type=TRENDING conf=0.83 | H=0.785(TRENDING) S=0.674 AC=0.130(TRENDING) VR=1.170(TRENDING) | pass_rate=100.0%
2026-03-12 17:58:46 | qs.graveyard | WARNING | BLOCKED by tombstone | similarity=0.78 | pattern_losses=1 | total_lost=$-11.24
2026-03-12 17:58:46 | qs.scalper   | INFO  | GRAVEYARD blocked ETH/USDT SHORT (sim=0.79)
2026-03-12 17:59:16 | qs.volatility | INFO  | Top 3 volatile: BTC/USDT(0.166%), DOGE/USDT(0.258%), ETH/USDT(0.202%)
2026-03-12 17:59:20 | qs.exploit_gate | INFO  | Gate OPEN | type=TRENDING conf=0.78 | H=0.807(TRENDING) S=0.791 AC=0.223(TRENDING) VR=1.216(TRENDING) | pass_rate=100.0%
2026-03-12 17:59:20 | qs.graveyard | WARNING | BLOCKED by tombstone | similarity=0.85 | pattern_losses=1 | total_lost=$-11.24
2026-03-12 17:59:20 | qs.scalper   | INFO  | GRAVEYARD blocked BTC/USDT SHORT (sim=0.84)
2026-03-12 17:59:20 | qs.exploit_gate | INFO  | Gate OPEN | type=TRENDING conf=0.55 | H=0.744(TRENDING) S=0.781 AC=0.103(TRENDING) VR=0.949(NONE) | pass_rate=100.0%
2026-03-12 17:59:20 | qs.exploit_gate | INFO  | Gate OPEN | type=TRENDING conf=0.83 | H=0.783(TRENDING) S=0.674 AC=0.128(TRENDING) VR=1.170(TRENDING) | pass_rate=100.0%
2026-03-12 17:59:20 | qs.graveyard | WARNING | BLOCKED by tombstone | similarity=0.86 | pattern_losses=1 | total_lost=$-11.24
2026-03-12 17:59:20 | qs.scalper   | INFO  | GRAVEYARD blocked ETH/USDT SHORT (sim=0.86)
2026-03-12 17:59:50 | qs.volatility | INFO  | Top 3 volatile: BTC/USDT(0.166%), DOGE/USDT(0.258%), ETH/USDT(0.202%)
2026-03-12 17:59:55 | qs.exploit_gate | INFO  | Gate OPEN | type=TRENDING conf=0.78 | H=0.807(TRENDING) S=0.799 AC=0.208(TRENDING) VR=1.192(TRENDING) | pass_rate=100.0%
2026-03-12 17:59:55 | qs.exploit_gate | INFO  | Gate OPEN | type=TRENDING conf=0.55 | H=0.744(TRENDING) S=0.790 AC=0.094(TRENDING) VR=0.896(NONE) | pass_rate=100.0%
2026-03-12 17:59:55 | qs.exploit_gate | INFO  | Gate OPEN | type=TRENDING conf=0.82 | H=0.783(TRENDING) S=0.689 AC=0.118(TRENDING) VR=1.151(TRENDING) | pass_rate=100.0%
2026-03-12 18:00:25 | qs.volatility | INFO  | Top 3 volatile: BTC/USDT(0.166%), DOGE/USDT(0.258%), ETH/USDT(0.202%)
2026-03-12 18:00:29 | qs.exploit_gate | INFO  | Gate OPEN | type=TRENDING conf=0.78 | H=0.810(TRENDING) S=0.803 AC=0.208(TRENDING) VR=1.179(TRENDING) | pass_rate=100.0%
2026-03-12 18:00:29 | qs.exploit_gate | INFO  | Gate OPEN | type=TRENDING conf=0.55 | H=0.760(TRENDING) S=0.785 AC=0.112(TRENDING) VR=0.950(NONE) | pass_rate=100.0%
2026-03-12 18:00:29 | qs.graveyard | WARNING | BLOCKED by tombstone | similarity=0.97 | pattern_losses=1 | total_lost=$-11.24
2026-03-12 18:00:29 | qs.scalper   | INFO  | GRAVEYARD blocked DOGE/USDT LONG (sim=0.97)
2026-03-12 18:00:29 | qs.exploit_gate | INFO  | Gate OPEN | type=TRENDING conf=0.82 | H=0.785(TRENDING) S=0.701 AC=0.140(TRENDING) VR=1.142(TRENDING) | pass_rate=100.0%
2026-03-12 18:00:29 | qs.graveyard | WARNING | BLOCKED by tombstone | similarity=0.79 | pattern_losses=1 | total_lost=$-11.24
2026-03-12 18:00:29 | qs.scalper   | INFO  | GRAVEYARD blocked ETH/USDT LONG (sim=0.79)
2026-03-12 18:00:59 | qs.volatility | INFO  | Top 3 volatile: BTC/USDT(0.166%), DOGE/USDT(0.258%), ETH/USDT(0.202%)
2026-03-12 18:01:05 | qs.exploit_gate | INFO  | Gate OPEN | type=TRENDING conf=0.78 | H=0.810(TRENDING) S=0.792 AC=0.240(TRENDING) VR=1.116(TRENDING) | pass_rate=100.0%
2026-03-12 18:01:05 | qs.signal    | INFO  | ACCEPT BTC/USDT LONG grade=C score=0.5 quality=0.525 | {"breakdown": {"technical": 0.799, "ml_confidence": 0.5, "order_flow": 0.051, "volatility": 0.7}}
2026-03-12 18:01:05 | qs.asym_risk | INFO  | LONG entry=70122.00 | SL=69655.57(0.67%) TP=70961.58 | RR=1.8 EV=321.4829 ✓ +EV
2026-03-12 18:01:05 | qs.risk      | INFO  | Kelly sizing: p=0.60 rr=1.8 kelly_f=0.3829 risk%=0.0500 quality=0.60 size=$1447
2026-03-12 18:01:05 | qs.system    | INFO  | Execution attempt symbol=BTC/USDT signal=LONG mode=paper size=1446.67
2026-03-12 18:01:05 | qs.risk      | WARNING | TRADE_REJECTED | {"symbol": "BTC/USDT", "side": "LONG", "size_usd": 1446.67, "reasons": ["portfolio_halted: max_drawdown 17.0% >= 15%"]}
2026-03-12 18:01:05 | qs.order     | INFO  | RISK_REJECT BTC/USDT LONG size=$1446.67 price=70122.00 | {"reason": "portfolio_halted: max_drawdown 17.0% >= 15%"}
2026-03-12 18:01:05 | qs.exploit_gate | INFO  | Gate OPEN | type=TRENDING conf=0.55 | H=0.760(TRENDING) S=0.794 AC=0.135(TRENDING) VR=0.946(NONE) | pass_rate=100.0%
2026-03-12 18:01:06 | qs.signal    | INFO  | ACCEPT DOGE/USDT LONG grade=C score=0.7 quality=0.677 | {"breakdown": {"technical": 1, "ml_confidence": 0.5, "order_flow": 0.559, "volatility": 0.7}}
2026-03-12 18:01:06 | qs.asym_risk | INFO  | LONG entry=0.10 | SL=0.09(1.01%) TP=0.10 | RR=1.8 EV=0.0010 ✓ +EV
2026-03-12 18:01:06 | qs.risk      | INFO  | Kelly sizing: p=0.73 rr=1.8 kelly_f=0.5828 risk%=0.0500 quality=0.73 size=$951
2026-03-12 18:01:06 | qs.system    | INFO  | Execution attempt symbol=DOGE/USDT signal=LONG mode=paper size=950.92
2026-03-12 18:01:06 | qs.risk      | WARNING | TRADE_REJECTED | {"symbol": "DOGE/USDT", "side": "LONG", "size_usd": 950.92, "reasons": ["portfolio_halted: max_drawdown 17.0% >= 15%"]}
2026-03-12 18:01:06 | qs.order     | INFO  | RISK_REJECT DOGE/USDT LONG size=$950.92 price=0.10 | {"reason": "portfolio_halted: max_drawdown 17.0% >= 15%"}
2026-03-12 18:01:06 | qs.exploit_gate | INFO  | Gate OPEN | type=TRENDING conf=0.82 | H=0.785(TRENDING) S=0.704 AC=0.149(TRENDING) VR=1.103(TRENDING) | pass_rate=100.0%
2026-03-12 18:01:06 | qs.graveyard | WARNING | BLOCKED by tombstone | similarity=0.82 | pattern_losses=1 | total_lost=$-11.24
2026-03-12 18:01:06 | qs.scalper   | INFO  | GRAVEYARD blocked ETH/USDT LONG (sim=0.82)
2026-03-12 18:01:38 | qs.volatility | INFO  | Top 3 volatile: BTC/USDT(0.176%), DOGE/USDT(0.269%), ETH/USDT(0.211%)
2026-03-12 18:01:42 | qs.exploit_gate | INFO  | Gate OPEN | type=TRENDING conf=0.78 | H=0.801(TRENDING) S=0.796 AC=0.216(TRENDING) VR=1.151(TRENDING) | pass_rate=100.0%
2026-03-12 18:01:42 | qs.exploit_gate | INFO  | Gate OPEN | type=TRENDING conf=0.55 | H=0.763(TRENDING) S=0.799 AC=0.128(TRENDING) VR=0.975(NONE) | pass_rate=100.0%
2026-03-12 18:01:42 | qs.graveyard | WARNING | BLOCKED by tombstone | similarity=0.83 | pattern_losses=1 | total_lost=$-11.24
2026-03-12 18:01:42 | qs.scalper   | INFO  | GRAVEYARD blocked DOGE/USDT LONG (sim=0.83)
2026-03-12 18:01:42 | qs.exploit_gate | INFO  | Gate OPEN | type=TRENDING conf=0.82 | H=0.780(TRENDING) S=0.702 AC=0.132(TRENDING) VR=1.130(TRENDING) | pass_rate=100.0%
2026-03-12 18:01:42 | qs.graveyard | WARNING | BLOCKED by tombstone | similarity=0.88 | pattern_losses=1 | total_lost=$-11.24
2026-03-12 18:01:42 | qs.scalper   | INFO  | GRAVEYARD blocked ETH/USDT LONG (sim=0.88)
2026-03-12 18:02:12 | qs.volatility | INFO  | Top 3 volatile: BTC/USDT(0.176%), DOGE/USDT(0.269%), ETH/USDT(0.211%)
2026-03-12 18:02:16 | qs.exploit_gate | INFO  | Gate OPEN | type=TRENDING conf=0.78 | H=0.794(TRENDING) S=0.792 AC=0.242(TRENDING) VR=1.212(TRENDING) | pass_rate=100.0%
2026-03-12 18:02:16 | qs.graveyard | WARNING | BLOCKED by tombstone | similarity=1.01 | pattern_losses=1 | total_lost=$-11.24
2026-03-12 18:02:16 | qs.scalper   | INFO  | GRAVEYARD blocked BTC/USDT LONG (sim=1.01)
2026-03-12 18:02:16 | qs.exploit_gate | INFO  | Gate OPEN | type=TRENDING conf=0.55 | H=0.756(TRENDING) S=0.800 AC=0.147(TRENDING) VR=1.045(NONE) | pass_rate=100.0%
2026-03-12 18:02:16 | qs.graveyard | WARNING | BLOCKED by tombstone | similarity=0.98 | pattern_losses=1 | total_lost=$-11.24
2026-03-12 18:02:16 | qs.scalper   | INFO  | GRAVEYARD blocked DOGE/USDT LONG (sim=0.98)
2026-03-12 18:02:16 | qs.exploit_gate | INFO  | Gate OPEN | type=TRENDING conf=0.82 | H=0.767(TRENDING) S=0.699 AC=0.143(TRENDING) VR=1.173(TRENDING) | pass_rate=100.0%
2026-03-12 18:02:16 | qs.graveyard | WARNING | BLOCKED by tombstone | similarity=0.79 | pattern_losses=1 | total_lost=$-11.24
2026-03-12 18:02:16 | qs.scalper   | INFO  | GRAVEYARD blocked ETH/USDT LONG (sim=0.79)
2026-03-12 18:02:28 | qs.system    | INFO  | Starting Quant Scalper v6 on http://localhost:8000
2026-03-12 18:02:53 | qs.system    | INFO  | Starting bot mode=paper symbols=['BTC/USDT', 'ETH/USDT', 'SOL/USDT', 'BNB/USDT', 'DOGE/USDT', 'XRP/USDT']
2026-03-12 18:02:53 | qs.data      | INFO  | Exchange initialized for BTC/USDT
2026-03-12 18:02:53 | qs.data      | INFO  | Exchange initialized for ETH/USDT
2026-03-12 18:02:53 | qs.data      | INFO  | Exchange initialized for SOL/USDT
2026-03-12 18:02:53 | qs.data      | INFO  | Exchange initialized for BNB/USDT
2026-03-12 18:02:53 | qs.data      | INFO  | Exchange initialized for DOGE/USDT
2026-03-12 18:02:53 | qs.data      | INFO  | Exchange initialized for XRP/USDT
2026-03-12 18:02:53 | qs.graveyard | INFO  | Loaded 3 tombstones from graveyard
2026-03-12 18:02:53 | qs.data      | INFO  | Exchange initialized for BTC/USDT
2026-03-12 18:02:53 | qs.data      | INFO  | Exchange initialized for ETH/USDT
2026-03-12 18:02:53 | qs.data      | INFO  | Exchange initialized for SOL/USDT
2026-03-12 18:02:53 | qs.data      | INFO  | Exchange initialized for BNB/USDT
2026-03-12 18:02:53 | qs.data      | INFO  | Exchange initialized for DOGE/USDT
2026-03-12 18:02:53 | qs.data      | INFO  | Exchange initialized for XRP/USDT
2026-03-12 18:02:54 | qs.volatility | INFO  | Top 3 volatile: BTC/USDT(0.176%), DOGE/USDT(0.269%), ETH/USDT(0.211%)
2026-03-12 18:02:57 | qs.exploit_gate | INFO  | Gate OPEN | type=TRENDING conf=0.78 | H=0.794(TRENDING) S=0.803 AC=0.229(TRENDING) VR=1.198(TRENDING) | pass_rate=100.0%
2026-03-12 18:02:57 | qs.graveyard | WARNING | BLOCKED by tombstone | similarity=0.79 | pattern_losses=1 | total_lost=$-11.24
2026-03-12 18:02:57 | qs.scalper   | INFO  | GRAVEYARD blocked BTC/USDT LONG (sim=0.79)
2026-03-12 18:02:57 | qs.exploit_gate | INFO  | Gate OPEN | type=TRENDING conf=0.55 | H=0.756(TRENDING) S=0.805 AC=0.145(TRENDING) VR=1.042(NONE) | pass_rate=100.0%
2026-03-12 18:02:57 | qs.graveyard | WARNING | BLOCKED by tombstone | similarity=0.80 | pattern_losses=1 | total_lost=$-11.24
2026-03-12 18:02:57 | qs.scalper   | INFO  | GRAVEYARD blocked DOGE/USDT LONG (sim=0.80)
2026-03-12 18:02:57 | qs.exploit_gate | INFO  | Gate OPEN | type=TRENDING conf=0.81 | H=0.768(TRENDING) S=0.712 AC=0.131(TRENDING) VR=1.153(TRENDING) | pass_rate=100.0%
2026-03-12 18:02:58 | qs.system    | INFO  | Starting bot mode=paper symbols=['BTC/USDT', 'ETH/USDT', 'SOL/USDT', 'BNB/USDT', 'DOGE/USDT', 'XRP/USDT']
2026-03-12 18:02:58 | qs.data      | INFO  | Exchange initialized for BTC/USDT
2026-03-12 18:02:58 | qs.data      | INFO  | Exchange initialized for ETH/USDT
2026-03-12 18:02:58 | qs.signal    | INFO  | ACCEPT ETH/USDT LONG grade=C score=0.7 quality=0.660 | {"breakdown": {"technical": 0.924, "ml_confidence": 0.5, "order_flow": 0.572, "volatility": 0.7}}
2026-03-12 18:02:58 | qs.data      | INFO  | Exchange initialized for SOL/USDT
2026-03-12 18:02:58 | qs.asym_risk | INFO  | LONG entry=2078.32 | SL=2053.45(1.20%) TP=2123.09 | RR=1.8 EV=26.7938 ✓ +EV
2026-03-12 18:02:58 | qs.data      | INFO  | Exchange initialized for BNB/USDT
2026-03-12 18:02:58 | qs.risk      | INFO  | Kelly sizing: p=0.74 rr=1.8 kelly_f=0.5985 risk%=0.0500 quality=0.74 size=$804
2026-03-12 18:02:58 | qs.system    | INFO  | Execution attempt symbol=ETH/USDT signal=LONG mode=paper size=804.15
2026-03-12 18:02:58 | qs.data      | INFO  | Exchange initialized for DOGE/USDT
2026-03-12 18:02:58 | qs.data      | INFO  | Exchange initialized for XRP/USDT
2026-03-12 18:02:58 | qs.risk      | WARNING | TRADE_REJECTED | {"symbol": "ETH/USDT", "side": "LONG", "size_usd": 804.15, "reasons": ["portfolio_halted: max_drawdown 17.0% >= 15%"]}
2026-03-12 18:02:58 | qs.order     | INFO  | RISK_REJECT ETH/USDT LONG size=$804.15 price=2078.32 | {"reason": "portfolio_halted: max_drawdown 17.0% >= 15%"}
2026-03-12 18:02:58 | qs.graveyard | INFO  | Loaded 3 tombstones from graveyard
2026-03-12 18:02:58 | qs.data      | INFO  | Exchange initialized for BTC/USDT
2026-03-12 18:02:58 | qs.data      | INFO  | Exchange initialized for ETH/USDT
2026-03-12 18:02:58 | qs.data      | INFO  | Exchange initialized for SOL/USDT
2026-03-12 18:02:58 | qs.data      | INFO  | Exchange initialized for BNB/USDT
2026-03-12 18:02:58 | qs.data      | INFO  | Exchange initialized for DOGE/USDT
2026-03-12 18:02:58 | qs.data      | INFO  | Exchange initialized for XRP/USDT
2026-03-12 18:03:00 | qs.ml        | INFO  | Computing features for training...
2026-03-12 18:03:00 | qs.ml        | INFO  | Trained: val_accuracy=49.5% samples=414 top_features=['bb_width_z', 'macd_z', 'atr_norm']
2026-03-12 18:03:06 | qs.ml        | INFO  | Computing features for training...
2026-03-12 18:03:07 | qs.ml        | INFO  | Trained: val_accuracy=49.5% samples=414 top_features=['bb_width_z', 'macd_z', 'atr_norm']
2026-03-12 18:04:03 | qs.volatility | INFO  | Top 3 volatile: BTC/USDT(0.175%), ETH/USDT(0.214%), DOGE/USDT(0.273%)
2026-03-12 18:04:43 | qs.exploit_gate | INFO  | Gate OPEN | type=TRENDING conf=0.78 | H=0.842(TRENDING) S=0.795 AC=0.224(TRENDING) VR=1.298(TRENDING) | pass_rate=100.0%
2026-03-12 18:04:43 | qs.graveyard | WARNING | BLOCKED by tombstone | similarity=0.89 | pattern_losses=1 | total_lost=$-11.24
2026-03-12 18:04:43 | qs.scalper   | INFO  | GRAVEYARD blocked BTC/USDT LONG (sim=0.89)
2026-03-12 18:04:43 | qs.exploit_gate | INFO  | Gate OPEN | type=TRENDING conf=0.82 | H=0.793(TRENDING) S=0.709 AC=0.132(TRENDING) VR=1.319(TRENDING) | pass_rate=100.0%
2026-03-12 18:04:43 | qs.graveyard | WARNING | BLOCKED by tombstone | similarity=0.75 | pattern_losses=1 | total_lost=$-11.24
2026-03-12 18:04:43 | qs.scalper   | INFO  | GRAVEYARD blocked ETH/USDT LONG (sim=0.75)
2026-03-12 18:04:43 | qs.exploit_gate | INFO  | Gate OPEN | type=TRENDING conf=0.78 | H=0.772(TRENDING) S=0.805 AC=0.153(TRENDING) VR=1.152(TRENDING) | pass_rate=100.0%
2026-03-12 18:04:43 | qs.graveyard | WARNING | BLOCKED by tombstone | similarity=0.89 | pattern_losses=1 | total_lost=$-11.24
2026-03-12 18:04:43 | qs.scalper   | INFO  | GRAVEYARD blocked DOGE/USDT LONG (sim=0.89)
2026-03-12 18:05:13 | qs.volatility | INFO  | Top 3 volatile: BTC/USDT(0.175%), ETH/USDT(0.214%), DOGE/USDT(0.273%)
2026-03-12 18:05:19 | qs.exploit_gate | INFO  | Gate OPEN | type=TRENDING conf=0.78 | H=0.844(TRENDING) S=0.794 AC=0.234(TRENDING) VR=1.360(TRENDING) | pass_rate=100.0%
2026-03-12 18:05:19 | qs.graveyard | WARNING | BLOCKED by tombstone | similarity=0.80 | pattern_losses=1 | total_lost=$-11.24
2026-03-12 18:05:19 | qs.scalper   | INFO  | GRAVEYARD blocked BTC/USDT LONG (sim=0.80)
2026-03-12 18:05:19 | qs.exploit_gate | INFO  | Gate OPEN | type=TRENDING conf=0.82 | H=0.798(TRENDING) S=0.707 AC=0.131(TRENDING) VR=1.282(TRENDING) | pass_rate=100.0%
2026-03-12 18:05:19 | qs.graveyard | WARNING | BLOCKED by tombstone | similarity=0.87 | pattern_losses=1 | total_lost=$-11.24
2026-03-12 18:05:19 | qs.scalper   | INFO  | GRAVEYARD blocked ETH/USDT LONG (sim=0.87)
2026-03-12 18:05:19 | qs.exploit_gate | INFO  | Gate OPEN | type=TRENDING conf=0.78 | H=0.776(TRENDING) S=0.805 AC=0.151(TRENDING) VR=1.130(TRENDING) | pass_rate=100.0%
2026-03-12 18:05:19 | qs.graveyard | WARNING | BLOCKED by tombstone | similarity=0.96 | pattern_losses=1 | total_lost=$-11.24
2026-03-12 18:05:19 | qs.scalper   | INFO  | GRAVEYARD blocked DOGE/USDT LONG (sim=0.96)
2026-03-12 18:05:49 | qs.volatility | INFO  | Top 3 volatile: BTC/USDT(0.175%), ETH/USDT(0.214%), DOGE/USDT(0.273%)
2026-03-12 18:05:54 | qs.exploit_gate | INFO  | Gate OPEN | type=TRENDING conf=0.78 | H=0.844(TRENDING) S=0.798 AC=0.240(TRENDING) VR=1.337(TRENDING) | pass_rate=100.0%
2026-03-12 18:05:54 | qs.graveyard | WARNING | BLOCKED by tombstone | similarity=0.98 | pattern_losses=1 | total_lost=$-11.24
2026-03-12 18:05:54 | qs.scalper   | INFO  | GRAVEYARD blocked BTC/USDT LONG (sim=0.98)
2026-03-12 18:05:54 | qs.exploit_gate | INFO  | Gate OPEN | type=TRENDING conf=0.82 | H=0.797(TRENDING) S=0.707 AC=0.135(TRENDING) VR=1.279(TRENDING) | pass_rate=100.0%
2026-03-12 18:05:55 | qs.signal    | INFO  | ACCEPT ETH/USDT LONG grade=C score=0.5 quality=0.535 | {"breakdown": {"technical": 0.799, "ml_confidence": 0.5, "order_flow": 0.103, "volatility": 0.7}}
2026-03-12 18:05:55 | qs.asym_risk | INFO  | LONG entry=2076.40 | SL=2053.46(1.10%) TP=2117.69 | RR=1.8 EV=16.6968 ✓ +EV
2026-03-12 18:05:55 | qs.risk      | INFO  | Kelly sizing: p=0.62 rr=1.8 kelly_f=0.4044 risk%=0.0500 quality=0.62 size=$871
2026-03-12 18:05:55 | qs.system    | INFO  | Execution attempt symbol=ETH/USDT signal=LONG mode=paper size=871.12
2026-03-12 18:05:55 | qs.order     | INFO  | PAPER_FILL ETH/USDT LONG size=$871.12 price=2076.82 | {"slippage_bps": 2.0, "grade": "C"}
2026-03-12 18:05:55 | qs.system    | INFO  | ENTRY ETH/USDT LONG q=0.617 gate=TRENDING(0.82) RR=1.8 EV=16.6968 $871
2026-03-12 18:06:25 | qs.volatility | INFO  | Top 3 volatile: BTC/USDT(0.175%), ETH/USDT(0.214%), DOGE/USDT(0.273%)
2026-03-12 18:06:28 | qs.exploit_gate | INFO  | Gate OPEN | type=TRENDING conf=0.78 | H=0.852(TRENDING) S=0.797 AC=0.240(TRENDING) VR=1.347(TRENDING) | pass_rate=100.0%
2026-03-12 18:06:28 | qs.graveyard | WARNING | BLOCKED by tombstone | similarity=0.89 | pattern_losses=1 | total_lost=$-11.24
2026-03-12 18:06:28 | qs.scalper   | INFO  | GRAVEYARD blocked BTC/USDT LONG (sim=0.89)
2026-03-12 18:06:28 | qs.exploit_gate | INFO  | Gate OPEN | type=TRENDING conf=0.82 | H=0.798(TRENDING) S=0.707 AC=0.136(TRENDING) VR=1.281(TRENDING) | pass_rate=100.0%
2026-03-12 18:06:28 | qs.graveyard | WARNING | BLOCKED by tombstone | similarity=0.92 | pattern_losses=1 | total_lost=$-11.24
2026-03-12 18:06:28 | qs.scalper   | INFO  | GRAVEYARD blocked ETH/USDT LONG (sim=0.92)
2026-03-12 18:06:28 | qs.exploit_gate | INFO  | Gate OPEN | type=TRENDING conf=0.78 | H=0.786(TRENDING) S=0.809 AC=0.151(TRENDING) VR=1.121(TRENDING) | pass_rate=100.0%
2026-03-12 18:06:58 | qs.volatility | INFO  | Top 3 volatile: BTC/USDT(0.175%), ETH/USDT(0.214%), DOGE/USDT(0.273%)
2026-03-12 18:07:04 | qs.exploit_gate | INFO  | Gate OPEN | type=TRENDING conf=0.78 | H=0.852(TRENDING) S=0.798 AC=0.243(TRENDING) VR=1.345(TRENDING) | pass_rate=100.0%
2026-03-12 18:07:04 | qs.graveyard | WARNING | BLOCKED by tombstone | similarity=0.79 | pattern_losses=1 | total_lost=$-11.24
2026-03-12 18:07:04 | qs.scalper   | INFO  | GRAVEYARD blocked BTC/USDT LONG (sim=0.79)
2026-03-12 18:07:04 | qs.exploit_gate | INFO  | Gate OPEN | type=TRENDING conf=0.82 | H=0.798(TRENDING) S=0.707 AC=0.138(TRENDING) VR=1.280(TRENDING) | pass_rate=100.0%
2026-03-12 18:07:04 | qs.graveyard | WARNING | BLOCKED by tombstone | similarity=0.87 | pattern_losses=1 | total_lost=$-11.24
2026-03-12 18:07:04 | qs.scalper   | INFO  | GRAVEYARD blocked ETH/USDT LONG (sim=0.88)
2026-03-12 18:07:04 | qs.exploit_gate | INFO  | Gate OPEN | type=TRENDING conf=0.78 | H=0.786(TRENDING) S=0.804 AC=0.152(TRENDING) VR=1.128(TRENDING) | pass_rate=100.0%
2026-03-12 18:07:04 | qs.graveyard | WARNING | BLOCKED by tombstone | similarity=0.85 | pattern_losses=1 | total_lost=$-11.24
2026-03-12 18:07:04 | qs.scalper   | INFO  | GRAVEYARD blocked DOGE/USDT LONG (sim=0.85)
2026-03-12 18:07:44 | qs.volatility | INFO  | Top 3 volatile: DOGE/USDT(0.282%), ETH/USDT(0.206%), BTC/USDT(0.167%)
2026-03-12 18:07:50 | qs.exploit_gate | INFO  | Gate OPEN | type=TRENDING conf=0.78 | H=0.768(TRENDING) S=0.804 AC=0.150(TRENDING) VR=1.136(TRENDING) | pass_rate=100.0%
2026-03-12 18:07:50 | qs.graveyard | WARNING | BLOCKED by tombstone | similarity=0.86 | pattern_losses=1 | total_lost=$-11.24
2026-03-12 18:07:50 | qs.scalper   | INFO  | GRAVEYARD blocked DOGE/USDT LONG (sim=0.86)
2026-03-12 18:07:50 | qs.exploit_gate | INFO  | Gate OPEN | type=TRENDING conf=0.82 | H=0.787(TRENDING) S=0.707 AC=0.138(TRENDING) VR=1.281(TRENDING) | pass_rate=100.0%
2026-03-12 18:07:50 | qs.graveyard | WARNING | BLOCKED by tombstone | similarity=0.87 | pattern_losses=1 | total_lost=$-11.24
2026-03-12 18:07:50 | qs.scalper   | INFO  | GRAVEYARD blocked ETH/USDT LONG (sim=0.87)
2026-03-12 18:07:50 | qs.exploit_gate | INFO  | Gate OPEN | type=TRENDING conf=0.78 | H=0.838(TRENDING) S=0.798 AC=0.243(TRENDING) VR=1.353(TRENDING) | pass_rate=100.0%
2026-03-12 18:07:50 | qs.graveyard | WARNING | BLOCKED by tombstone | similarity=0.83 | pattern_losses=1 | total_lost=$-11.24
2026-03-12 18:07:50 | qs.scalper   | INFO  | GRAVEYARD blocked BTC/USDT LONG (sim=0.83)
2026-03-12 18:08:24 | qs.volatility | INFO  | Top 3 volatile: DOGE/USDT(0.282%), ETH/USDT(0.206%), BTC/USDT(0.167%)
2026-03-12 18:08:29 | qs.exploit_gate | INFO  | Gate OPEN | type=TRENDING conf=0.78 | H=0.774(TRENDING) S=0.798 AC=0.158(TRENDING) VR=1.155(TRENDING) | pass_rate=100.0%
2026-03-12 18:08:29 | qs.exploit_gate | INFO  | Gate OPEN | type=TRENDING conf=0.81 | H=0.805(TRENDING) S=0.712 AC=0.140(TRENDING) VR=1.284(TRENDING) | pass_rate=100.0%
2026-03-12 18:08:29 | qs.graveyard | WARNING | BLOCKED by tombstone | similarity=0.88 | pattern_losses=1 | total_lost=$-1.56
2026-03-12 18:08:29 | qs.scalper   | INFO  | GRAVEYARD blocked ETH/USDT LONG (sim=0.88)
2026-03-12 18:08:29 | qs.exploit_gate | INFO  | Gate OPEN | type=TRENDING conf=0.78 | H=0.859(TRENDING) S=0.798 AC=0.242(TRENDING) VR=1.356(TRENDING) | pass_rate=100.0%
2026-03-12 18:08:59 | qs.volatility | INFO  | Top 3 volatile: DOGE/USDT(0.282%), ETH/USDT(0.206%), BTC/USDT(0.167%)
2026-03-12 18:09:04 | qs.exploit_gate | INFO  | Gate OPEN | type=TRENDING conf=0.78 | H=0.793(TRENDING) S=0.799 AC=0.155(TRENDING) VR=1.162(TRENDING) | pass_rate=100.0%
2026-03-12 18:09:04 | qs.exploit_gate | INFO  | Gate OPEN | type=TRENDING conf=0.82 | H=0.805(TRENDING) S=0.710 AC=0.138(TRENDING) VR=1.283(TRENDING) | pass_rate=100.0%
2026-03-12 18:09:04 | qs.graveyard | WARNING | BLOCKED by tombstone | similarity=0.87 | pattern_losses=1 | total_lost=$-1.56
2026-03-12 18:09:04 | qs.scalper   | INFO  | GRAVEYARD blocked ETH/USDT LONG (sim=0.87)
2026-03-12 18:09:04 | qs.exploit_gate | INFO  | Gate OPEN | type=TRENDING conf=0.78 | H=0.859(TRENDING) S=0.798 AC=0.244(TRENDING) VR=1.356(TRENDING) | pass_rate=100.0%
2026-03-12 18:09:04 | qs.graveyard | WARNING | BLOCKED by tombstone | similarity=0.78 | pattern_losses=1 | total_lost=$-11.24
2026-03-12 18:09:04 | qs.scalper   | INFO  | GRAVEYARD blocked BTC/USDT LONG (sim=0.78)
2026-03-12 18:09:34 | qs.volatility | INFO  | Top 3 volatile: DOGE/USDT(0.282%), ETH/USDT(0.206%), BTC/USDT(0.167%)
2026-03-12 18:09:38 | qs.exploit_gate | INFO  | Gate OPEN | type=TRENDING conf=0.78 | H=0.793(TRENDING) S=0.799 AC=0.154(TRENDING) VR=1.160(TRENDING) | pass_rate=100.0%
2026-03-12 18:09:38 | qs.exploit_gate | INFO  | Gate OPEN | type=TRENDING conf=0.82 | H=0.808(TRENDING) S=0.703 AC=0.149(TRENDING) VR=1.303(TRENDING) | pass_rate=100.0%
2026-03-12 18:09:38 | qs.graveyard | WARNING | BLOCKED by tombstone | similarity=0.88 | pattern_losses=1 | total_lost=$-1.56
2026-03-12 18:09:38 | qs.scalper   | INFO  | GRAVEYARD blocked ETH/USDT LONG (sim=0.88)
2026-03-12 18:09:38 | qs.exploit_gate | INFO  | Gate OPEN | type=TRENDING conf=0.78 | H=0.865(TRENDING) S=0.794 AC=0.252(TRENDING) VR=1.364(TRENDING) | pass_rate=100.0%
2026-03-12 18:09:38 | qs.graveyard | WARNING | BLOCKED by tombstone | similarity=0.95 | pattern_losses=1 | total_lost=$-11.24
2026-03-12 18:09:38 | qs.scalper   | INFO  | GRAVEYARD blocked BTC/USDT LONG (sim=0.95)
2026-03-12 18:10:08 | qs.volatility | INFO  | Top 3 volatile: DOGE/USDT(0.282%), ETH/USDT(0.206%), BTC/USDT(0.167%)
2026-03-12 18:10:12 | qs.exploit_gate | INFO  | Gate OPEN | type=TRENDING conf=0.78 | H=0.798(TRENDING) S=0.809 AC=0.148(TRENDING) VR=1.146(TRENDING) | pass_rate=100.0%
2026-03-12 18:10:12 | qs.graveyard | WARNING | BLOCKED by tombstone | similarity=0.99 | pattern_losses=1 | total_lost=$-11.24
2026-03-12 18:10:12 | qs.scalper   | INFO  | GRAVEYARD blocked DOGE/USDT LONG (sim=0.99)
2026-03-12 18:10:12 | qs.exploit_gate | INFO  | Gate OPEN | type=TRENDING conf=0.82 | H=0.832(TRENDING) S=0.703 AC=0.155(TRENDING) VR=1.303(TRENDING) | pass_rate=100.0%
2026-03-12 18:10:12 | qs.graveyard | WARNING | BLOCKED by tombstone | similarity=0.91 | pattern_losses=1 | total_lost=$-7.37
2026-03-12 18:10:12 | qs.scalper   | INFO  | GRAVEYARD blocked ETH/USDT LONG (sim=0.91)
2026-03-12 18:10:12 | qs.exploit_gate | INFO  | Gate OPEN | type=TRENDING conf=0.78 | H=0.879(TRENDING) S=0.801 AC=0.246(TRENDING) VR=1.333(TRENDING) | pass_rate=100.0%
2026-03-12 18:10:12 | qs.graveyard | WARNING | BLOCKED by tombstone | similarity=0.77 | pattern_losses=1 | total_lost=$-11.24
2026-03-12 18:10:12 | qs.scalper   | INFO  | GRAVEYARD blocked BTC/USDT LONG (sim=0.77)
2026-03-12 18:10:44 | qs.volatility | INFO  | Top 3 volatile: DOGE/USDT(0.269%), ETH/USDT(0.195%), BTC/USDT(0.164%)
2026-03-12 18:10:48 | qs.exploit_gate | INFO  | Gate OPEN | type=TRENDING conf=0.77 | H=0.797(TRENDING) S=0.817 AC=0.159(TRENDING) VR=1.131(TRENDING) | pass_rate=100.0%
2026-03-12 18:10:48 | qs.graveyard | WARNING | BLOCKED by tombstone | similarity=0.96 | pattern_losses=1 | total_lost=$-11.24
2026-03-12 18:10:48 | qs.scalper   | INFO  | GRAVEYARD blocked DOGE/USDT LONG (sim=0.96)
2026-03-12 18:10:48 | qs.exploit_gate | INFO  | Gate OPEN | type=TRENDING conf=0.81 | H=0.833(TRENDING) S=0.715 AC=0.158(TRENDING) VR=1.284(TRENDING) | pass_rate=100.0%
2026-03-12 18:10:48 | qs.graveyard | WARNING | BLOCKED by tombstone | similarity=0.85 | pattern_losses=1 | total_lost=$-1.56
2026-03-12 18:10:48 | qs.scalper   | INFO  | GRAVEYARD blocked ETH/USDT LONG (sim=0.85)
2026-03-12 18:10:48 | qs.exploit_gate | INFO  | Gate OPEN | type=TRENDING conf=0.78 | H=0.880(TRENDING) S=0.805 AC=0.263(TRENDING) VR=1.331(TRENDING) | pass_rate=100.0%
2026-03-12 18:10:48 | qs.graveyard | WARNING | BLOCKED by tombstone | similarity=0.76 | pattern_losses=1 | total_lost=$-11.24
2026-03-12 18:10:48 | qs.scalper   | INFO  | GRAVEYARD blocked BTC/USDT LONG (sim=0.76)
2026-03-12 18:11:18 | qs.volatility | INFO  | Top 3 volatile: DOGE/USDT(0.269%), ETH/USDT(0.195%), BTC/USDT(0.164%)
2026-03-12 18:11:23 | qs.exploit_gate | INFO  | Gate OPEN | type=TRENDING conf=0.78 | H=0.808(TRENDING) S=0.804 AC=0.150(TRENDING) VR=1.149(TRENDING) | pass_rate=100.0%
2026-03-12 18:11:23 | qs.graveyard | WARNING | BLOCKED by tombstone | similarity=1.00 | pattern_losses=1 | total_lost=$-11.24
2026-03-12 18:11:23 | qs.scalper   | INFO  | GRAVEYARD blocked DOGE/USDT LONG (sim=1.00)
2026-03-12 18:11:23 | qs.exploit_gate | INFO  | Gate OPEN | type=TRENDING conf=0.82 | H=0.813(TRENDING) S=0.710 AC=0.162(TRENDING) VR=1.303(TRENDING) | pass_rate=100.0%
2026-03-12 18:11:23 | qs.graveyard | WARNING | BLOCKED by tombstone | similarity=0.94 | pattern_losses=1 | total_lost=$-7.37
2026-03-12 18:11:23 | qs.scalper   | INFO  | GRAVEYARD blocked ETH/USDT LONG (sim=0.94)
2026-03-12 18:11:23 | qs.exploit_gate | INFO  | Gate OPEN | type=TRENDING conf=0.78 | H=0.860(TRENDING) S=0.797 AC=0.252(TRENDING) VR=1.348(TRENDING) | pass_rate=100.0%
2026-03-12 18:11:23 | qs.graveyard | WARNING | BLOCKED by tombstone | similarity=0.85 | pattern_losses=1 | total_lost=$-11.24
2026-03-12 18:11:23 | qs.scalper   | INFO  | GRAVEYARD blocked BTC/USDT LONG (sim=0.85)
2026-03-12 18:11:53 | qs.volatility | INFO  | Top 3 volatile: DOGE/USDT(0.269%), ETH/USDT(0.195%), BTC/USDT(0.164%)
2026-03-12 18:11:57 | qs.exploit_gate | INFO  | Gate OPEN | type=TRENDING conf=0.78 | H=0.808(TRENDING) S=0.809 AC=0.150(TRENDING) VR=1.147(TRENDING) | pass_rate=100.0%
2026-03-12 18:11:57 | qs.graveyard | WARNING | BLOCKED by tombstone | similarity=0.97 | pattern_losses=1 | total_lost=$-11.24
2026-03-12 18:11:57 | qs.scalper   | INFO  | GRAVEYARD blocked DOGE/USDT LONG (sim=0.97)
2026-03-12 18:11:57 | qs.exploit_gate | INFO  | Gate OPEN | type=TRENDING conf=0.82 | H=0.812(TRENDING) S=0.705 AC=0.160(TRENDING) VR=1.306(TRENDING) | pass_rate=100.0%
2026-03-12 18:11:57 | qs.graveyard | WARNING | BLOCKED by tombstone | similarity=0.88 | pattern_losses=1 | total_lost=$-1.56
2026-03-12 18:11:57 | qs.scalper   | INFO  | GRAVEYARD blocked ETH/USDT LONG (sim=0.88)
2026-03-12 18:11:57 | qs.exploit_gate | INFO  | Gate OPEN | type=TRENDING conf=0.78 | H=0.860(TRENDING) S=0.797 AC=0.252(TRENDING) VR=1.347(TRENDING) | pass_rate=100.0%
2026-03-12 18:11:58 | qs.signal    | INFO  | ACCEPT BTC/USDT LONG grade=C score=0.7 quality=0.714 | {"breakdown": {"technical": 0.799, "ml_confidence": 0.5, "order_flow": 0.995, "volatility": 0.7}}
2026-03-12 18:11:58 | qs.asym_risk | INFO  | LONG entry=70271.60 | SL=70072.57(0.28%) TP=70629.85 | RR=1.8 EV=242.2829 ✓ +EV
2026-03-12 18:11:58 | qs.risk      | INFO  | Kelly sizing: p=0.79 rr=1.8 kelly_f=0.6763 risk%=0.0500 quality=0.79 size=$1837
2026-03-12 18:11:58 | qs.system    | INFO  | Execution attempt symbol=BTC/USDT signal=LONG mode=paper size=1836.65
2026-03-12 18:11:58 | qs.risk      | WARNING | TRADE_REJECTED | {"symbol": "BTC/USDT", "side": "LONG", "size_usd": 1836.65, "reasons": ["asset_exposure 95.0% > 95%"]}
2026-03-12 18:11:58 | qs.order     | INFO  | RISK_REJECT BTC/USDT LONG size=$1836.65 price=70271.60 | {"reason": "asset_exposure 95.0% > 95%"}
2026-03-12 18:12:28 | qs.volatility | INFO  | Top 3 volatile: DOGE/USDT(0.269%), ETH/USDT(0.195%), BTC/USDT(0.164%)
2026-03-12 18:12:33 | qs.exploit_gate | INFO  | Gate OPEN | type=TRENDING conf=0.78 | H=0.782(TRENDING) S=0.808 AC=0.147(TRENDING) VR=1.147(TRENDING) | pass_rate=100.0%
2026-03-12 18:12:33 | qs.graveyard | WARNING | BLOCKED by tombstone | similarity=0.96 | pattern_losses=1 | total_lost=$-11.24
2026-03-12 18:12:33 | qs.scalper   | INFO  | GRAVEYARD blocked DOGE/USDT LONG (sim=0.96)
2026-03-12 18:12:33 | qs.exploit_gate | INFO  | Gate OPEN | type=TRENDING conf=0.81 | H=0.814(TRENDING) S=0.712 AC=0.155(TRENDING) VR=1.295(TRENDING) | pass_rate=100.0%
2026-03-12 18:12:33 | qs.graveyard | WARNING | BLOCKED by tombstone | similarity=0.86 | pattern_losses=1 | total_lost=$-7.37
2026-03-12 18:12:33 | qs.scalper   | INFO  | GRAVEYARD blocked ETH/USDT LONG (sim=0.86)
2026-03-12 18:12:33 | qs.exploit_gate | INFO  | Gate OPEN | type=TRENDING conf=0.78 | H=0.851(TRENDING) S=0.801 AC=0.249(TRENDING) VR=1.356(TRENDING) | pass_rate=100.0%
2026-03-12 18:12:33 | qs.graveyard | WARNING | BLOCKED by tombstone | similarity=0.76 | pattern_losses=1 | total_lost=$-11.24
2026-03-12 18:12:33 | qs.scalper   | INFO  | GRAVEYARD blocked BTC/USDT LONG (sim=0.76)
2026-03-12 18:13:03 | qs.volatility | INFO  | Top 3 volatile: DOGE/USDT(0.269%), ETH/USDT(0.195%), BTC/USDT(0.164%)
2026-03-12 18:13:09 | qs.exploit_gate | INFO  | Gate OPEN | type=TRENDING conf=0.78 | H=0.782(TRENDING) S=0.807 AC=0.151(TRENDING) VR=1.158(TRENDING) | pass_rate=100.0%
2026-03-12 18:13:09 | qs.graveyard | WARNING | BLOCKED by tombstone | similarity=1.00 | pattern_losses=1 | total_lost=$-11.24
2026-03-12 18:13:09 | qs.scalper   | INFO  | GRAVEYARD blocked DOGE/USDT LONG (sim=0.99)
2026-03-12 18:13:09 | qs.exploit_gate | INFO  | Gate OPEN | type=TRENDING conf=0.81 | H=0.804(TRENDING) S=0.712 AC=0.160(TRENDING) VR=1.310(TRENDING) | pass_rate=100.0%
2026-03-12 18:13:09 | qs.graveyard | WARNING | BLOCKED by tombstone | similarity=0.86 | pattern_losses=1 | total_lost=$-1.56
2026-03-12 18:13:09 | qs.scalper   | INFO  | GRAVEYARD blocked ETH/USDT LONG (sim=0.86)
2026-03-12 18:13:09 | qs.exploit_gate | INFO  | Gate OPEN | type=TRENDING conf=0.78 | H=0.851(TRENDING) S=0.805 AC=0.256(TRENDING) VR=1.363(TRENDING) | pass_rate=100.0%
2026-03-12 18:13:09 | qs.graveyard | WARNING | BLOCKED by tombstone | similarity=0.85 | pattern_losses=1 | total_lost=$-11.24
2026-03-12 18:13:09 | qs.scalper   | INFO  | GRAVEYARD blocked BTC/USDT LONG (sim=0.85)
2026-03-12 18:13:47 | qs.volatility | INFO  | Top 3 volatile: DOGE/USDT(0.256%), ETH/USDT(0.192%), BTC/USDT(0.158%)
2026-03-12 18:13:52 | qs.exploit_gate | INFO  | Gate OPEN | type=TRENDING conf=0.78 | H=0.782(TRENDING) S=0.807 AC=0.151(TRENDING) VR=1.157(TRENDING) | pass_rate=100.0%
2026-03-12 18:13:52 | qs.graveyard | WARNING | BLOCKED by tombstone | similarity=0.93 | pattern_losses=1 | total_lost=$-11.24
2026-03-12 18:13:52 | qs.scalper   | INFO  | GRAVEYARD blocked DOGE/USDT LONG (sim=0.93)
2026-03-12 18:13:52 | qs.exploit_gate | INFO  | Gate OPEN | type=TRENDING conf=0.81 | H=0.804(TRENDING) S=0.714 AC=0.161(TRENDING) VR=1.296(TRENDING) | pass_rate=100.0%
2026-03-12 18:13:52 | qs.graveyard | WARNING | BLOCKED by tombstone | similarity=0.86 | pattern_losses=1 | total_lost=$-1.56
2026-03-12 18:13:52 | qs.scalper   | INFO  | GRAVEYARD blocked ETH/USDT LONG (sim=0.86)
2026-03-12 18:13:52 | qs.exploit_gate | INFO  | Gate OPEN | type=TRENDING conf=0.78 | H=0.846(TRENDING) S=0.800 AC=0.255(TRENDING) VR=1.385(TRENDING) | pass_rate=100.0%
2026-03-12 18:13:52 | qs.graveyard | WARNING | BLOCKED by tombstone | similarity=0.87 | pattern_losses=1 | total_lost=$-11.24
2026-03-12 18:13:52 | qs.scalper   | INFO  | GRAVEYARD blocked BTC/USDT LONG (sim=0.87)
2026-03-12 18:14:22 | qs.volatility | INFO  | Top 3 volatile: DOGE/USDT(0.256%), ETH/USDT(0.192%), BTC/USDT(0.158%)
2026-03-12 18:14:25 | qs.exploit_gate | INFO  | Gate OPEN | type=TRENDING conf=0.78 | H=0.786(TRENDING) S=0.808 AC=0.147(TRENDING) VR=1.153(TRENDING) | pass_rate=100.0%
2026-03-12 18:14:25 | qs.graveyard | WARNING | BLOCKED by tombstone | similarity=0.99 | pattern_losses=1 | total_lost=$-11.24
2026-03-12 18:14:25 | qs.scalper   | INFO  | GRAVEYARD blocked DOGE/USDT LONG (sim=0.99)
2026-03-12 18:14:25 | qs.exploit_gate | INFO  | Gate OPEN | type=TRENDING conf=0.81 | H=0.813(TRENDING) S=0.714 AC=0.161(TRENDING) VR=1.299(TRENDING) | pass_rate=100.0%
2026-03-12 18:14:25 | qs.graveyard | WARNING | BLOCKED by tombstone | similarity=0.87 | pattern_losses=1 | total_lost=$-1.56
2026-03-12 18:14:25 | qs.scalper   | INFO  | GRAVEYARD blocked ETH/USDT LONG (sim=0.87)
2026-03-12 18:14:25 | qs.exploit_gate | INFO  | Gate OPEN | type=TRENDING conf=0.78 | H=0.840(TRENDING) S=0.803 AC=0.249(TRENDING) VR=1.372(TRENDING) | pass_rate=100.0%
2026-03-12 18:14:25 | qs.graveyard | WARNING | BLOCKED by tombstone | similarity=0.85 | pattern_losses=1 | total_lost=$-11.24
2026-03-12 18:14:25 | qs.scalper   | INFO  | GRAVEYARD blocked BTC/USDT LONG (sim=0.85)
2026-03-12 18:14:55 | qs.volatility | INFO  | Top 3 volatile: DOGE/USDT(0.256%), ETH/USDT(0.192%), BTC/USDT(0.158%)
2026-03-12 18:15:01 | qs.exploit_gate | INFO  | Gate OPEN | type=TRENDING conf=0.78 | H=0.786(TRENDING) S=0.808 AC=0.145(TRENDING) VR=1.152(TRENDING) | pass_rate=100.0%
2026-03-12 18:15:01 | qs.graveyard | WARNING | BLOCKED by tombstone | similarity=0.98 | pattern_losses=1 | total_lost=$-11.24
2026-03-12 18:15:01 | qs.scalper   | INFO  | GRAVEYARD blocked DOGE/USDT LONG (sim=0.98)
2026-03-12 18:15:01 | qs.exploit_gate | INFO  | Gate OPEN | type=TRENDING conf=0.81 | H=0.813(TRENDING) S=0.717 AC=0.157(TRENDING) VR=1.298(TRENDING) | pass_rate=100.0%
2026-03-12 18:15:01 | qs.graveyard | WARNING | BLOCKED by tombstone | similarity=0.93 | pattern_losses=1 | total_lost=$-7.37
2026-03-12 18:15:01 | qs.scalper   | INFO  | GRAVEYARD blocked ETH/USDT LONG (sim=0.93)
2026-03-12 18:15:01 | qs.exploit_gate | INFO  | Gate OPEN | type=TRENDING conf=0.78 | H=0.840(TRENDING) S=0.803 AC=0.249(TRENDING) VR=1.372(TRENDING) | pass_rate=100.0%
2026-03-12 18:15:01 | qs.graveyard | WARNING | BLOCKED by tombstone | similarity=0.98 | pattern_losses=1 | total_lost=$-11.24
2026-03-12 18:15:01 | qs.scalper   | INFO  | GRAVEYARD blocked BTC/USDT LONG (sim=0.98)
2026-03-12 18:15:31 | qs.volatility | INFO  | Top 3 volatile: DOGE/USDT(0.256%), ETH/USDT(0.192%), BTC/USDT(0.158%)
2026-03-12 18:15:34 | qs.exploit_gate | INFO  | Gate OPEN | type=TRENDING conf=0.77 | H=0.809(TRENDING) S=0.817 AC=0.151(TRENDING) VR=1.119(TRENDING) | pass_rate=100.0%
2026-03-12 18:15:34 | qs.signal    | INFO  | ACCEPT DOGE/USDT LONG grade=C score=0.7 quality=0.659 | {"breakdown": {"technical": 0.924, "ml_confidence": 0.5, "order_flow": 0.564, "volatility": 0.7}}
2026-03-12 18:15:34 | qs.asym_risk | INFO  | LONG entry=0.10 | SL=0.10(0.48%) TP=0.10 | RR=1.8 EV=0.0005 ✓ +EV
2026-03-12 18:15:34 | qs.risk      | INFO  | Kelly sizing: p=0.74 rr=1.8 kelly_f=0.5895 risk%=0.0500 quality=0.74 size=$1915
2026-03-12 18:15:34 | qs.system    | INFO  | Execution attempt symbol=DOGE/USDT signal=LONG mode=paper size=1914.58
2026-03-12 18:15:34 | qs.order     | INFO  | PAPER_FILL DOGE/USDT LONG size=$1914.58 price=0.10 | {"slippage_bps": 2.0, "grade": "C"}
2026-03-12 18:15:34 | qs.system    | INFO  | ENTRY DOGE/USDT LONG q=0.736 gate=TRENDING(0.77) RR=1.8 EV=0.0005 $1915
2026-03-12 18:16:04 | qs.volatility | INFO  | Top 3 volatile: DOGE/USDT(0.256%), ETH/USDT(0.192%), BTC/USDT(0.158%)
2026-03-12 18:16:07 | qs.graveyard | INFO  | New tombstone buried | loss=$-1.38 | total=4
2026-03-12 18:16:07 | qs.exploit_gate | INFO  | Gate OPEN | type=TRENDING conf=0.78 | H=0.803(TRENDING) S=0.814 AC=0.156(TRENDING) VR=1.147(TRENDING) | pass_rate=100.0%
2026-03-12 18:16:07 | qs.graveyard | WARNING | BLOCKED by tombstone | similarity=0.99 | pattern_losses=1 | total_lost=$-11.24
2026-03-12 18:16:07 | qs.scalper   | INFO  | GRAVEYARD blocked DOGE/USDT LONG (sim=0.99)
2026-03-12 18:16:08 | qs.exploit_gate | INFO  | Gate OPEN | type=TRENDING conf=0.81 | H=0.815(TRENDING) S=0.728 AC=0.157(TRENDING) VR=1.217(TRENDING) | pass_rate=100.0%
2026-03-12 18:16:08 | qs.signal    | INFO  | ACCEPT ETH/USDT LONG grade=C score=0.7 quality=0.690 | {"breakdown": {"technical": 0.839, "ml_confidence": 0.5, "order_flow": 0.977, "volatility": 0.55}}
2026-03-12 18:16:08 | qs.asym_risk | INFO  | LONG entry=2086.89 | SL=2076.18(0.51%) TP=2106.17 | RR=1.8 EV=12.4106 ✓ +EV
2026-03-12 18:16:08 | qs.risk      | INFO  | Kelly sizing: p=0.64 rr=1.8 kelly_f=-0.1364 risk%=0.0050 quality=0.77 size=$191
2026-03-12 18:16:08 | qs.system    | INFO  | Execution attempt symbol=ETH/USDT signal=LONG mode=paper size=191.13
2026-03-12 18:16:08 | qs.order     | INFO  | PAPER_FILL ETH/USDT LONG size=$191.13 price=2087.31 | {"slippage_bps": 2.0, "grade": "B"}
2026-03-12 18:16:08 | qs.system    | INFO  | ENTRY ETH/USDT LONG q=0.771 gate=TRENDING(0.81) RR=1.8 EV=12.4106 $191
2026-03-12 18:16:40 | qs.volatility | INFO  | Top 3 volatile: ETH/USDT(0.227%), DOGE/USDT(0.266%), BTC/USDT(0.174%)
2026-03-12 18:16:44 | qs.exploit_gate | INFO  | Gate OPEN | type=TRENDING conf=0.81 | H=0.826(TRENDING) S=0.728 AC=0.159(TRENDING) VR=1.218(TRENDING) | pass_rate=100.0%
2026-03-12 18:16:44 | qs.exploit_gate | INFO  | Gate OPEN | type=TRENDING conf=0.78 | H=0.804(TRENDING) S=0.809 AC=0.149(TRENDING) VR=1.152(TRENDING) | pass_rate=100.0%
2026-03-12 18:16:44 | qs.graveyard | WARNING | BLOCKED by tombstone | similarity=0.94 | pattern_losses=1 | total_lost=$-11.24
2026-03-12 18:16:44 | qs.scalper   | INFO  | GRAVEYARD blocked DOGE/USDT LONG (sim=0.94)
2026-03-12 18:16:44 | qs.exploit_gate | INFO  | Gate OPEN | type=TRENDING conf=0.78 | H=0.855(TRENDING) S=0.807 AC=0.243(TRENDING) VR=1.361(TRENDING) | pass_rate=100.0%
2026-03-12 18:16:44 | qs.graveyard | WARNING | BLOCKED by tombstone | similarity=0.87 | pattern_losses=1 | total_lost=$-11.24
2026-03-12 18:16:44 | qs.scalper   | INFO  | GRAVEYARD blocked BTC/USDT LONG (sim=0.87)
2026-03-12 18:17:14 | qs.volatility | INFO  | Top 3 volatile: ETH/USDT(0.227%), DOGE/USDT(0.266%), BTC/USDT(0.174%)
2026-03-12 18:17:23 | qs.exploit_gate | INFO  | Gate OPEN | type=TRENDING conf=0.81 | H=0.834(TRENDING) S=0.730 AC=0.143(TRENDING) VR=1.208(TRENDING) | pass_rate=100.0%
2026-03-12 18:17:23 | qs.graveyard | WARNING | BLOCKED by tombstone | similarity=0.86 | pattern_losses=1 | total_lost=$-1.56
2026-03-12 18:17:23 | qs.scalper   | INFO  | GRAVEYARD blocked ETH/USDT LONG (sim=0.86)
2026-03-12 18:17:23 | qs.exploit_gate | INFO  | Gate OPEN | type=TRENDING conf=0.78 | H=0.819(TRENDING) S=0.812 AC=0.149(TRENDING) VR=1.141(TRENDING) | pass_rate=100.0%
2026-03-12 18:17:23 | qs.exploit_gate | INFO  | Gate OPEN | type=TRENDING conf=0.78 | H=0.861(TRENDING) S=0.810 AC=0.246(TRENDING) VR=1.345(TRENDING) | pass_rate=100.0%
2026-03-12 18:17:23 | qs.graveyard | WARNING | BLOCKED by tombstone | similarity=0.79 | pattern_losses=1 | total_lost=$-11.24
2026-03-12 18:17:23 | qs.scalper   | INFO  | GRAVEYARD blocked BTC/USDT LONG (sim=0.79)
2026-03-12 18:17:53 | qs.volatility | INFO  | Top 3 volatile: ETH/USDT(0.227%), DOGE/USDT(0.266%), BTC/USDT(0.174%)
2026-03-12 18:17:57 | qs.exploit_gate | INFO  | Gate OPEN | type=TRENDING conf=0.81 | H=0.834(TRENDING) S=0.735 AC=0.146(TRENDING) VR=1.177(TRENDING) | pass_rate=100.0%
2026-03-12 18:17:57 | qs.graveyard | WARNING | BLOCKED by tombstone | similarity=0.85 | pattern_losses=1 | total_lost=$-7.37
2026-03-12 18:17:57 | qs.scalper   | INFO  | GRAVEYARD blocked ETH/USDT LONG (sim=0.85)
2026-03-12 18:17:57 | qs.exploit_gate | INFO  | Gate OPEN | type=TRENDING conf=0.78 | H=0.819(TRENDING) S=0.812 AC=0.149(TRENDING) VR=1.142(TRENDING) | pass_rate=100.0%
2026-03-12 18:17:57 | qs.exploit_gate | INFO  | Gate OPEN | type=TRENDING conf=0.77 | H=0.861(TRENDING) S=0.814 AC=0.243(TRENDING) VR=1.321(TRENDING) | pass_rate=100.0%
2026-03-12 18:18:27 | qs.volatility | INFO  | Top 3 volatile: ETH/USDT(0.227%), DOGE/USDT(0.266%), BTC/USDT(0.174%)
2026-03-12 18:18:34 | qs.exploit_gate | INFO  | Gate OPEN | type=TRENDING conf=0.81 | H=0.835(TRENDING) S=0.735 AC=0.152(TRENDING) VR=1.182(TRENDING) | pass_rate=100.0%
2026-03-12 18:18:34 | qs.graveyard | WARNING | BLOCKED by tombstone | similarity=0.92 | pattern_losses=1 | total_lost=$-7.37
2026-03-12 18:18:34 | qs.scalper   | INFO  | GRAVEYARD blocked ETH/USDT LONG (sim=0.92)
2026-03-12 18:18:34 | qs.exploit_gate | INFO  | Gate OPEN | type=TRENDING conf=0.78 | H=0.811(TRENDING) S=0.812 AC=0.150(TRENDING) VR=1.138(TRENDING) | pass_rate=100.0%
2026-03-12 18:18:34 | qs.exploit_gate | INFO  | Gate OPEN | type=TRENDING conf=0.77 | H=0.857(TRENDING) S=0.820 AC=0.257(TRENDING) VR=1.303(TRENDING) | pass_rate=100.0%
2026-03-12 18:19:08 | qs.volatility | INFO  | Top 3 volatile: ETH/USDT(0.227%), DOGE/USDT(0.266%), BTC/USDT(0.174%)
2026-03-12 18:19:13 | qs.graveyard | INFO  | New tombstone buried | loss=$-1.15 | total=5
2026-03-12 18:19:13 | qs.exploit_gate | INFO  | Gate OPEN | type=TRENDING conf=0.58 | H=0.817(TRENDING) S=0.707 AC=0.166(TRENDING) VR=1.089(NONE) | pass_rate=100.0%
2026-03-12 18:19:13 | qs.exploit_gate | INFO  | Gate OPEN | type=TRENDING conf=0.77 | H=0.810(TRENDING) S=0.821 AC=0.147(TRENDING) VR=1.102(TRENDING) | pass_rate=100.0%
2026-03-12 18:19:13 | qs.exploit_gate | INFO  | Gate OPEN | type=TRENDING conf=0.77 | H=0.844(TRENDING) S=0.825 AC=0.272(TRENDING) VR=1.282(TRENDING) | pass_rate=100.0%
2026-03-12 18:19:45 | qs.volatility | INFO  | Top 3 volatile: ETH/USDT(0.233%), SOL/USDT(0.217%), BTC/USDT(0.175%)
2026-03-12 18:19:49 | qs.exploit_gate | INFO  | Gate OPEN | type=TRENDING conf=0.58 | H=0.816(TRENDING) S=0.707 AC=0.160(TRENDING) VR=1.086(NONE) | pass_rate=100.0%
2026-03-12 18:19:49 | qs.exploit_gate | INFO  | Gate OPEN | type=TRENDING conf=0.76 | H=0.854(TRENDING) S=0.859 AC=0.242(TRENDING) VR=1.294(TRENDING) | pass_rate=100.0%
2026-03-12 18:19:49 | qs.exploit_gate | INFO  | Gate OPEN | type=TRENDING conf=0.77 | H=0.844(TRENDING) S=0.825 AC=0.264(TRENDING) VR=1.275(TRENDING) | pass_rate=100.0%
2026-03-12 18:20:19 | qs.volatility | INFO  | Top 3 volatile: ETH/USDT(0.233%), SOL/USDT(0.217%), BTC/USDT(0.175%)
2026-03-12 18:20:25 | qs.exploit_gate | INFO  | Gate OPEN | type=TRENDING conf=0.82 | H=0.812(TRENDING) S=0.707 AC=0.159(TRENDING) VR=1.136(TRENDING) | pass_rate=100.0%
2026-03-12 18:20:25 | qs.exploit_gate | INFO  | Gate OPEN | type=TRENDING conf=0.76 | H=0.851(TRENDING) S=0.855 AC=0.246(TRENDING) VR=1.359(TRENDING) | pass_rate=100.0%
2026-03-12 18:20:25 | qs.graveyard | WARNING | BLOCKED by tombstone | similarity=0.89 | pattern_losses=1 | total_lost=$-11.24
2026-03-12 18:20:25 | qs.scalper   | INFO  | GRAVEYARD blocked SOL/USDT SHORT (sim=0.89)
2026-03-12 18:20:25 | qs.exploit_gate | INFO  | Gate OPEN | type=TRENDING conf=0.77 | H=0.846(TRENDING) S=0.822 AC=0.263(TRENDING) VR=1.317(TRENDING) | pass_rate=100.0%
2026-03-12 18:20:55 | qs.volatility | INFO  | Top 3 volatile: ETH/USDT(0.233%), SOL/USDT(0.217%), BTC/USDT(0.175%)
2026-03-12 18:21:00 | qs.exploit_gate | INFO  | Gate OPEN | type=TRENDING conf=0.82 | H=0.812(TRENDING) S=0.707 AC=0.161(TRENDING) VR=1.129(TRENDING) | pass_rate=100.0%
2026-03-12 18:21:00 | qs.exploit_gate | INFO  | Gate OPEN | type=TRENDING conf=0.76 | H=0.851(TRENDING) S=0.853 AC=0.247(TRENDING) VR=1.355(TRENDING) | pass_rate=100.0%
2026-03-12 18:21:00 | qs.graveyard | WARNING | BLOCKED by tombstone | similarity=0.84 | pattern_losses=1 | total_lost=$-11.24
2026-03-12 18:21:00 | qs.scalper   | INFO  | GRAVEYARD blocked SOL/USDT SHORT (sim=0.84)
2026-03-12 18:21:00 | qs.exploit_gate | INFO  | Gate OPEN | type=TRENDING conf=0.77 | H=0.846(TRENDING) S=0.822 AC=0.264(TRENDING) VR=1.313(TRENDING) | pass_rate=100.0%
2026-03-12 18:21:30 | qs.volatility | INFO  | Top 3 volatile: ETH/USDT(0.233%), SOL/USDT(0.217%), BTC/USDT(0.175%)
2026-03-12 18:21:34 | qs.exploit_gate | INFO  | Gate OPEN | type=TRENDING conf=0.81 | H=0.819(TRENDING) S=0.716 AC=0.167(TRENDING) VR=1.200(TRENDING) | pass_rate=100.0%
2026-03-12 18:21:34 | qs.exploit_gate | INFO  | Gate OPEN | type=TRENDING conf=0.76 | H=0.863(TRENDING) S=0.864 AC=0.251(TRENDING) VR=1.418(TRENDING) | pass_rate=100.0%
2026-03-12 18:21:34 | qs.graveyard | WARNING | BLOCKED by tombstone | similarity=0.80 | pattern_losses=1 | total_lost=$-11.24
2026-03-12 18:21:34 | qs.scalper   | INFO  | GRAVEYARD blocked SOL/USDT SHORT (sim=0.80)
2026-03-12 18:21:34 | qs.exploit_gate | INFO  | Gate OPEN | type=TRENDING conf=0.77 | H=0.845(TRENDING) S=0.823 AC=0.270(TRENDING) VR=1.376(TRENDING) | pass_rate=100.0%
2026-03-12 18:21:35 | qs.signal    | INFO  | ACCEPT BTC/USDT SHORT grade=C score=0.5 quality=0.547 | {"breakdown": {"technical": 0.924, "ml_confidence": 0.5, "order_flow": 0.008, "volatility": 0.7}}
2026-03-12 18:21:35 | qs.asym_risk | INFO  | SHORT entry=69944.30 | SL=70348.71(0.58%) TP=69216.37 | RR=1.8 EV=302.8526 ✓ +EV
2026-03-12 18:21:35 | qs.risk      | INFO  | Kelly sizing: p=0.58 rr=1.8 kelly_f=-0.1623 risk%=0.0050 quality=0.62 size=$169
2026-03-12 18:21:35 | qs.system    | INFO  | Execution attempt symbol=BTC/USDT signal=SHORT mode=paper size=168.69
2026-03-12 18:21:35 | qs.order     | INFO  | PAPER_FILL BTC/USDT SHORT size=$168.69 price=69930.31 | {"slippage_bps": 2.0, "grade": "C"}
2026-03-12 18:21:35 | qs.system    | INFO  | ENTRY BTC/USDT SHORT q=0.625 gate=TRENDING(0.77) RR=1.8 EV=302.8526 $169
2026-03-12 18:22:05 | qs.volatility | INFO  | Top 3 volatile: ETH/USDT(0.233%), SOL/USDT(0.217%), BTC/USDT(0.175%)
2026-03-12 18:22:10 | qs.exploit_gate | INFO  | Gate OPEN | type=TRENDING conf=0.82 | H=0.819(TRENDING) S=0.711 AC=0.163(TRENDING) VR=1.243(TRENDING) | pass_rate=100.0%
2026-03-12 18:22:10 | qs.graveyard | WARNING | BLOCKED by tombstone | similarity=0.82 | pattern_losses=1 | total_lost=$-1.56
2026-03-12 18:22:10 | qs.scalper   | INFO  | GRAVEYARD blocked ETH/USDT SHORT (sim=0.81)
2026-03-12 18:22:10 | qs.exploit_gate | INFO  | Gate OPEN | type=TRENDING conf=0.76 | H=0.863(TRENDING) S=0.863 AC=0.251(TRENDING) VR=1.415(TRENDING) | pass_rate=100.0%
2026-03-12 18:22:13 | qs.signal    | INFO  | ACCEPT SOL/USDT SHORT grade=C score=0.7 quality=0.657 | {"breakdown": {"technical": 0.924, "ml_confidence": 0.5, "order_flow": 0.557, "volatility": 0.7}}
2026-03-12 18:22:13 | qs.asym_risk | INFO  | SHORT entry=86.62 | SL=87.31(0.79%) TP=85.38 | RR=1.8 EV=0.7235 ✓ +EV
2026-03-12 18:22:13 | qs.risk      | INFO  | Kelly sizing: p=0.58 rr=1.8 kelly_f=-0.1623 risk%=0.0050 quality=0.73 size=$123
2026-03-12 18:22:13 | qs.system    | INFO  | Execution attempt symbol=SOL/USDT signal=SHORT mode=paper size=122.79
2026-03-12 18:22:13 | qs.order     | INFO  | PAPER_FILL SOL/USDT SHORT size=$122.79 price=86.60 | {"slippage_bps": 2.0, "grade": "C"}
2026-03-12 18:22:13 | qs.system    | INFO  | ENTRY SOL/USDT SHORT q=0.733 gate=TRENDING(0.76) RR=1.8 EV=0.7235 $123
2026-03-12 18:22:46 | qs.volatility | INFO  | Top 3 volatile: ETH/USDT(0.227%), DOGE/USDT(0.261%), SOL/USDT(0.209%)
2026-03-12 18:23:22 | qs.volatility | INFO  | Top 3 volatile: ETH/USDT(0.227%), DOGE/USDT(0.261%), SOL/USDT(0.209%)
2026-03-12 18:23:58 | qs.volatility | INFO  | Top 3 volatile: ETH/USDT(0.227%), DOGE/USDT(0.261%), SOL/USDT(0.209%)
2026-03-12 18:24:41 | qs.volatility | INFO  | Top 3 volatile: ETH/USDT(0.227%), DOGE/USDT(0.261%), SOL/USDT(0.209%)
2026-03-12 18:25:17 | qs.volatility | INFO  | Top 3 volatile: ETH/USDT(0.227%), DOGE/USDT(0.261%), SOL/USDT(0.209%)
2026-03-12 18:25:58 | qs.volatility | INFO  | Top 3 volatile: ETH/USDT(0.213%), DOGE/USDT(0.248%), SOL/USDT(0.200%)
2026-03-12 18:26:32 | qs.volatility | INFO  | Top 3 volatile: ETH/USDT(0.213%), DOGE/USDT(0.248%), SOL/USDT(0.200%)
2026-03-12 18:27:06 | qs.volatility | INFO  | Top 3 volatile: ETH/USDT(0.213%), DOGE/USDT(0.248%), SOL/USDT(0.200%)
2026-03-12 18:27:43 | qs.volatility | INFO  | Top 3 volatile: ETH/USDT(0.213%), DOGE/USDT(0.248%), SOL/USDT(0.200%)
2026-03-12 18:28:18 | qs.volatility | INFO  | Top 3 volatile: ETH/USDT(0.213%), DOGE/USDT(0.248%), SOL/USDT(0.200%)
2026-03-12 18:28:56 | qs.volatility | INFO  | Top 3 volatile: ETH/USDT(0.233%), SOL/USDT(0.208%), DOGE/USDT(0.243%)
2026-03-12 18:29:32 | qs.volatility | INFO  | Top 3 volatile: ETH/USDT(0.233%), SOL/USDT(0.208%), DOGE/USDT(0.243%)
2026-03-12 18:30:19 | qs.volatility | INFO  | Top 3 volatile: ETH/USDT(0.233%), SOL/USDT(0.208%), DOGE/USDT(0.243%)
2026-03-12 18:30:52 | qs.volatility | INFO  | Top 3 volatile: ETH/USDT(0.233%), SOL/USDT(0.208%), DOGE/USDT(0.243%)
2026-03-12 18:31:26 | qs.volatility | INFO  | Top 3 volatile: ETH/USDT(0.233%), SOL/USDT(0.208%), DOGE/USDT(0.243%)
2026-03-12 18:32:04 | qs.volatility | INFO  | Top 3 volatile: ETH/USDT(0.235%), SOL/USDT(0.203%), BTC/USDT(0.172%)
2026-03-12 18:32:37 | qs.volatility | INFO  | Top 3 volatile: ETH/USDT(0.235%), SOL/USDT(0.203%), BTC/USDT(0.172%)
2026-03-12 18:33:13 | qs.volatility | INFO  | Top 3 volatile: ETH/USDT(0.235%), SOL/USDT(0.203%), BTC/USDT(0.172%)
2026-03-12 18:33:47 | qs.volatility | INFO  | Top 3 volatile: ETH/USDT(0.235%), SOL/USDT(0.203%), BTC/USDT(0.172%)
2026-03-12 18:34:22 | qs.volatility | INFO  | Top 3 volatile: ETH/USDT(0.235%), SOL/USDT(0.203%), BTC/USDT(0.172%)
2026-03-12 18:34:57 | qs.volatility | INFO  | Top 3 volatile: ETH/USDT(0.242%), SOL/USDT(0.228%), DOGE/USDT(0.245%)
2026-03-12 18:35:34 | qs.volatility | INFO  | Top 3 volatile: ETH/USDT(0.242%), SOL/USDT(0.228%), DOGE/USDT(0.245%)
2026-03-12 18:36:07 | qs.volatility | INFO  | Top 3 volatile: ETH/USDT(0.242%), SOL/USDT(0.228%), DOGE/USDT(0.245%)
2026-03-12 18:36:12 | qs.exploit_gate | INFO  | Gate OPEN | type=TRENDING conf=0.80 | H=0.804(TRENDING) S=0.746 AC=0.140(TRENDING) VR=1.307(TRENDING) | pass_rate=100.0%
2026-03-12 18:36:12 | qs.graveyard | WARNING | BLOCKED by tombstone | similarity=0.77 | pattern_losses=1 | total_lost=$-1.56
2026-03-12 18:36:12 | qs.scalper   | INFO  | GRAVEYARD blocked ETH/USDT SHORT (sim=0.77)
2026-03-12 18:36:12 | qs.exploit_gate | INFO  | Gate OPEN | type=TRENDING conf=0.75 | H=0.869(TRENDING) S=0.883 AC=0.217(TRENDING) VR=1.448(TRENDING) | pass_rate=100.0%
2026-03-12 18:36:12 | qs.graveyard | WARNING | BLOCKED by tombstone | similarity=0.79 | pattern_losses=1 | total_lost=$-7.37
2026-03-12 18:36:12 | qs.scalper   | INFO  | GRAVEYARD blocked SOL/USDT SHORT (sim=0.79)
2026-03-12 18:36:12 | qs.exploit_gate | INFO  | Gate OPEN | type=TRENDING conf=0.77 | H=0.803(TRENDING) S=0.836 AC=0.096(TRENDING) VR=1.138(TRENDING) | pass_rate=100.0%
2026-03-12 18:36:12 | qs.graveyard | WARNING | BLOCKED by tombstone | similarity=0.85 | pattern_losses=1 | total_lost=$-7.37
2026-03-12 18:36:13 | qs.scalper   | INFO  | GRAVEYARD blocked DOGE/USDT SHORT (sim=0.85)
2026-03-12 18:36:43 | qs.volatility | INFO  | Top 3 volatile: ETH/USDT(0.242%), SOL/USDT(0.228%), DOGE/USDT(0.245%)
2026-03-12 18:36:45 | qs.exploit_gate | INFO  | Gate OPEN | type=TRENDING conf=0.80 | H=0.804(TRENDING) S=0.750 AC=0.134(TRENDING) VR=1.299(TRENDING) | pass_rate=100.0%
2026-03-12 18:36:45 | qs.exploit_gate | INFO  | Gate OPEN | type=TRENDING conf=0.75 | H=0.869(TRENDING) S=0.886 AC=0.189(TRENDING) VR=1.434(TRENDING) | pass_rate=100.0%
2026-03-12 18:36:45 | qs.exploit_gate | INFO  | Gate OPEN | type=TRENDING conf=0.77 | H=0.802(TRENDING) S=0.839 AC=0.090(TRENDING) VR=1.133(TRENDING) | pass_rate=100.0%
2026-03-12 18:36:45 | qs.graveyard | WARNING | BLOCKED by tombstone | similarity=0.82 | pattern_losses=1 | total_lost=$-7.37
2026-03-12 18:36:45 | qs.scalper   | INFO  | GRAVEYARD blocked DOGE/USDT SHORT (sim=0.82)
2026-03-12 18:37:15 | qs.volatility | INFO  | Top 3 volatile: ETH/USDT(0.242%), SOL/USDT(0.228%), DOGE/USDT(0.245%)
2026-03-12 18:37:20 | qs.exploit_gate | INFO  | Gate OPEN | type=TRENDING conf=0.80 | H=0.806(TRENDING) S=0.745 AC=0.138(TRENDING) VR=1.304(TRENDING) | pass_rate=100.0%
2026-03-12 18:37:20 | qs.exploit_gate | INFO  | Gate OPEN | type=TRENDING conf=0.74 | H=0.879(TRENDING) S=0.887 AC=0.196(TRENDING) VR=1.441(TRENDING) | pass_rate=100.0%
2026-03-12 18:37:20 | qs.exploit_gate | INFO  | Gate OPEN | type=TRENDING conf=0.77 | H=0.829(TRENDING) S=0.829 AC=0.099(TRENDING) VR=1.143(TRENDING) | pass_rate=100.0%
2026-03-12 18:37:20 | qs.graveyard | WARNING | BLOCKED by tombstone | similarity=0.82 | pattern_losses=1 | total_lost=$-7.37
2026-03-12 18:37:20 | qs.scalper   | INFO  | GRAVEYARD blocked DOGE/USDT SHORT (sim=0.82)
2026-03-12 18:37:52 | qs.volatility | INFO  | Top 3 volatile: SOL/USDT(0.232%), ETH/USDT(0.242%), DOGE/USDT(0.241%)
2026-03-12 18:37:57 | qs.exploit_gate | INFO  | Gate OPEN | type=TRENDING conf=0.74 | H=0.879(TRENDING) S=0.887 AC=0.194(TRENDING) VR=1.442(TRENDING) | pass_rate=100.0%
2026-03-12 18:37:57 | qs.exploit_gate | INFO  | Gate OPEN | type=TRENDING conf=0.80 | H=0.806(TRENDING) S=0.745 AC=0.138(TRENDING) VR=1.303(TRENDING) | pass_rate=100.0%
2026-03-12 18:37:57 | qs.exploit_gate | INFO  | Gate OPEN | type=TRENDING conf=0.77 | H=0.829(TRENDING) S=0.832 AC=0.099(TRENDING) VR=1.137(TRENDING) | pass_rate=100.0%
2026-03-12 18:37:57 | qs.graveyard | WARNING | BLOCKED by tombstone | similarity=0.82 | pattern_losses=1 | total_lost=$-7.37
2026-03-12 18:37:57 | qs.scalper   | INFO  | GRAVEYARD blocked DOGE/USDT SHORT (sim=0.81)
2026-03-12 18:38:27 | qs.volatility | INFO  | Top 3 volatile: SOL/USDT(0.232%), ETH/USDT(0.242%), DOGE/USDT(0.241%)
2026-03-12 18:38:33 | qs.exploit_gate | INFO  | Gate OPEN | type=TRENDING conf=0.74 | H=0.886(TRENDING) S=0.892 AC=0.208(TRENDING) VR=1.424(TRENDING) | pass_rate=100.0%
2026-03-12 18:38:33 | qs.exploit_gate | INFO  | Gate OPEN | type=TRENDING conf=0.80 | H=0.810(TRENDING) S=0.758 AC=0.157(TRENDING) VR=1.276(TRENDING) | pass_rate=100.0%
2026-03-12 18:38:33 | qs.exploit_gate | INFO  | Gate OPEN | type=TRENDING conf=0.76 | H=0.805(TRENDING) S=0.840 AC=0.104(TRENDING) VR=1.114(TRENDING) | pass_rate=100.0%
2026-03-12 18:38:38 | qs.signal    | INFO  | ACCEPT DOGE/USDT SHORT grade=C score=0.6 quality=0.584 | {"breakdown": {"technical": 0.813, "ml_confidence": 0.5, "order_flow": 0.481, "volatility": 0.55}}
2026-03-12 18:38:38 | qs.asym_risk | INFO  | SHORT entry=0.09 | SL=0.09(0.55%) TP=0.09 | RR=1.8 EV=0.0004 ✓ +EV
2026-03-12 18:38:38 | qs.risk      | INFO  | Kelly sizing: p=0.64 rr=1.8 kelly_f=-0.1325 risk%=0.0050 quality=0.66 size=$178
2026-03-12 18:38:38 | qs.system    | INFO  | Execution attempt symbol=DOGE/USDT signal=SHORT mode=paper size=178.29
2026-03-12 18:38:38 | qs.order     | INFO  | PAPER_FILL DOGE/USDT SHORT size=$178.29 price=0.09 | {"slippage_bps": 2.0, "grade": "C"}
2026-03-12 18:38:38 | qs.system    | INFO  | ENTRY DOGE/USDT SHORT q=0.661 gate=TRENDING(0.76) RR=1.8 EV=0.0004 $178
2026-03-12 18:39:08 | qs.volatility | INFO  | Top 3 volatile: SOL/USDT(0.232%), ETH/USDT(0.242%), DOGE/USDT(0.241%)
2026-03-12 18:39:14 | qs.graveyard | INFO  | New tombstone buried | loss=$-0.04 | total=6
2026-03-12 18:39:14 | qs.exploit_gate | INFO  | Gate OPEN | type=TRENDING conf=0.74 | H=0.884(TRENDING) S=0.891 AC=0.202(TRENDING) VR=1.420(TRENDING) | pass_rate=100.0%
2026-03-12 18:39:14 | qs.exploit_gate | INFO  | Gate OPEN | type=TRENDING conf=0.80 | H=0.804(TRENDING) S=0.754 AC=0.142(TRENDING) VR=1.281(TRENDING) | pass_rate=100.0%
2026-03-12 18:39:14 | qs.exploit_gate | INFO  | Gate OPEN | type=TRENDING conf=0.76 | H=0.810(TRENDING) S=0.840 AC=0.109(TRENDING) VR=1.122(TRENDING) | pass_rate=100.0%
2026-03-12 18:39:14 | qs.graveyard | WARNING | BLOCKED by tombstone | similarity=0.80 | pattern_losses=1 | total_lost=$-7.37
2026-03-12 18:39:14 | qs.scalper   | INFO  | GRAVEYARD blocked DOGE/USDT SHORT (sim=0.80)
2026-03-12 18:39:44 | qs.volatility | INFO  | Top 3 volatile: SOL/USDT(0.232%), ETH/USDT(0.242%), DOGE/USDT(0.241%)
2026-03-12 18:39:50 | qs.exploit_gate | INFO  | Gate OPEN | type=TRENDING conf=0.74 | H=0.884(TRENDING) S=0.892 AC=0.202(TRENDING) VR=1.420(TRENDING) | pass_rate=100.0%
2026-03-12 18:39:50 | qs.exploit_gate | INFO  | Gate OPEN | type=TRENDING conf=0.80 | H=0.804(TRENDING) S=0.754 AC=0.142(TRENDING) VR=1.283(TRENDING) | pass_rate=100.0%
2026-03-12 18:39:50 | qs.exploit_gate | INFO  | Gate OPEN | type=TRENDING conf=0.76 | H=0.810(TRENDING) S=0.839 AC=0.117(TRENDING) VR=1.131(TRENDING) | pass_rate=100.0%
2026-03-12 18:40:20 | qs.volatility | INFO  | Top 3 volatile: SOL/USDT(0.232%), ETH/USDT(0.242%), DOGE/USDT(0.241%)
2026-03-12 18:40:24 | qs.exploit_gate | INFO  | Gate OPEN | type=TRENDING conf=0.74 | H=0.866(TRENDING) S=0.892 AC=0.197(TRENDING) VR=1.416(TRENDING) | pass_rate=100.0%
2026-03-12 18:40:24 | qs.exploit_gate | INFO  | Gate OPEN | type=TRENDING conf=0.80 | H=0.790(TRENDING) S=0.754 AC=0.140(TRENDING) VR=1.292(TRENDING) | pass_rate=100.0%
2026-03-12 18:40:24 | qs.exploit_gate | INFO  | Gate OPEN | type=TRENDING conf=0.76 | H=0.780(TRENDING) S=0.839 AC=0.117(TRENDING) VR=1.143(TRENDING) | pass_rate=100.0%
2026-03-12 18:41:02 | qs.volatility | INFO  | Top 3 volatile: SOL/USDT(0.228%), DOGE/USDT(0.262%), ETH/USDT(0.251%)
2026-03-12 18:41:06 | qs.exploit_gate | INFO  | Gate OPEN | type=TRENDING conf=0.74 | H=0.866(TRENDING) S=0.893 AC=0.204(TRENDING) VR=1.426(TRENDING) | pass_rate=100.0%
2026-03-12 18:41:06 | qs.exploit_gate | INFO  | Gate OPEN | type=TRENDING conf=0.76 | H=0.784(TRENDING) S=0.843 AC=0.120(TRENDING) VR=1.180(TRENDING) | pass_rate=100.0%
2026-03-12 18:41:06 | qs.exploit_gate | INFO  | Gate OPEN | type=TRENDING conf=0.80 | H=0.787(TRENDING) S=0.757 AC=0.140(TRENDING) VR=1.306(TRENDING) | pass_rate=100.0%
2026-03-12 18:41:36 | qs.volatility | INFO  | Top 3 volatile: SOL/USDT(0.228%), DOGE/USDT(0.262%), ETH/USDT(0.251%)
2026-03-12 18:41:42 | qs.exploit_gate | INFO  | Gate OPEN | type=TRENDING conf=0.74 | H=0.871(TRENDING) S=0.893 AC=0.200(TRENDING) VR=1.412(TRENDING) | pass_rate=100.0%
2026-03-12 18:41:42 | qs.exploit_gate | INFO  | Gate OPEN | type=TRENDING conf=0.76 | H=0.783(TRENDING) S=0.850 AC=0.112(TRENDING) VR=1.155(TRENDING) | pass_rate=100.0%
2026-03-12 18:41:42 | qs.graveyard | WARNING | BLOCKED by tombstone | similarity=0.93 | pattern_losses=1 | total_lost=$-0.04
2026-03-12 18:41:42 | qs.scalper   | INFO  | GRAVEYARD blocked DOGE/USDT SHORT (sim=0.93)
2026-03-12 18:41:42 | qs.exploit_gate | INFO  | Gate OPEN | type=TRENDING conf=0.80 | H=0.787(TRENDING) S=0.758 AC=0.137(TRENDING) VR=1.301(TRENDING) | pass_rate=100.0%
2026-03-12 18:42:12 | qs.volatility | INFO  | Top 3 volatile: SOL/USDT(0.228%), DOGE/USDT(0.262%), ETH/USDT(0.251%)
2026-03-12 18:42:19 | qs.exploit_gate | INFO  | Gate OPEN | type=TRENDING conf=0.74 | H=0.854(TRENDING) S=0.891 AC=0.200(TRENDING) VR=1.405(TRENDING) | pass_rate=100.0%
2026-03-12 18:42:19 | qs.exploit_gate | INFO  | Gate OPEN | type=TRENDING conf=0.77 | H=0.780(TRENDING) S=0.835 AC=0.128(TRENDING) VR=1.204(TRENDING) | pass_rate=100.0%
2026-03-12 18:42:19 | qs.exploit_gate | INFO  | Gate OPEN | type=TRENDING conf=0.80 | H=0.776(TRENDING) S=0.751 AC=0.145(TRENDING) VR=1.315(TRENDING) | pass_rate=100.0%
2026-03-12 18:42:49 | qs.volatility | INFO  | Top 3 volatile: SOL/USDT(0.228%), DOGE/USDT(0.262%), ETH/USDT(0.251%)
2026-03-12 18:42:56 | qs.exploit_gate | INFO  | Gate OPEN | type=TRENDING conf=0.74 | H=0.854(TRENDING) S=0.892 AC=0.200(TRENDING) VR=1.400(TRENDING) | pass_rate=100.0%
2026-03-12 18:42:56 | qs.exploit_gate | INFO  | Gate OPEN | type=TRENDING conf=0.77 | H=0.779(TRENDING) S=0.835 AC=0.128(TRENDING) VR=1.204(TRENDING) | pass_rate=100.0%
2026-03-12 18:42:56 | qs.exploit_gate | INFO  | Gate OPEN | type=TRENDING conf=0.80 | H=0.776(TRENDING) S=0.751 AC=0.145(TRENDING) VR=1.317(TRENDING) | pass_rate=100.0%
2026-03-12 18:43:26 | qs.volatility | INFO  | Top 3 volatile: SOL/USDT(0.228%), DOGE/USDT(0.262%), ETH/USDT(0.251%)
2026-03-12 18:43:35 | qs.exploit_gate | INFO  | Gate OPEN | type=TRENDING conf=0.74 | H=0.842(TRENDING) S=0.891 AC=0.193(TRENDING) VR=1.391(TRENDING) | pass_rate=100.0%
2026-03-12 18:43:35 | qs.exploit_gate | INFO  | Gate OPEN | type=TRENDING conf=0.77 | H=0.789(TRENDING) S=0.830 AC=0.133(TRENDING) VR=1.210(TRENDING) | pass_rate=100.0%
2026-03-12 18:43:35 | qs.exploit_gate | INFO  | Gate OPEN | type=TRENDING conf=0.80 | H=0.779(TRENDING) S=0.752 AC=0.146(TRENDING) VR=1.321(TRENDING) | pass_rate=100.0%
2026-03-12 18:44:07 | qs.volatility | INFO  | Top 3 volatile: SOL/USDT(0.223%), ETH/USDT(0.240%), DOGE/USDT(0.237%)
2026-03-12 18:44:12 | qs.exploit_gate | INFO  | Gate OPEN | type=TRENDING conf=0.74 | H=0.831(TRENDING) S=0.887 AC=0.182(TRENDING) VR=1.398(TRENDING) | pass_rate=100.0%
2026-03-12 18:44:12 | qs.exploit_gate | INFO  | Gate OPEN | type=TRENDING conf=0.80 | H=0.773(TRENDING) S=0.751 AC=0.142(TRENDING) VR=1.318(TRENDING) | pass_rate=100.0%
2026-03-12 18:44:12 | qs.exploit_gate | INFO  | Gate OPEN | type=TRENDING conf=0.77 | H=0.769(TRENDING) S=0.832 AC=0.129(TRENDING) VR=1.209(TRENDING) | pass_rate=100.0%
2026-03-12 18:44:42 | qs.volatility | INFO  | Top 3 volatile: SOL/USDT(0.223%), ETH/USDT(0.240%), DOGE/USDT(0.237%)
2026-03-12 18:44:47 | qs.exploit_gate | INFO  | Gate OPEN | type=TRENDING conf=0.74 | H=0.831(TRENDING) S=0.891 AC=0.187(TRENDING) VR=1.378(TRENDING) | pass_rate=100.0%
2026-03-12 18:44:47 | qs.exploit_gate | INFO  | Gate OPEN | type=TRENDING conf=0.80 | H=0.774(TRENDING) S=0.757 AC=0.147(TRENDING) VR=1.298(TRENDING) | pass_rate=100.0%
2026-03-12 18:44:47 | qs.exploit_gate | INFO  | Gate OPEN | type=TRENDING conf=0.76 | H=0.769(TRENDING) S=0.839 AC=0.133(TRENDING) VR=1.192(TRENDING) | pass_rate=100.0%
2026-03-12 18:45:17 | qs.volatility | INFO  | Top 3 volatile: SOL/USDT(0.223%), ETH/USDT(0.240%), DOGE/USDT(0.237%)
2026-03-12 18:45:20 | qs.exploit_gate | INFO  | Gate OPEN | type=TRENDING conf=0.74 | H=0.835(TRENDING) S=0.890 AC=0.179(TRENDING) VR=1.374(TRENDING) | pass_rate=100.0%
2026-03-12 18:45:20 | qs.exploit_gate | INFO  | Gate OPEN | type=TRENDING conf=0.79 | H=0.773(TRENDING) S=0.768 AC=0.141(TRENDING) VR=1.288(TRENDING) | pass_rate=100.0%
2026-03-12 18:45:20 | qs.graveyard | WARNING | BLOCKED by tombstone | similarity=0.79 | pattern_losses=1 | total_lost=$-1.56
2026-03-12 18:45:20 | qs.scalper   | INFO  | GRAVEYARD blocked ETH/USDT SHORT (sim=0.79)
2026-03-12 18:45:20 | qs.exploit_gate | INFO  | Gate OPEN | type=TRENDING conf=0.76 | H=0.781(TRENDING) S=0.842 AC=0.128(TRENDING) VR=1.194(TRENDING) | pass_rate=100.0%
2026-03-12 18:45:20 | qs.graveyard | WARNING | BLOCKED by tombstone | similarity=0.83 | pattern_losses=1 | total_lost=$-7.37
2026-03-12 18:45:20 | qs.scalper   | INFO  | GRAVEYARD blocked DOGE/USDT SHORT (sim=0.83)
2026-03-12 18:45:50 | qs.volatility | INFO  | Top 3 volatile: SOL/USDT(0.223%), ETH/USDT(0.240%), DOGE/USDT(0.237%)
2026-03-12 18:45:53 | qs.exploit_gate | INFO  | Gate OPEN | type=TRENDING conf=0.74 | H=0.835(TRENDING) S=0.890 AC=0.184(TRENDING) VR=1.378(TRENDING) | pass_rate=100.0%
2026-03-12 18:45:53 | qs.exploit_gate | INFO  | Gate OPEN | type=TRENDING conf=0.80 | H=0.773(TRENDING) S=0.764 AC=0.149(TRENDING) VR=1.296(TRENDING) | pass_rate=100.0%
2026-03-12 18:45:53 | qs.exploit_gate | INFO  | Gate OPEN | type=TRENDING conf=0.77 | H=0.781(TRENDING) S=0.838 AC=0.133(TRENDING) VR=1.199(TRENDING) | pass_rate=100.0%
2026-03-12 18:45:53 | qs.graveyard | WARNING | BLOCKED by tombstone | similarity=0.87 | pattern_losses=1 | total_lost=$-0.04
2026-03-12 18:45:53 | qs.scalper   | INFO  | GRAVEYARD blocked DOGE/USDT SHORT (sim=0.87)
2026-03-12 18:46:26 | qs.volatility | INFO  | Top 3 volatile: SOL/USDT(0.223%), ETH/USDT(0.240%), DOGE/USDT(0.237%)
2026-03-12 18:46:29 | qs.exploit_gate | INFO  | Gate OPEN | type=TRENDING conf=0.74 | H=0.828(TRENDING) S=0.894 AC=0.168(TRENDING) VR=1.366(TRENDING) | pass_rate=100.0%
2026-03-12 18:46:29 | qs.graveyard | WARNING | BLOCKED by tombstone | similarity=0.84 | pattern_losses=1 | total_lost=$-0.04
2026-03-12 18:46:29 | qs.scalper   | INFO  | GRAVEYARD blocked SOL/USDT SHORT (sim=0.84)
2026-03-12 18:46:29 | qs.exploit_gate | INFO  | Gate OPEN | type=TRENDING conf=0.79 | H=0.777(TRENDING) S=0.775 AC=0.137(TRENDING) VR=1.281(TRENDING) | pass_rate=100.0%
2026-03-12 18:46:29 | qs.exploit_gate | INFO  | Gate OPEN | type=TRENDING conf=0.76 | H=0.779(TRENDING) S=0.845 AC=0.119(TRENDING) VR=1.186(TRENDING) | pass_rate=100.0%
2026-03-12 18:47:02 | qs.volatility | INFO  | Top 3 volatile: SOL/USDT(0.224%), ETH/USDT(0.250%), DOGE/USDT(0.256%)
2026-03-12 18:47:05 | qs.exploit_gate | INFO  | Gate OPEN | type=TRENDING conf=0.74 | H=0.828(TRENDING) S=0.896 AC=0.161(TRENDING) VR=1.350(TRENDING) | pass_rate=100.0%
2026-03-12 18:47:05 | qs.exploit_gate | INFO  | Gate OPEN | type=TRENDING conf=0.79 | H=0.783(TRENDING) S=0.774 AC=0.140(TRENDING) VR=1.306(TRENDING) | pass_rate=100.0%
2026-03-12 18:47:05 | qs.exploit_gate | INFO  | Gate OPEN | type=TRENDING conf=0.76 | H=0.801(TRENDING) S=0.848 AC=0.121(TRENDING) VR=1.195(TRENDING) | pass_rate=100.0%
2026-03-12 18:47:35 | qs.volatility | INFO  | Top 3 volatile: SOL/USDT(0.224%), ETH/USDT(0.250%), DOGE/USDT(0.256%)
2026-03-12 18:47:39 | qs.exploit_gate | INFO  | Gate OPEN | type=TRENDING conf=0.74 | H=0.830(TRENDING) S=0.902 AC=0.182(TRENDING) VR=1.366(TRENDING) | pass_rate=100.0%
2026-03-12 18:47:39 | qs.exploit_gate | INFO  | Gate OPEN | type=TRENDING conf=0.79 | H=0.783(TRENDING) S=0.774 AC=0.143(TRENDING) VR=1.307(TRENDING) | pass_rate=100.0%
2026-03-12 18:47:39 | qs.exploit_gate | INFO  | Gate OPEN | type=TRENDING conf=0.76 | H=0.801(TRENDING) S=0.853 AC=0.128(TRENDING) VR=1.195(TRENDING) | pass_rate=100.0%
2026-03-12 18:48:09 | qs.volatility | INFO  | Top 3 volatile: SOL/USDT(0.224%), ETH/USDT(0.250%), DOGE/USDT(0.256%)
2026-03-12 18:48:14 | qs.exploit_gate | INFO  | Gate OPEN | type=TRENDING conf=0.74 | H=0.826(TRENDING) S=0.898 AC=0.165(TRENDING) VR=1.363(TRENDING) | pass_rate=100.0%
2026-03-12 18:48:14 | qs.graveyard | WARNING | BLOCKED by tombstone | similarity=0.80 | pattern_losses=1 | total_lost=$-7.37
2026-03-12 18:48:14 | qs.scalper   | INFO  | GRAVEYARD blocked SOL/USDT SHORT (sim=0.80)
2026-03-12 18:48:14 | qs.exploit_gate | INFO  | Gate OPEN | type=TRENDING conf=0.79 | H=0.793(TRENDING) S=0.768 AC=0.135(TRENDING) VR=1.315(TRENDING) | pass_rate=100.0%
2026-03-12 18:48:14 | qs.exploit_gate | INFO  | Gate OPEN | type=TRENDING conf=0.76 | H=0.799(TRENDING) S=0.846 AC=0.109(TRENDING) VR=1.199(TRENDING) | pass_rate=100.0%
2026-03-12 18:48:44 | qs.volatility | INFO  | Top 3 volatile: SOL/USDT(0.224%), ETH/USDT(0.250%), DOGE/USDT(0.256%)
2026-03-12 18:48:48 | qs.exploit_gate | INFO  | Gate OPEN | type=TRENDING conf=0.74 | H=0.825(TRENDING) S=0.898 AC=0.165(TRENDING) VR=1.369(TRENDING) | pass_rate=100.0%
2026-03-12 18:48:48 | qs.graveyard | WARNING | BLOCKED by tombstone | similarity=0.85 | pattern_losses=1 | total_lost=$-0.04
2026-03-12 18:48:48 | qs.scalper   | INFO  | GRAVEYARD blocked SOL/USDT SHORT (sim=0.85)
2026-03-12 18:48:48 | qs.exploit_gate | INFO  | Gate OPEN | type=TRENDING conf=0.79 | H=0.793(TRENDING) S=0.768 AC=0.135(TRENDING) VR=1.316(TRENDING) | pass_rate=100.0%
2026-03-12 18:48:48 | qs.exploit_gate | INFO  | Gate OPEN | type=TRENDING conf=0.76 | H=0.800(TRENDING) S=0.853 AC=0.108(TRENDING) VR=1.177(TRENDING) | pass_rate=100.0%
2026-03-12 18:48:48 | qs.graveyard | WARNING | BLOCKED by tombstone | similarity=0.85 | pattern_losses=1 | total_lost=$-7.37
2026-03-12 18:48:48 | qs.scalper   | INFO  | GRAVEYARD blocked DOGE/USDT SHORT (sim=0.85)
2026-03-12 18:49:18 | qs.volatility | INFO  | Top 3 volatile: SOL/USDT(0.224%), ETH/USDT(0.250%), DOGE/USDT(0.256%)
2026-03-12 18:49:22 | qs.exploit_gate | INFO  | Gate OPEN | type=TRENDING conf=0.74 | H=0.833(TRENDING) S=0.907 AC=0.190(TRENDING) VR=1.293(TRENDING) | pass_rate=100.0%
2026-03-12 18:49:22 | qs.exploit_gate | INFO  | Gate OPEN | type=TRENDING conf=0.79 | H=0.800(TRENDING) S=0.781 AC=0.153(TRENDING) VR=1.249(TRENDING) | pass_rate=100.0%
2026-03-12 18:49:22 | qs.graveyard | WARNING | BLOCKED by tombstone | similarity=0.81 | pattern_losses=1 | total_lost=$-7.37
2026-03-12 18:49:22 | qs.scalper   | INFO  | GRAVEYARD blocked ETH/USDT SHORT (sim=0.81)
2026-03-12 18:49:22 | qs.exploit_gate | INFO  | Gate OPEN | type=TRENDING conf=0.75 | H=0.800(TRENDING) S=0.864 AC=0.133(TRENDING) VR=1.131(TRENDING) | pass_rate=100.0%
2026-03-12 18:49:22 | qs.graveyard | WARNING | BLOCKED by tombstone | similarity=0.92 | pattern_losses=1 | total_lost=$-0.04
2026-03-12 18:49:22 | qs.scalper   | INFO  | GRAVEYARD blocked DOGE/USDT SHORT (sim=0.92)
2026-03-12 18:49:55 | qs.volatility | INFO  | Top 3 volatile: SOL/USDT(0.236%), DOGE/USDT(0.273%), XRP/USDT(0.183%)
2026-03-12 18:49:58 | qs.exploit_gate | INFO  | Gate OPEN | type=TRENDING conf=0.74 | H=0.833(TRENDING) S=0.903 AC=0.172(TRENDING) VR=1.314(TRENDING) | pass_rate=100.0%
2026-03-12 18:49:58 | qs.exploit_gate | INFO  | Gate OPEN | type=TRENDING conf=0.76 | H=0.801(TRENDING) S=0.860 AC=0.121(TRENDING) VR=1.144(TRENDING) | pass_rate=100.0%
2026-03-12 18:49:58 | qs.graveyard | WARNING | BLOCKED by tombstone | similarity=0.99 | pattern_losses=1 | total_lost=$-0.04
2026-03-12 18:49:58 | qs.scalper   | INFO  | GRAVEYARD blocked DOGE/USDT SHORT (sim=0.99)
2026-03-12 18:49:58 | qs.exploit_gate | INFO  | Gate OPEN | type=TRENDING conf=0.75 | H=0.832(TRENDING) S=0.882 AC=0.205(TRENDING) VR=1.300(TRENDING) | pass_rate=100.0%
2026-03-12 18:49:58 | qs.graveyard | WARNING | BLOCKED by tombstone | similarity=0.77 | pattern_losses=1 | total_lost=$-0.04
2026-03-12 18:49:58 | qs.scalper   | INFO  | GRAVEYARD blocked XRP/USDT SHORT (sim=0.77)
2026-03-12 18:50:28 | qs.volatility | INFO  | Top 3 volatile: SOL/USDT(0.236%), DOGE/USDT(0.273%), XRP/USDT(0.183%)
2026-03-12 18:50:31 | qs.exploit_gate | INFO  | Gate OPEN | type=TRENDING conf=0.74 | H=0.849(TRENDING) S=0.903 AC=0.169(TRENDING) VR=1.310(TRENDING) | pass_rate=100.0%
2026-03-12 18:50:31 | qs.exploit_gate | INFO  | Gate OPEN | type=TRENDING conf=0.76 | H=0.825(TRENDING) S=0.860 AC=0.123(TRENDING) VR=1.146(TRENDING) | pass_rate=100.0%
2026-03-12 18:50:31 | qs.graveyard | WARNING | BLOCKED by tombstone | similarity=0.81 | pattern_losses=1 | total_lost=$-7.37
2026-03-12 18:50:31 | qs.scalper   | INFO  | GRAVEYARD blocked DOGE/USDT SHORT (sim=0.81)
2026-03-12 18:50:31 | qs.exploit_gate | INFO  | Gate OPEN | type=TRENDING conf=0.75 | H=0.853(TRENDING) S=0.882 AC=0.205(TRENDING) VR=1.298(TRENDING) | pass_rate=100.0%
2026-03-12 18:50:31 | qs.graveyard | WARNING | BLOCKED by tombstone | similarity=0.81 | pattern_losses=1 | total_lost=$-0.04
2026-03-12 18:50:31 | qs.scalper   | INFO  | GRAVEYARD blocked XRP/USDT SHORT (sim=0.81)
2026-03-12 18:51:01 | qs.volatility | INFO  | Top 3 volatile: SOL/USDT(0.236%), DOGE/USDT(0.273%), XRP/USDT(0.183%)
2026-03-12 18:51:04 | qs.exploit_gate | INFO  | Gate OPEN | type=TRENDING conf=0.74 | H=0.849(TRENDING) S=0.903 AC=0.169(TRENDING) VR=1.310(TRENDING) | pass_rate=100.0%
2026-03-12 18:51:04 | qs.exploit_gate | INFO  | Gate OPEN | type=TRENDING conf=0.75 | H=0.826(TRENDING) S=0.864 AC=0.126(TRENDING) VR=1.168(TRENDING) | pass_rate=100.0%
2026-03-12 18:51:04 | qs.graveyard | WARNING | BLOCKED by tombstone | similarity=0.79 | pattern_losses=1 | total_lost=$-7.37
2026-03-12 18:51:04 | qs.scalper   | INFO  | GRAVEYARD blocked DOGE/USDT SHORT (sim=0.79)
2026-03-12 18:51:04 | qs.exploit_gate | INFO  | Gate OPEN | type=TRENDING conf=0.75 | H=0.853(TRENDING) S=0.882 AC=0.207(TRENDING) VR=1.298(TRENDING) | pass_rate=100.0%
2026-03-12 18:51:04 | qs.graveyard | WARNING | BLOCKED by tombstone | similarity=0.88 | pattern_losses=1 | total_lost=$-0.04
2026-03-12 18:51:04 | qs.scalper   | INFO  | GRAVEYARD blocked XRP/USDT SHORT (sim=0.88)
2026-03-12 18:51:37 | qs.volatility | INFO  | Top 3 volatile: SOL/USDT(0.236%), DOGE/USDT(0.273%), XRP/USDT(0.183%)
2026-03-12 18:51:42 | qs.exploit_gate | INFO  | Gate OPEN | type=TRENDING conf=0.74 | H=0.836(TRENDING) S=0.909 AC=0.164(TRENDING) VR=1.274(TRENDING) | pass_rate=100.0%
2026-03-12 18:51:42 | qs.graveyard | WARNING | BLOCKED by tombstone | similarity=0.80 | pattern_losses=1 | total_lost=$-7.37
2026-03-12 18:51:42 | qs.scalper   | INFO  | GRAVEYARD blocked SOL/USDT SHORT (sim=0.80)
2026-03-12 18:51:42 | qs.exploit_gate | INFO  | Gate OPEN | type=TRENDING conf=0.75 | H=0.826(TRENDING) S=0.870 AC=0.115(TRENDING) VR=1.136(TRENDING) | pass_rate=100.0%
2026-03-12 18:51:42 | qs.graveyard | WARNING | BLOCKED by tombstone | similarity=0.84 | pattern_losses=1 | total_lost=$-7.37
2026-03-12 18:51:42 | qs.scalper   | INFO  | GRAVEYARD blocked DOGE/USDT SHORT (sim=0.84)
2026-03-12 18:51:42 | qs.exploit_gate | INFO  | Gate OPEN | type=TRENDING conf=0.74 | H=0.836(TRENDING) S=0.888 AC=0.202(TRENDING) VR=1.287(TRENDING) | pass_rate=100.0%
2026-03-12 18:51:42 | qs.graveyard | WARNING | BLOCKED by tombstone | similarity=0.81 | pattern_losses=1 | total_lost=$-7.37
2026-03-12 18:51:42 | qs.scalper   | INFO  | GRAVEYARD blocked XRP/USDT SHORT (sim=0.81)
2026-03-12 18:52:12 | qs.volatility | INFO  | Top 3 volatile: SOL/USDT(0.236%), DOGE/USDT(0.273%), XRP/USDT(0.183%)
2026-03-12 18:52:15 | qs.exploit_gate | INFO  | Gate OPEN | type=TRENDING conf=0.74 | H=0.820(TRENDING) S=0.907 AC=0.173(TRENDING) VR=1.255(TRENDING) | pass_rate=100.0%
2026-03-12 18:52:15 | qs.graveyard | WARNING | BLOCKED by tombstone | similarity=0.81 | pattern_losses=1 | total_lost=$-7.37
2026-03-12 18:52:15 | qs.scalper   | INFO  | GRAVEYARD blocked SOL/USDT SHORT (sim=0.81)
2026-03-12 18:52:15 | qs.exploit_gate | INFO  | Gate OPEN | type=TRENDING conf=0.75 | H=0.812(TRENDING) S=0.870 AC=0.121(TRENDING) VR=1.150(TRENDING) | pass_rate=100.0%
2026-03-12 18:52:15 | qs.graveyard | WARNING | BLOCKED by tombstone | similarity=0.82 | pattern_losses=1 | total_lost=$-7.37
2026-03-12 18:52:15 | qs.scalper   | INFO  | GRAVEYARD blocked DOGE/USDT SHORT (sim=0.82)
2026-03-12 18:52:15 | qs.exploit_gate | INFO  | Gate OPEN | type=TRENDING conf=0.74 | H=0.830(TRENDING) S=0.893 AC=0.211(TRENDING) VR=1.273(TRENDING) | pass_rate=100.0%
2026-03-12 18:52:48 | qs.volatility | INFO  | Top 3 volatile: DOGE/USDT(0.260%), XRP/USDT(0.173%), SOL/USDT(0.228%)
2026-03-12 18:52:52 | qs.exploit_gate | INFO  | Gate OPEN | type=TRENDING conf=0.75 | H=0.812(TRENDING) S=0.869 AC=0.116(TRENDING) VR=1.157(TRENDING) | pass_rate=100.0%
2026-03-12 18:52:52 | qs.graveyard | WARNING | BLOCKED by tombstone | similarity=0.83 | pattern_losses=1 | total_lost=$-7.37
2026-03-12 18:52:52 | qs.scalper   | INFO  | GRAVEYARD blocked DOGE/USDT SHORT (sim=0.83)
2026-03-12 18:52:52 | qs.exploit_gate | INFO  | Gate OPEN | type=TRENDING conf=0.74 | H=0.830(TRENDING) S=0.893 AC=0.209(TRENDING) VR=1.280(TRENDING) | pass_rate=100.0%
2026-03-12 18:52:52 | qs.exploit_gate | INFO  | Gate OPEN | type=TRENDING conf=0.74 | H=0.820(TRENDING) S=0.907 AC=0.173(TRENDING) VR=1.257(TRENDING) | pass_rate=100.0%
2026-03-12 18:52:52 | qs.graveyard | WARNING | BLOCKED by tombstone | similarity=0.82 | pattern_losses=1 | total_lost=$-0.04
2026-03-12 18:52:52 | qs.scalper   | INFO  | GRAVEYARD blocked SOL/USDT SHORT (sim=0.82)
2026-03-12 18:53:22 | qs.volatility | INFO  | Top 3 volatile: DOGE/USDT(0.260%), XRP/USDT(0.173%), SOL/USDT(0.228%)
2026-03-12 18:53:26 | qs.exploit_gate | INFO  | Gate OPEN | type=TRENDING conf=0.75 | H=0.807(TRENDING) S=0.869 AC=0.115(TRENDING) VR=1.157(TRENDING) | pass_rate=100.0%
2026-03-12 18:53:26 | qs.graveyard | WARNING | BLOCKED by tombstone | similarity=0.80 | pattern_losses=1 | total_lost=$-7.37
2026-03-12 18:53:26 | qs.scalper   | INFO  | GRAVEYARD blocked DOGE/USDT SHORT (sim=0.80)
2026-03-12 18:53:26 | qs.exploit_gate | INFO  | Gate OPEN | type=TRENDING conf=0.74 | H=0.832(TRENDING) S=0.889 AC=0.209(TRENDING) VR=1.286(TRENDING) | pass_rate=100.0%
2026-03-12 18:53:26 | qs.graveyard | WARNING | BLOCKED by tombstone | similarity=0.78 | pattern_losses=1 | total_lost=$-7.37
2026-03-12 18:53:26 | qs.scalper   | INFO  | GRAVEYARD blocked XRP/USDT SHORT (sim=0.78)
2026-03-12 18:53:26 | qs.exploit_gate | INFO  | Gate OPEN | type=TRENDING conf=0.74 | H=0.822(TRENDING) S=0.907 AC=0.172(TRENDING) VR=1.252(TRENDING) | pass_rate=100.0%
2026-03-12 18:53:26 | qs.graveyard | WARNING | BLOCKED by tombstone | similarity=0.80 | pattern_losses=1 | total_lost=$-7.37
2026-03-12 18:53:26 | qs.scalper   | INFO  | GRAVEYARD blocked SOL/USDT SHORT (sim=0.80)
2026-03-12 18:53:56 | qs.volatility | INFO  | Top 3 volatile: DOGE/USDT(0.260%), XRP/USDT(0.173%), SOL/USDT(0.228%)
2026-03-12 18:54:00 | qs.exploit_gate | INFO  | Gate OPEN | type=TRENDING conf=0.75 | H=0.807(TRENDING) S=0.869 AC=0.115(TRENDING) VR=1.157(TRENDING) | pass_rate=100.0%
2026-03-12 18:54:00 | qs.graveyard | WARNING | BLOCKED by tombstone | similarity=0.96 | pattern_losses=1 | total_lost=$-0.04
2026-03-12 18:54:00 | qs.scalper   | INFO  | GRAVEYARD blocked DOGE/USDT SHORT (sim=0.96)
2026-03-12 18:54:00 | qs.exploit_gate | INFO  | Gate OPEN | type=TRENDING conf=0.74 | H=0.832(TRENDING) S=0.889 AC=0.209(TRENDING) VR=1.287(TRENDING) | pass_rate=100.0%
2026-03-12 18:54:00 | qs.graveyard | WARNING | BLOCKED by tombstone | similarity=0.82 | pattern_losses=1 | total_lost=$-0.04
2026-03-12 18:54:00 | qs.scalper   | INFO  | GRAVEYARD blocked XRP/USDT SHORT (sim=0.82)
2026-03-12 18:54:00 | qs.exploit_gate | INFO  | Gate OPEN | type=TRENDING conf=0.74 | H=0.822(TRENDING) S=0.907 AC=0.172(TRENDING) VR=1.253(TRENDING) | pass_rate=100.0%
2026-03-12 18:54:00 | qs.graveyard | WARNING | BLOCKED by tombstone | similarity=0.81 | pattern_losses=1 | total_lost=$-0.04
2026-03-12 18:54:00 | qs.scalper   | INFO  | GRAVEYARD blocked SOL/USDT SHORT (sim=0.81)
2026-03-12 18:54:30 | qs.volatility | INFO  | Top 3 volatile: DOGE/USDT(0.260%), XRP/USDT(0.173%), SOL/USDT(0.228%)
2026-03-12 18:54:34 | qs.exploit_gate | INFO  | Gate OPEN | type=TRENDING conf=0.75 | H=0.803(TRENDING) S=0.866 AC=0.112(TRENDING) VR=1.159(TRENDING) | pass_rate=100.0%
2026-03-12 18:54:34 | qs.graveyard | WARNING | BLOCKED by tombstone | similarity=0.83 | pattern_losses=1 | total_lost=$-7.37
2026-03-12 18:54:34 | qs.scalper   | INFO  | GRAVEYARD blocked DOGE/USDT SHORT (sim=0.83)
2026-03-12 18:54:34 | qs.exploit_gate | INFO  | Gate OPEN | type=TRENDING conf=0.75 | H=0.821(TRENDING) S=0.880 AC=0.207(TRENDING) VR=1.330(TRENDING) | pass_rate=100.0%
2026-03-12 18:54:34 | qs.graveyard | WARNING | BLOCKED by tombstone | similarity=0.80 | pattern_losses=1 | total_lost=$-7.37
2026-03-12 18:54:34 | qs.scalper   | INFO  | GRAVEYARD blocked XRP/USDT SHORT (sim=0.80)
2026-03-12 18:54:34 | qs.exploit_gate | INFO  | Gate OPEN | type=TRENDING conf=0.74 | H=0.803(TRENDING) S=0.904 AC=0.157(TRENDING) VR=1.268(TRENDING) | pass_rate=100.0%
2026-03-12 18:54:34 | qs.graveyard | WARNING | BLOCKED by tombstone | similarity=0.80 | pattern_losses=1 | total_lost=$-7.37
2026-03-12 18:54:34 | qs.scalper   | INFO  | GRAVEYARD blocked SOL/USDT SHORT (sim=0.80)
2026-03-12 19:14:18 | qs.system    | INFO  | Starting Quant Scalper v6 on http://localhost:8000
2026-03-12 19:14:34 | qs.system    | INFO  | Starting bot mode=paper symbols=['BTC/USDT', 'ETH/USDT', 'SOL/USDT']
2026-03-12 19:14:35 | qs.data      | INFO  | Exchange initialized for BTC/USDT
2026-03-12 19:14:35 | qs.data      | INFO  | Exchange initialized for ETH/USDT
2026-03-12 19:14:35 | qs.data      | INFO  | Exchange initialized for SOL/USDT
2026-03-12 19:14:35 | qs.graveyard | INFO  | Loaded 6 tombstones from graveyard
2026-03-12 19:14:35 | qs.data      | INFO  | Exchange initialized for BTC/USDT
2026-03-12 19:14:35 | qs.data      | INFO  | Exchange initialized for ETH/USDT
2026-03-12 19:14:35 | qs.data      | INFO  | Exchange initialized for SOL/USDT
2026-03-12 19:14:40 | qs.ml        | INFO  | Computing features for training...
2026-03-12 19:14:41 | qs.ml        | INFO  | Trained: val_accuracy=52.4% samples=442 top_features=['bb_width_z', 'atr_norm', 'macd_hist_z']
2026-03-12 19:14:56 | qs.volatility | INFO  | Top 3 volatile: SOL/USDT(0.232%), BTC/USDT(0.157%), ETH/USDT(0.201%)
2026-03-12 19:15:05 | qs.exploit_gate | INFO  | Gate OPEN | type=TRENDING conf=0.74 | H=0.798(TRENDING) S=0.907 AC=0.099(TRENDING) VR=1.175(TRENDING) | pass_rate=100.0%
2026-03-12 19:15:05 | qs.exploit_gate | INFO  | Gate OPEN | type=TRENDING conf=0.74 | H=0.803(TRENDING) S=0.895 AC=0.082(TRENDING) VR=1.161(TRENDING) | pass_rate=100.0%
2026-03-12 19:15:05 | qs.graveyard | WARNING | BLOCKED by tombstone | similarity=0.77 | pattern_losses=1 | total_lost=$-11.24
2026-03-12 19:15:05 | qs.scalper   | INFO  | GRAVEYARD blocked BTC/USDT LONG (sim=0.77)
2026-03-12 19:15:05 | qs.exploit_gate | INFO  | Gate OPEN | type=TRENDING conf=0.76 | H=0.801(TRENDING) S=0.847 AC=0.099(TRENDING) VR=1.159(TRENDING) | pass_rate=100.0%
2026-03-12 19:15:35 | qs.volatility | INFO  | Top 3 volatile: SOL/USDT(0.232%), BTC/USDT(0.157%), ETH/USDT(0.201%)
2026-03-12 19:15:36 | qs.exploit_gate | INFO  | Gate OPEN | type=TRENDING conf=0.74 | H=0.798(TRENDING) S=0.908 AC=0.105(TRENDING) VR=1.178(TRENDING) | pass_rate=100.0%
2026-03-12 19:15:36 | qs.exploit_gate | INFO  | Gate OPEN | type=TRENDING conf=0.74 | H=0.784(TRENDING) S=0.888 AC=0.110(TRENDING) VR=1.187(TRENDING) | pass_rate=100.0%
2026-03-12 19:15:37 | qs.signal    | INFO  | ACCEPT BTC/USDT LONG grade=C score=0.7 quality=0.661 | {"breakdown": {"technical": 0.674, "ml_confidence": 0.437, "order_flow": 0.995, "volatility": 0.7}}
2026-03-12 19:15:37 | qs.asym_risk | INFO  | LONG entry=69740.00 | SL=69502.33(0.34%) TP=70167.81 | RR=1.8 EV=251.5265 ✓ +EV
2026-03-12 19:15:37 | qs.risk      | INFO  | Kelly sizing: p=0.60 rr=1.8 kelly_f=-0.1254 risk%=0.0050 quality=0.74 size=$288
2026-03-12 19:15:37 | qs.system    | INFO  | Execution attempt symbol=BTC/USDT signal=LONG mode=paper size=287.73
2026-03-12 19:15:37 | qs.order     | INFO  | PAPER_FILL BTC/USDT LONG size=$287.73 price=69753.95 | {"slippage_bps": 2.0, "grade": "C"}
2026-03-12 19:15:37 | qs.system    | INFO  | ENTRY BTC/USDT LONG q=0.735 gate=TRENDING(0.74) RR=1.8 EV=251.5265 $288
2026-03-12 19:16:07 | qs.volatility | INFO  | Top 3 volatile: SOL/USDT(0.232%), BTC/USDT(0.157%), ETH/USDT(0.201%)
2026-03-12 19:16:08 | qs.exploit_gate | INFO  | Gate OPEN | type=TRENDING conf=0.74 | H=0.782(TRENDING) S=0.900 AC=0.075(TRENDING) VR=1.176(TRENDING) | pass_rate=100.0%
2026-03-12 19:16:08 | qs.exploit_gate | INFO  | Gate OPEN | type=TRENDING conf=0.75 | H=0.798(TRENDING) S=0.882 AC=0.095(TRENDING) VR=1.212(TRENDING) | pass_rate=100.0%
2026-03-12 19:16:08 | qs.graveyard | WARNING | BLOCKED by tombstone | similarity=0.83 | pattern_losses=1 | total_lost=$-11.24
2026-03-12 19:16:08 | qs.scalper   | INFO  | GRAVEYARD blocked BTC/USDT LONG (sim=0.83)
2026-03-12 19:16:08 | qs.exploit_gate | INFO  | Gate OPEN | type=TRENDING conf=0.77 | H=0.788(TRENDING) S=0.833 AC=0.126(TRENDING) VR=1.228(TRENDING) | pass_rate=100.0%
2026-03-12 19:16:08 | qs.graveyard | WARNING | BLOCKED by tombstone | similarity=0.81 | pattern_losses=1 | total_lost=$-11.24
2026-03-12 19:16:08 | qs.scalper   | INFO  | GRAVEYARD blocked ETH/USDT LONG (sim=0.81)
2026-03-12 19:16:38 | qs.volatility | INFO  | Top 3 volatile: SOL/USDT(0.232%), BTC/USDT(0.157%), ETH/USDT(0.201%)
2026-03-12 19:16:40 | qs.exploit_gate | INFO  | Gate OPEN | type=TRENDING conf=0.74 | H=0.782(TRENDING) S=0.900 AC=0.078(TRENDING) VR=1.172(TRENDING) | pass_rate=100.0%
2026-03-12 19:16:40 | qs.graveyard | WARNING | BLOCKED by tombstone | similarity=0.89 | pattern_losses=1 | total_lost=$-11.24
2026-03-12 19:16:40 | qs.scalper   | INFO  | GRAVEYARD blocked SOL/USDT SHORT (sim=0.89)
2026-03-12 19:16:40 | qs.exploit_gate | INFO  | Gate OPEN | type=TRENDING conf=0.75 | H=0.798(TRENDING) S=0.882 AC=0.095(TRENDING) VR=1.212(TRENDING) | pass_rate=100.0%
2026-03-12 19:16:40 | qs.graveyard | WARNING | BLOCKED by tombstone | similarity=0.93 | pattern_losses=1 | total_lost=$-11.24
2026-03-12 19:16:40 | qs.scalper   | INFO  | GRAVEYARD blocked BTC/USDT LONG (sim=0.93)
2026-03-12 19:16:40 | qs.exploit_gate | INFO  | Gate OPEN | type=TRENDING conf=0.77 | H=0.788(TRENDING) S=0.833 AC=0.127(TRENDING) VR=1.228(TRENDING) | pass_rate=100.0%
2026-03-12 19:16:40 | qs.graveyard | WARNING | BLOCKED by tombstone | similarity=0.77 | pattern_losses=1 | total_lost=$-11.24
2026-03-12 19:16:40 | qs.scalper   | INFO  | GRAVEYARD blocked ETH/USDT LONG (sim=0.77)
2026-03-12 19:17:10 | qs.volatility | INFO  | Top 3 volatile: SOL/USDT(0.232%), BTC/USDT(0.157%), ETH/USDT(0.201%)
2026-03-12 19:17:11 | qs.exploit_gate | INFO  | Gate OPEN | type=TRENDING conf=0.74 | H=0.778(TRENDING) S=0.901 AC=0.072(TRENDING) VR=1.197(TRENDING) | pass_rate=100.0%
2026-03-12 19:17:11 | qs.exploit_gate | INFO  | Gate OPEN | type=TRENDING conf=0.75 | H=0.801(TRENDING) S=0.885 AC=0.090(TRENDING) VR=1.216(TRENDING) | pass_rate=100.0%
2026-03-12 19:17:11 | qs.graveyard | WARNING | BLOCKED by tombstone | similarity=0.84 | pattern_losses=1 | total_lost=$-11.24
2026-03-12 19:17:11 | qs.scalper   | INFO  | GRAVEYARD blocked BTC/USDT LONG (sim=0.84)
2026-03-12 19:17:11 | qs.exploit_gate | INFO  | Gate OPEN | type=TRENDING conf=0.77 | H=0.784(TRENDING) S=0.836 AC=0.125(TRENDING) VR=1.235(TRENDING) | pass_rate=100.0%
2026-03-12 19:17:11 | qs.graveyard | WARNING | BLOCKED by tombstone | similarity=0.96 | pattern_losses=1 | total_lost=$-11.24
2026-03-12 19:17:11 | qs.scalper   | INFO  | GRAVEYARD blocked ETH/USDT LONG (sim=0.96)
2026-03-12 19:17:44 | qs.volatility | INFO  | Top 3 volatile: SOL/USDT(0.217%), BTC/USDT(0.149%), ETH/USDT(0.184%)
2026-03-12 19:17:45 | qs.exploit_gate | INFO  | Gate OPEN | type=TRENDING conf=0.74 | H=0.778(TRENDING) S=0.902 AC=0.074(TRENDING) VR=1.201(TRENDING) | pass_rate=100.0%
2026-03-12 19:17:45 | qs.exploit_gate | INFO  | Gate OPEN | type=TRENDING conf=0.75 | H=0.801(TRENDING) S=0.885 AC=0.090(TRENDING) VR=1.216(TRENDING) | pass_rate=100.0%
2026-03-12 19:17:45 | qs.graveyard | WARNING | BLOCKED by tombstone | similarity=0.88 | pattern_losses=1 | total_lost=$-11.24
2026-03-12 19:17:45 | qs.scalper   | INFO  | GRAVEYARD blocked BTC/USDT LONG (sim=0.88)
2026-03-12 19:17:45 | qs.exploit_gate | INFO  | Gate OPEN | type=TRENDING conf=0.77 | H=0.784(TRENDING) S=0.838 AC=0.125(TRENDING) VR=1.236(TRENDING) | pass_rate=100.0%
2026-03-12 19:17:45 | qs.graveyard | WARNING | BLOCKED by tombstone | similarity=0.88 | pattern_losses=1 | total_lost=$-11.24
2026-03-12 19:17:45 | qs.scalper   | INFO  | GRAVEYARD blocked ETH/USDT LONG (sim=0.88)
2026-03-12 19:18:15 | qs.volatility | INFO  | Top 3 volatile: SOL/USDT(0.217%), BTC/USDT(0.149%), ETH/USDT(0.184%)
2026-03-12 19:18:17 | qs.exploit_gate | INFO  | Gate OPEN | type=TRENDING conf=0.74 | H=0.775(TRENDING) S=0.905 AC=0.070(TRENDING) VR=1.204(TRENDING) | pass_rate=100.0%
2026-03-12 19:18:17 | qs.exploit_gate | INFO  | Gate OPEN | type=TRENDING conf=0.75 | H=0.789(TRENDING) S=0.885 AC=0.090(TRENDING) VR=1.235(TRENDING) | pass_rate=100.0%
2026-03-12 19:18:17 | qs.graveyard | WARNING | BLOCKED by tombstone | similarity=0.79 | pattern_losses=1 | total_lost=$-11.24
2026-03-12 19:18:17 | qs.scalper   | INFO  | GRAVEYARD blocked BTC/USDT LONG (sim=0.79)
2026-03-12 19:18:17 | qs.exploit_gate | INFO  | Gate OPEN | type=TRENDING conf=0.77 | H=0.788(TRENDING) S=0.838 AC=0.123(TRENDING) VR=1.250(TRENDING) | pass_rate=100.0%
2026-03-12 19:18:17 | qs.graveyard | WARNING | BLOCKED by tombstone | similarity=0.96 | pattern_losses=1 | total_lost=$-11.24
2026-03-12 19:18:17 | qs.scalper   | INFO  | GRAVEYARD blocked ETH/USDT LONG (sim=0.96)
2026-03-12 19:18:47 | qs.volatility | INFO  | Top 3 volatile: SOL/USDT(0.217%), BTC/USDT(0.149%), ETH/USDT(0.184%)
2026-03-12 19:18:49 | qs.exploit_gate | INFO  | Gate OPEN | type=TRENDING conf=0.74 | H=0.775(TRENDING) S=0.905 AC=0.073(TRENDING) VR=1.210(TRENDING) | pass_rate=100.0%
2026-03-12 19:18:49 | qs.exploit_gate | INFO  | Gate OPEN | type=TRENDING conf=0.74 | H=0.789(TRENDING) S=0.891 AC=0.081(TRENDING) VR=1.206(TRENDING) | pass_rate=100.0%
2026-03-12 19:18:50 | qs.signal    | INFO  | REJECT BTC/USDT LONG grade=D score=0.5 quality=0.474 | {"breakdown": {"technical": 0.549, "ml_confidence": 0.5, "order_flow": 0.11, "volatility": 0.7}}
2026-03-12 19:18:50 | qs.exploit_gate | INFO  | Gate OPEN | type=TRENDING conf=0.76 | H=0.788(TRENDING) S=0.841 AC=0.117(TRENDING) VR=1.237(TRENDING) | pass_rate=100.0%
2026-03-12 19:18:50 | qs.graveyard | WARNING | BLOCKED by tombstone | similarity=0.80 | pattern_losses=1 | total_lost=$-11.24
2026-03-12 19:18:50 | qs.scalper   | INFO  | GRAVEYARD blocked ETH/USDT LONG (sim=0.80)
2026-03-12 19:19:20 | qs.volatility | INFO  | Top 3 volatile: SOL/USDT(0.217%), BTC/USDT(0.149%), ETH/USDT(0.184%)
2026-03-12 19:19:22 | qs.exploit_gate | INFO  | Gate OPEN | type=TRENDING conf=0.74 | H=0.775(TRENDING) S=0.905 AC=0.072(TRENDING) VR=1.200(TRENDING) | pass_rate=100.0%
2026-03-12 19:19:22 | qs.graveyard | WARNING | BLOCKED by tombstone | similarity=0.93 | pattern_losses=1 | total_lost=$-11.24
2026-03-12 19:19:22 | qs.scalper   | INFO  | GRAVEYARD blocked SOL/USDT LONG (sim=0.93)
2026-03-12 19:19:22 | qs.exploit_gate | INFO  | Gate OPEN | type=TRENDING conf=0.75 | H=0.786(TRENDING) S=0.882 AC=0.096(TRENDING) VR=1.226(TRENDING) | pass_rate=100.0%
2026-03-12 19:19:23 | qs.signal    | INFO  | REJECT BTC/USDT LONG grade=D score=0.4 quality=0.429 | {"breakdown": {"technical": 0.549, "ml_confidence": 0.428, "order_flow": 0.008, "volatility": 0.7}}
2026-03-12 19:19:23 | qs.exploit_gate | INFO  | Gate OPEN | type=TRENDING conf=0.76 | H=0.786(TRENDING) S=0.839 AC=0.125(TRENDING) VR=1.245(TRENDING) | pass_rate=100.0%
2026-03-12 19:19:23 | qs.graveyard | WARNING | BLOCKED by tombstone | similarity=0.94 | pattern_losses=1 | total_lost=$-11.24
2026-03-12 19:19:23 | qs.scalper   | INFO  | GRAVEYARD blocked ETH/USDT LONG (sim=0.94)
2026-03-12 19:19:56 | qs.volatility | INFO  | Top 3 volatile: SOL/USDT(0.217%), BTC/USDT(0.149%), ETH/USDT(0.184%)
2026-03-12 19:19:57 | qs.exploit_gate | INFO  | Gate OPEN | type=TRENDING conf=0.74 | H=0.775(TRENDING) S=0.907 AC=0.070(TRENDING) VR=1.195(TRENDING) | pass_rate=100.0%
2026-03-12 19:19:57 | qs.graveyard | WARNING | BLOCKED by tombstone | similarity=0.89 | pattern_losses=1 | total_lost=$-11.24
2026-03-12 19:19:57 | qs.scalper   | INFO  | GRAVEYARD blocked SOL/USDT LONG (sim=0.89)
2026-03-12 19:19:57 | qs.exploit_gate | INFO  | Gate OPEN | type=TRENDING conf=0.74 | H=0.785(TRENDING) S=0.889 AC=0.092(TRENDING) VR=1.219(TRENDING) | pass_rate=100.0%
2026-03-12 19:19:57 | qs.signal    | INFO  | REJECT BTC/USDT LONG grade=D score=0.5 quality=0.486 | {"breakdown": {"technical": 0.674, "ml_confidence": 0.5, "order_flow": 0.013, "volatility": 0.7}}
2026-03-12 19:19:57 | qs.exploit_gate | INFO  | Gate OPEN | type=TRENDING conf=0.76 | H=0.786(TRENDING) S=0.839 AC=0.124(TRENDING) VR=1.244(TRENDING) | pass_rate=100.0%
2026-03-12 19:19:57 | qs.graveyard | WARNING | BLOCKED by tombstone | similarity=0.84 | pattern_losses=1 | total_lost=$-11.24
2026-03-12 19:19:57 | qs.scalper   | INFO  | GRAVEYARD blocked ETH/USDT LONG (sim=0.84)
2026-03-12 19:20:29 | qs.volatility | INFO  | Top 3 volatile: SOL/USDT(0.208%), BTC/USDT(0.147%), ETH/USDT(0.179%)
2026-03-12 19:20:31 | qs.exploit_gate | INFO  | Gate OPEN | type=TRENDING conf=0.74 | H=0.778(TRENDING) S=0.905 AC=0.077(TRENDING) VR=1.204(TRENDING) | pass_rate=100.0%
2026-03-12 19:20:31 | qs.graveyard | WARNING | BLOCKED by tombstone | similarity=0.93 | pattern_losses=1 | total_lost=$-11.24
2026-03-12 19:20:31 | qs.scalper   | INFO  | GRAVEYARD blocked SOL/USDT LONG (sim=0.93)
2026-03-12 19:20:31 | qs.exploit_gate | INFO  | Gate OPEN | type=TRENDING conf=0.75 | H=0.780(TRENDING) S=0.874 AC=0.091(TRENDING) VR=1.182(TRENDING) | pass_rate=100.0%
2026-03-12 19:20:31 | qs.graveyard | WARNING | BLOCKED by tombstone | similarity=0.77 | pattern_losses=1 | total_lost=$-11.24
2026-03-12 19:20:31 | qs.scalper   | INFO  | GRAVEYARD blocked BTC/USDT LONG (sim=0.77)
2026-03-12 19:20:31 | qs.exploit_gate | INFO  | Gate OPEN | type=TRENDING conf=0.77 | H=0.778(TRENDING) S=0.838 AC=0.124(TRENDING) VR=1.231(TRENDING) | pass_rate=100.0%
2026-03-12 19:20:31 | qs.graveyard | WARNING | BLOCKED by tombstone | similarity=0.77 | pattern_losses=1 | total_lost=$-11.24
2026-03-12 19:20:31 | qs.scalper   | INFO  | GRAVEYARD blocked ETH/USDT LONG (sim=0.77)
2026-03-12 19:21:01 | qs.volatility | INFO  | Top 3 volatile: SOL/USDT(0.208%), BTC/USDT(0.147%), ETH/USDT(0.179%)
2026-03-12 19:21:03 | qs.exploit_gate | INFO  | Gate OPEN | type=TRENDING conf=0.74 | H=0.778(TRENDING) S=0.905 AC=0.076(TRENDING) VR=1.203(TRENDING) | pass_rate=100.0%
2026-03-12 19:21:03 | qs.graveyard | WARNING | BLOCKED by tombstone | similarity=0.92 | pattern_losses=1 | total_lost=$-11.24
2026-03-12 19:21:03 | qs.scalper   | INFO  | GRAVEYARD blocked SOL/USDT LONG (sim=0.92)
2026-03-12 19:21:03 | qs.exploit_gate | INFO  | Gate OPEN | type=TRENDING conf=0.75 | H=0.781(TRENDING) S=0.874 AC=0.092(TRENDING) VR=1.185(TRENDING) | pass_rate=100.0%
2026-03-12 19:21:04 | qs.signal    | INFO  | REJECT BTC/USDT LONG grade=D score=0.5 quality=0.456 | {"breakdown": {"technical": 0.549, "ml_confidence": 0.5, "order_flow": 0.018, "volatility": 0.7}}
2026-03-12 19:21:04 | qs.exploit_gate | INFO  | Gate OPEN | type=TRENDING conf=0.77 | H=0.779(TRENDING) S=0.836 AC=0.123(TRENDING) VR=1.229(TRENDING) | pass_rate=100.0%
2026-03-12 19:21:04 | qs.signal    | INFO  | REJECT ETH/USDT LONG grade=D score=0.5 quality=0.453 | {"breakdown": {"technical": 0.549, "ml_confidence": 0.5, "order_flow": 0.006, "volatility": 0.7}}
2026-03-12 19:21:34 | qs.volatility | INFO  | Top 3 volatile: SOL/USDT(0.208%), BTC/USDT(0.147%), ETH/USDT(0.179%)
2026-03-12 19:21:36 | qs.exploit_gate | INFO  | Gate OPEN | type=TRENDING conf=0.74 | H=0.779(TRENDING) S=0.905 AC=0.075(TRENDING) VR=1.182(TRENDING) | pass_rate=100.0%
2026-03-12 19:21:36 | qs.graveyard | WARNING | BLOCKED by tombstone | similarity=0.93 | pattern_losses=1 | total_lost=$-11.24
2026-03-12 19:21:36 | qs.scalper   | INFO  | GRAVEYARD blocked SOL/USDT LONG (sim=0.93)
2026-03-12 19:21:36 | qs.exploit_gate | INFO  | Gate OPEN | type=TRENDING conf=0.75 | H=0.771(TRENDING) S=0.873 AC=0.091(TRENDING) VR=1.129(TRENDING) | pass_rate=100.0%
2026-03-12 19:21:36 | qs.signal    | INFO  | ACCEPT BTC/USDT LONG grade=C score=0.6 quality=0.648 | {"breakdown": {"technical": 0.549, "ml_confidence": 0.5, "order_flow": 0.978, "volatility": 0.7}}
2026-03-12 19:21:36 | qs.asym_risk | INFO  | LONG entry=69754.90 | SL=69504.22(0.36%) TP=70206.12 | RR=1.8 EV=256.7236 ✓ +EV
2026-03-12 19:21:36 | qs.risk      | INFO  | Kelly sizing: p=0.60 rr=1.8 kelly_f=-0.1254 risk%=0.0050 quality=0.72 size=$273
2026-03-12 19:21:36 | qs.system    | INFO  | R:R FIX: 1.8 → 2.0 | TP adjusted to 70256.26
2026-03-12 19:21:36 | qs.system    | INFO  | Execution attempt symbol=BTC/USDT signal=LONG mode=paper size=272.84
2026-03-12 19:21:36 | qs.risk      | WARNING | TRADE_REJECTED | {"symbol": "BTC/USDT", "side": "LONG", "size_usd": 272.84, "reasons": ["already_exposed_to_BTC/USDT"]}
2026-03-12 19:21:36 | qs.order     | INFO  | RISK_REJECT BTC/USDT LONG size=$272.84 price=69754.90 | {"reason": "already_exposed_to_BTC/USDT"}
2026-03-12 19:21:36 | qs.exploit_gate | INFO  | Gate OPEN | type=TRENDING conf=0.77 | H=0.780(TRENDING) S=0.838 AC=0.123(TRENDING) VR=1.196(TRENDING) | pass_rate=100.0%
2026-03-12 19:21:36 | qs.graveyard | WARNING | BLOCKED by tombstone | similarity=0.90 | pattern_losses=1 | total_lost=$-11.24
2026-03-12 19:21:36 | qs.scalper   | INFO  | GRAVEYARD blocked ETH/USDT LONG (sim=0.90)
2026-03-12 19:22:06 | qs.volatility | INFO  | Top 3 volatile: SOL/USDT(0.208%), BTC/USDT(0.147%), ETH/USDT(0.179%)
2026-03-12 19:22:09 | qs.exploit_gate | INFO  | Gate OPEN | type=TRENDING conf=0.74 | H=0.779(TRENDING) S=0.905 AC=0.071(TRENDING) VR=1.131(TRENDING) | pass_rate=100.0%
2026-03-12 19:22:09 | qs.graveyard | WARNING | BLOCKED by tombstone | similarity=0.93 | pattern_losses=1 | total_lost=$-11.24
2026-03-12 19:22:09 | qs.scalper   | INFO  | GRAVEYARD blocked SOL/USDT LONG (sim=0.93)
2026-03-12 19:22:09 | qs.exploit_gate | INFO  | Gate OPEN | type=TRENDING conf=0.75 | H=0.770(TRENDING) S=0.873 AC=0.090(TRENDING) VR=1.129(TRENDING) | pass_rate=100.0%
2026-03-12 19:22:09 | qs.graveyard | WARNING | BLOCKED by tombstone | similarity=0.88 | pattern_losses=1 | total_lost=$-11.24
2026-03-12 19:22:09 | qs.scalper   | INFO  | GRAVEYARD blocked BTC/USDT LONG (sim=0.88)
2026-03-12 19:22:09 | qs.exploit_gate | INFO  | Gate OPEN | type=TRENDING conf=0.77 | H=0.775(TRENDING) S=0.836 AC=0.124(TRENDING) VR=1.158(TRENDING) | pass_rate=100.0%
2026-03-12 19:22:09 | qs.graveyard | WARNING | BLOCKED by tombstone | similarity=0.92 | pattern_losses=1 | total_lost=$-11.24
2026-03-12 19:22:09 | qs.scalper   | INFO  | GRAVEYARD blocked ETH/USDT LONG (sim=0.92)
2026-03-12 19:22:39 | qs.volatility | INFO  | Top 3 volatile: SOL/USDT(0.208%), BTC/USDT(0.147%), ETH/USDT(0.179%)
2026-03-12 19:22:41 | qs.exploit_gate | INFO  | Gate OPEN | type=TRENDING conf=0.74 | H=0.779(TRENDING) S=0.905 AC=0.077(TRENDING) VR=1.133(TRENDING) | pass_rate=100.0%
2026-03-12 19:22:41 | qs.graveyard | WARNING | BLOCKED by tombstone | similarity=0.93 | pattern_losses=1 | total_lost=$-11.24
2026-03-12 19:22:41 | qs.scalper   | INFO  | GRAVEYARD blocked SOL/USDT LONG (sim=0.93)
2026-03-12 19:22:41 | qs.exploit_gate | INFO  | Gate OPEN | type=TRENDING conf=0.52 | H=0.767(TRENDING) S=0.873 AC=0.092(TRENDING) VR=1.067(NONE) | pass_rate=100.0%
2026-03-12 19:22:41 | qs.graveyard | WARNING | BLOCKED by tombstone | similarity=0.85 | pattern_losses=1 | total_lost=$-11.24
2026-03-12 19:22:41 | qs.scalper   | INFO  | GRAVEYARD blocked BTC/USDT LONG (sim=0.85)
2026-03-12 19:22:41 | qs.exploit_gate | INFO  | Gate OPEN | type=TRENDING conf=0.77 | H=0.776(TRENDING) S=0.838 AC=0.125(TRENDING) VR=1.154(TRENDING) | pass_rate=100.0%
2026-03-12 19:22:41 | qs.graveyard | WARNING | BLOCKED by tombstone | similarity=0.90 | pattern_losses=1 | total_lost=$-11.24
2026-03-12 19:22:41 | qs.scalper   | INFO  | GRAVEYARD blocked ETH/USDT LONG (sim=0.90)
2026-03-12 19:23:12 | qs.volatility | INFO  | Top 3 volatile: SOL/USDT(0.195%), BTC/USDT(0.141%), ETH/USDT(0.164%)
2026-03-12 19:23:14 | qs.exploit_gate | INFO  | Gate OPEN | type=TRENDING conf=0.74 | H=0.774(TRENDING) S=0.904 AC=0.065(TRENDING) VR=1.136(TRENDING) | pass_rate=100.0%
2026-03-12 19:23:14 | qs.graveyard | WARNING | BLOCKED by tombstone | similarity=0.94 | pattern_losses=1 | total_lost=$-11.24
2026-03-12 19:23:14 | qs.scalper   | INFO  | GRAVEYARD blocked SOL/USDT LONG (sim=0.94)
2026-03-12 19:23:14 | qs.exploit_gate | INFO  | Gate OPEN | type=TRENDING conf=0.29 | H=0.763(TRENDING) S=0.869 AC=0.057(NONE) VR=1.069(NONE) | pass_rate=100.0%
2026-03-12 19:23:14 | qs.graveyard | WARNING | BLOCKED by tombstone | similarity=0.77 | pattern_losses=1 | total_lost=$-11.24
2026-03-12 19:23:14 | qs.scalper   | INFO  | GRAVEYARD blocked BTC/USDT LONG (sim=0.77)
2026-03-12 19:23:14 | qs.exploit_gate | INFO  | Gate OPEN | type=TRENDING conf=0.77 | H=0.761(TRENDING) S=0.835 AC=0.110(TRENDING) VR=1.152(TRENDING) | pass_rate=100.0%
2026-03-12 19:23:14 | qs.graveyard | WARNING | BLOCKED by tombstone | similarity=0.75 | pattern_losses=1 | total_lost=$-11.24
2026-03-12 19:23:14 | qs.scalper   | INFO  | GRAVEYARD blocked ETH/USDT LONG (sim=0.75)
2026-03-12 19:23:44 | qs.volatility | INFO  | Top 3 volatile: SOL/USDT(0.195%), BTC/USDT(0.141%), ETH/USDT(0.164%)
2026-03-12 19:23:46 | qs.exploit_gate | INFO  | Gate OPEN | type=TRENDING conf=0.74 | H=0.774(TRENDING) S=0.904 AC=0.068(TRENDING) VR=1.138(TRENDING) | pass_rate=100.0%
2026-03-12 19:23:46 | qs.graveyard | WARNING | BLOCKED by tombstone | similarity=0.89 | pattern_losses=1 | total_lost=$-11.24
2026-03-12 19:23:46 | qs.scalper   | INFO  | GRAVEYARD blocked SOL/USDT LONG (sim=0.89)
2026-03-12 19:23:46 | qs.exploit_gate | INFO  | Gate OPEN | type=TRENDING conf=0.52 | H=0.763(TRENDING) S=0.871 AC=0.060(TRENDING) VR=1.066(NONE) | pass_rate=100.0%
2026-03-12 19:23:46 | qs.graveyard | WARNING | BLOCKED by tombstone | similarity=0.76 | pattern_losses=1 | total_lost=$-11.24
2026-03-12 19:23:46 | qs.scalper   | INFO  | GRAVEYARD blocked BTC/USDT LONG (sim=0.76)
2026-03-12 19:23:46 | qs.exploit_gate | INFO  | Gate OPEN | type=TRENDING conf=0.77 | H=0.761(TRENDING) S=0.838 AC=0.111(TRENDING) VR=1.151(TRENDING) | pass_rate=100.0%
2026-03-12 19:23:47 | qs.signal    | INFO  | ACCEPT ETH/USDT LONG grade=C score=0.6 quality=0.637 | {"breakdown": {"technical": 0.549, "ml_confidence": 0.5, "order_flow": 0.923, "volatility": 0.7}}
2026-03-12 19:23:47 | qs.asym_risk | INFO  | LONG entry=2051.07 | SL=2046.26(0.23%) TP=2061.44 | RR=2.2 EV=6.0207 ✓ +EV
2026-03-12 19:23:47 | qs.risk      | INFO  | Kelly sizing: p=0.60 rr=2.2 kelly_f=-0.1254 risk%=0.0050 quality=0.71 size=$419
2026-03-12 19:23:47 | qs.system    | INFO  | Execution attempt symbol=ETH/USDT signal=LONG mode=paper size=419.31
2026-03-12 19:23:47 | qs.order     | INFO  | PAPER_FILL ETH/USDT LONG size=$419.31 price=2051.48 | {"slippage_bps": 2.0, "grade": "C"}
2026-03-12 19:23:47 | qs.system    | INFO  | ENTRY ETH/USDT LONG q=0.713 gate=TRENDING(0.77) RR=2.2 EV=6.0207 $419
2026-03-12 19:24:17 | qs.volatility | INFO  | Top 3 volatile: SOL/USDT(0.195%), BTC/USDT(0.141%), ETH/USDT(0.164%)
2026-03-12 19:24:49 | qs.volatility | INFO  | Top 3 volatile: SOL/USDT(0.195%), BTC/USDT(0.141%), ETH/USDT(0.164%)
2026-03-12 19:25:25 | qs.volatility | INFO  | Top 3 volatile: SOL/USDT(0.195%), BTC/USDT(0.141%), ETH/USDT(0.164%)
2026-03-12 19:25:57 | qs.volatility | INFO  | Top 3 volatile: SOL/USDT(0.196%), BTC/USDT(0.143%), ETH/USDT(0.176%)
2026-03-12 19:26:29 | qs.volatility | INFO  | Top 3 volatile: SOL/USDT(0.196%), BTC/USDT(0.143%), ETH/USDT(0.176%)
2026-03-12 19:26:30 | qs.exploit_gate | INFO  | Gate OPEN | type=TRENDING conf=0.74 | H=0.812(TRENDING) S=0.891 AC=0.116(TRENDING) VR=1.187(TRENDING) | pass_rate=100.0%
2026-03-12 19:26:30 | qs.graveyard | WARNING | BLOCKED by tombstone | similarity=0.95 | pattern_losses=1 | total_lost=$-1.38
2026-03-12 19:26:30 | qs.scalper   | INFO  | GRAVEYARD blocked SOL/USDT LONG (sim=0.95)
2026-03-12 19:26:30 | qs.exploit_gate | INFO  | Gate OPEN | type=TRENDING conf=0.74 | H=0.813(TRENDING) S=0.905 AC=0.083(TRENDING) VR=1.156(TRENDING) | pass_rate=100.0%
2026-03-12 19:26:30 | qs.graveyard | WARNING | BLOCKED by tombstone | similarity=0.83 | pattern_losses=1 | total_lost=$-1.38
2026-03-12 19:26:30 | qs.scalper   | INFO  | GRAVEYARD blocked BTC/USDT LONG (sim=0.83)
2026-03-12 19:26:30 | qs.exploit_gate | INFO  | Gate OPEN | type=TRENDING conf=0.76 | H=0.810(TRENDING) S=0.839 AC=0.135(TRENDING) VR=1.191(TRENDING) | pass_rate=100.0%
2026-03-12 19:26:30 | qs.graveyard | WARNING | BLOCKED by tombstone | similarity=0.95 | pattern_losses=1 | total_lost=$-1.38
2026-03-12 19:26:30 | qs.scalper   | INFO  | GRAVEYARD blocked ETH/USDT LONG (sim=0.95)
2026-03-12 19:27:00 | qs.volatility | INFO  | Top 3 volatile: SOL/USDT(0.196%), BTC/USDT(0.143%), ETH/USDT(0.176%)
2026-03-12 19:27:02 | qs.exploit_gate | INFO  | Gate OPEN | type=TRENDING conf=0.79 | H=0.806(TRENDING) S=0.781 AC=0.099(TRENDING) VR=1.238(TRENDING) | pass_rate=100.0%
2026-03-12 19:27:03 | qs.exploit_gate | INFO  | Gate OPEN | type=TRENDING conf=0.76 | H=0.813(TRENDING) S=0.844 AC=0.093(TRENDING) VR=1.101(TRENDING) | pass_rate=100.0%
2026-03-12 19:27:03 | qs.graveyard | WARNING | BLOCKED by tombstone | similarity=0.82 | pattern_losses=1 | total_lost=$-1.38
2026-03-12 19:27:03 | qs.scalper   | INFO  | GRAVEYARD blocked BTC/USDT LONG (sim=0.82)
2026-03-12 19:27:03 | qs.exploit_gate | INFO  | Gate OPEN | type=TRENDING conf=0.78 | H=0.810(TRENDING) S=0.808 AC=0.142(TRENDING) VR=1.144(TRENDING) | pass_rate=100.0%
2026-03-12 19:27:03 | qs.graveyard | WARNING | BLOCKED by tombstone | similarity=0.88 | pattern_losses=1 | total_lost=$-1.38
2026-03-12 19:27:03 | qs.scalper   | INFO  | GRAVEYARD blocked ETH/USDT LONG (sim=0.88)
2026-03-12 19:27:33 | qs.volatility | INFO  | Top 3 volatile: SOL/USDT(0.196%), BTC/USDT(0.143%), ETH/USDT(0.176%)
2026-03-12 19:27:35 | qs.exploit_gate | INFO  | Gate OPEN | type=TRENDING conf=0.55 | H=0.806(TRENDING) S=0.789 AC=0.039(NONE) VR=1.171(TRENDING) | pass_rate=100.0%
2026-03-12 19:27:35 | qs.graveyard | WARNING | BLOCKED by tombstone | similarity=0.81 | pattern_losses=1 | total_lost=$-11.24
2026-03-12 19:27:35 | qs.scalper   | INFO  | GRAVEYARD blocked SOL/USDT LONG (sim=0.81)
2026-03-12 19:27:35 | qs.exploit_gate | INFO  | Gate OPEN | type=TRENDING conf=0.76 | H=0.797(TRENDING) S=0.840 AC=0.062(TRENDING) VR=1.214(TRENDING) | pass_rate=100.0%
2026-03-12 19:27:35 | qs.exploit_gate | INFO  | Gate OPEN | type=TRENDING conf=0.78 | H=0.788(TRENDING) S=0.795 AC=0.109(TRENDING) VR=1.243(TRENDING) | pass_rate=100.0%
2026-03-12 19:27:35 | qs.signal    | INFO  | ACCEPT ETH/USDT LONG grade=C score=0.6 quality=0.614 | {"breakdown": {"technical": 0.799, "ml_confidence": 0.339, "order_flow": 0.777, "volatility": 0.7}}
2026-03-12 19:27:35 | qs.asym_risk | INFO  | LONG entry=2065.98 | SL=2046.17(0.96%) TP=2101.63 | RR=1.8 EV=18.5612 ✓ +EV
2026-03-12 19:27:35 | qs.risk      | INFO  | Kelly sizing: p=0.65 rr=1.8 kelly_f=-0.0219 risk%=0.0050 quality=0.69 size=$104
2026-03-12 19:27:35 | qs.system    | INFO  | R:R FIX: 1.8 → 2.0 | TP adjusted to 2105.60
2026-03-12 19:27:35 | qs.system    | INFO  | Execution attempt symbol=ETH/USDT signal=LONG mode=paper size=103.92
2026-03-12 19:27:35 | qs.order     | INFO  | PAPER_FILL ETH/USDT LONG size=$103.92 price=2066.39 | {"slippage_bps": 2.0, "grade": "C"}
2026-03-12 19:27:35 | qs.system    | INFO  | ENTRY ETH/USDT LONG q=0.692 gate=TRENDING(0.78) RR=1.8 EV=18.5612 $104
2026-03-12 19:28:05 | qs.volatility | INFO  | Top 3 volatile: SOL/USDT(0.196%), BTC/USDT(0.143%), ETH/USDT(0.176%)
2026-03-12 19:28:08 | qs.exploit_gate | INFO  | Gate OPEN | type=TRENDING conf=0.79 | H=0.810(TRENDING) S=0.777 AC=0.081(TRENDING) VR=1.304(TRENDING) | pass_rate=100.0%
2026-03-12 19:28:08 | qs.exploit_gate | INFO  | Gate OPEN | type=TRENDING conf=0.76 | H=0.797(TRENDING) S=0.842 AC=0.099(TRENDING) VR=1.234(TRENDING) | pass_rate=100.0%
2026-03-12 19:28:08 | qs.graveyard | WARNING | BLOCKED by tombstone | similarity=0.78 | pattern_losses=1 | total_lost=$-1.15
2026-03-12 19:28:08 | qs.scalper   | INFO  | GRAVEYARD blocked BTC/USDT LONG (sim=0.78)
2026-03-12 19:28:08 | qs.exploit_gate | INFO  | Gate OPEN | type=TRENDING conf=0.79 | H=0.799(TRENDING) S=0.788 AC=0.131(TRENDING) VR=1.360(TRENDING) | pass_rate=100.0%
2026-03-12 19:28:39 | qs.volatility | INFO  | Top 3 volatile: SOL/USDT(0.219%), ETH/USDT(0.196%), BTC/USDT(0.166%)
2026-03-12 19:28:42 | qs.exploit_gate | INFO  | Gate OPEN | type=TRENDING conf=0.79 | H=0.809(TRENDING) S=0.777 AC=0.084(TRENDING) VR=1.293(TRENDING) | pass_rate=100.0%
2026-03-12 19:28:42 | qs.exploit_gate | INFO  | Gate OPEN | type=TRENDING conf=0.79 | H=0.799(TRENDING) S=0.788 AC=0.130(TRENDING) VR=1.355(TRENDING) | pass_rate=100.0%
2026-03-12 19:28:42 | qs.exploit_gate | INFO  | Gate OPEN | type=TRENDING conf=0.77 | H=0.809(TRENDING) S=0.834 AC=0.087(TRENDING) VR=1.302(TRENDING) | pass_rate=100.0%
2026-03-12 19:29:12 | qs.volatility | INFO  | Top 3 volatile: SOL/USDT(0.219%), ETH/USDT(0.196%), BTC/USDT(0.166%)
2026-03-12 19:29:14 | qs.exploit_gate | INFO  | Gate OPEN | type=TRENDING conf=0.79 | H=0.813(TRENDING) S=0.779 AC=0.081(TRENDING) VR=1.360(TRENDING) | pass_rate=100.0%
2026-03-12 19:29:14 | qs.exploit_gate | INFO  | Gate OPEN | type=TRENDING conf=0.79 | H=0.805(TRENDING) S=0.787 AC=0.133(TRENDING) VR=1.413(TRENDING) | pass_rate=100.0%
2026-03-12 19:29:14 | qs.exploit_gate | INFO  | Gate OPEN | type=TRENDING conf=0.77 | H=0.806(TRENDING) S=0.833 AC=0.091(TRENDING) VR=1.341(TRENDING) | pass_rate=100.0%
2026-03-12 19:29:44 | qs.volatility | INFO  | Top 3 volatile: SOL/USDT(0.219%), ETH/USDT(0.196%), BTC/USDT(0.166%)
2026-03-12 19:29:46 | qs.exploit_gate | INFO  | Gate OPEN | type=TRENDING conf=0.79 | H=0.813(TRENDING) S=0.779 AC=0.079(TRENDING) VR=1.345(TRENDING) | pass_rate=100.0%
2026-03-12 19:29:46 | qs.graveyard | WARNING | BLOCKED by tombstone | similarity=0.87 | pattern_losses=1 | total_lost=$-7.37
2026-03-12 19:29:46 | qs.scalper   | INFO  | GRAVEYARD blocked SOL/USDT LONG (sim=0.88)
2026-03-12 19:29:46 | qs.exploit_gate | INFO  | Gate OPEN | type=TRENDING conf=0.79 | H=0.806(TRENDING) S=0.788 AC=0.132(TRENDING) VR=1.403(TRENDING) | pass_rate=100.0%
2026-03-12 19:29:46 | qs.exploit_gate | INFO  | Gate OPEN | type=TRENDING conf=0.77 | H=0.806(TRENDING) S=0.834 AC=0.093(TRENDING) VR=1.322(TRENDING) | pass_rate=100.0%
2026-03-12 19:30:16 | qs.volatility | INFO  | Top 3 volatile: SOL/USDT(0.219%), ETH/USDT(0.196%), BTC/USDT(0.166%)
2026-03-12 19:30:18 | qs.exploit_gate | INFO  | Gate OPEN | type=TRENDING conf=0.79 | H=0.804(TRENDING) S=0.782 AC=0.094(TRENDING) VR=1.351(TRENDING) | pass_rate=100.0%
2026-03-12 19:30:18 | qs.graveyard | WARNING | BLOCKED by tombstone | similarity=0.95 | pattern_losses=1 | total_lost=$-7.37
2026-03-12 19:30:18 | qs.scalper   | INFO  | GRAVEYARD blocked SOL/USDT LONG (sim=0.95)
2026-03-12 19:30:18 | qs.exploit_gate | INFO  | Gate OPEN | type=TRENDING conf=0.79 | H=0.804(TRENDING) S=0.788 AC=0.131(TRENDING) VR=1.398(TRENDING) | pass_rate=100.0%
2026-03-12 19:30:18 | qs.exploit_gate | INFO  | Gate OPEN | type=TRENDING conf=0.77 | H=0.795(TRENDING) S=0.834 AC=0.095(TRENDING) VR=1.321(TRENDING) | pass_rate=100.0%
2026-03-12 19:30:52 | qs.volatility | INFO  | Top 3 volatile: SOL/USDT(0.219%), ETH/USDT(0.196%), BTC/USDT(0.166%)
2026-03-12 19:30:54 | qs.exploit_gate | INFO  | Gate OPEN | type=TRENDING conf=0.79 | H=0.804(TRENDING) S=0.777 AC=0.089(TRENDING) VR=1.374(TRENDING) | pass_rate=100.0%
2026-03-12 19:30:54 | qs.graveyard | WARNING | BLOCKED by tombstone | similarity=0.93 | pattern_losses=1 | total_lost=$-7.37
2026-03-12 19:30:54 | qs.scalper   | INFO  | GRAVEYARD blocked SOL/USDT LONG (sim=0.93)
2026-03-12 19:30:54 | qs.exploit_gate | INFO  | Gate OPEN | type=TRENDING conf=0.79 | H=0.804(TRENDING) S=0.788 AC=0.131(TRENDING) VR=1.402(TRENDING) | pass_rate=100.0%
2026-03-12 19:30:54 | qs.exploit_gate | INFO  | Gate OPEN | type=TRENDING conf=0.77 | H=0.795(TRENDING) S=0.834 AC=0.097(TRENDING) VR=1.317(TRENDING) | pass_rate=100.0%
2026-03-12 19:30:54 | qs.graveyard | WARNING | BLOCKED by tombstone | similarity=0.82 | pattern_losses=1 | total_lost=$-7.37
2026-03-12 19:30:54 | qs.scalper   | INFO  | GRAVEYARD blocked BTC/USDT LONG (sim=0.82)
2026-03-12 19:31:25 | qs.volatility | INFO  | Top 3 volatile: BTC/USDT(0.156%), SOL/USDT(0.208%), ETH/USDT(0.182%)
2026-03-12 19:31:27 | qs.exploit_gate | INFO  | Gate OPEN | type=TRENDING conf=0.77 | H=0.795(TRENDING) S=0.825 AC=0.102(TRENDING) VR=1.344(TRENDING) | pass_rate=100.0%
2026-03-12 19:31:27 | qs.exploit_gate | INFO  | Gate OPEN | type=TRENDING conf=0.79 | H=0.791(TRENDING) S=0.774 AC=0.086(TRENDING) VR=1.371(TRENDING) | pass_rate=100.0%
2026-03-12 19:31:27 | qs.exploit_gate | INFO  | Gate OPEN | type=TRENDING conf=0.79 | H=0.806(TRENDING) S=0.781 AC=0.130(TRENDING) VR=1.412(TRENDING) | pass_rate=100.0%
2026-03-12 19:31:57 | qs.volatility | INFO  | Top 3 volatile: BTC/USDT(0.156%), SOL/USDT(0.208%), ETH/USDT(0.182%)
2026-03-12 19:31:59 | qs.exploit_gate | INFO  | Gate OPEN | type=TRENDING conf=0.77 | H=0.795(TRENDING) S=0.825 AC=0.102(TRENDING) VR=1.344(TRENDING) | pass_rate=100.0%
2026-03-12 19:31:59 | qs.exploit_gate | INFO  | Gate OPEN | type=TRENDING conf=0.79 | H=0.791(TRENDING) S=0.774 AC=0.086(TRENDING) VR=1.371(TRENDING) | pass_rate=100.0%
2026-03-12 19:31:59 | qs.exploit_gate | INFO  | Gate OPEN | type=TRENDING conf=0.79 | H=0.805(TRENDING) S=0.783 AC=0.130(TRENDING) VR=1.411(TRENDING) | pass_rate=100.0%
2026-03-12 19:32:29 | qs.volatility | INFO  | Top 3 volatile: BTC/USDT(0.156%), SOL/USDT(0.208%), ETH/USDT(0.182%)
2026-03-12 19:32:32 | qs.exploit_gate | INFO  | Gate OPEN | type=TRENDING conf=0.77 | H=0.786(TRENDING) S=0.828 AC=0.102(TRENDING) VR=1.343(TRENDING) | pass_rate=100.0%
2026-03-12 19:32:32 | qs.exploit_gate | INFO  | Gate OPEN | type=TRENDING conf=0.79 | H=0.777(TRENDING) S=0.770 AC=0.085(TRENDING) VR=1.374(TRENDING) | pass_rate=100.0%
2026-03-12 19:32:32 | qs.exploit_gate | INFO  | Gate OPEN | type=TRENDING conf=0.79 | H=0.781(TRENDING) S=0.783 AC=0.129(TRENDING) VR=1.411(TRENDING) | pass_rate=100.0%
2026-03-12 19:33:02 | qs.volatility | INFO  | Top 3 volatile: BTC/USDT(0.156%), SOL/USDT(0.208%), ETH/USDT(0.182%)
2026-03-12 19:33:04 | qs.exploit_gate | INFO  | Gate OPEN | type=TRENDING conf=0.77 | H=0.786(TRENDING) S=0.825 AC=0.103(TRENDING) VR=1.351(TRENDING) | pass_rate=100.0%
2026-03-12 19:33:04 | qs.exploit_gate | INFO  | Gate OPEN | type=TRENDING conf=0.79 | H=0.776(TRENDING) S=0.772 AC=0.082(TRENDING) VR=1.367(TRENDING) | pass_rate=100.0%
2026-03-12 19:33:04 | qs.graveyard | WARNING | BLOCKED by tombstone | similarity=0.88 | pattern_losses=1 | total_lost=$-7.37
2026-03-12 19:33:04 | qs.scalper   | INFO  | GRAVEYARD blocked SOL/USDT LONG (sim=0.88)
2026-03-12 19:33:05 | qs.exploit_gate | INFO  | Gate OPEN | type=TRENDING conf=0.79 | H=0.780(TRENDING) S=0.783 AC=0.128(TRENDING) VR=1.410(TRENDING) | pass_rate=100.0%
2026-03-12 19:33:35 | qs.volatility | INFO  | Top 3 volatile: BTC/USDT(0.156%), SOL/USDT(0.208%), ETH/USDT(0.182%)
2026-03-12 19:33:37 | qs.exploit_gate | INFO  | Gate OPEN | type=TRENDING conf=0.77 | H=0.782(TRENDING) S=0.826 AC=0.100(TRENDING) VR=1.351(TRENDING) | pass_rate=100.0%
2026-03-12 19:33:37 | qs.exploit_gate | INFO  | Gate OPEN | type=TRENDING conf=0.79 | H=0.783(TRENDING) S=0.772 AC=0.082(TRENDING) VR=1.366(TRENDING) | pass_rate=100.0%
2026-03-12 19:33:37 | qs.exploit_gate | INFO  | Gate OPEN | type=TRENDING conf=0.79 | H=0.779(TRENDING) S=0.783 AC=0.126(TRENDING) VR=1.409(TRENDING) | pass_rate=100.0%
2026-03-12 19:33:37 | qs.graveyard | WARNING | BLOCKED by tombstone | similarity=0.85 | pattern_losses=1 | total_lost=$-7.37
2026-03-12 19:33:37 | qs.scalper   | INFO  | GRAVEYARD blocked ETH/USDT LONG (sim=0.85)
2026-03-12 19:34:08 | qs.volatility | INFO  | Top 3 volatile: ETH/USDT(0.174%), SOL/USDT(0.204%), BTC/USDT(0.149%)
2026-03-12 19:34:10 | qs.exploit_gate | INFO  | Gate OPEN | type=TRENDING conf=0.79 | H=0.773(TRENDING) S=0.783 AC=0.128(TRENDING) VR=1.424(TRENDING) | pass_rate=100.0%
2026-03-12 19:34:10 | qs.graveyard | WARNING | BLOCKED by tombstone | similarity=0.82 | pattern_losses=1 | total_lost=$-7.37
2026-03-12 19:34:10 | qs.scalper   | INFO  | GRAVEYARD blocked ETH/USDT LONG (sim=0.82)
2026-03-12 19:34:10 | qs.exploit_gate | INFO  | Gate OPEN | type=TRENDING conf=0.80 | H=0.762(TRENDING) S=0.764 AC=0.083(TRENDING) VR=1.388(TRENDING) | pass_rate=100.0%
2026-03-12 19:34:10 | qs.graveyard | WARNING | BLOCKED by tombstone | similarity=0.95 | pattern_losses=1 | total_lost=$-7.37
2026-03-12 19:34:10 | qs.scalper   | INFO  | GRAVEYARD blocked SOL/USDT LONG (sim=0.95)
2026-03-12 19:34:10 | qs.exploit_gate | INFO  | Gate OPEN | type=TRENDING conf=0.77 | H=0.775(TRENDING) S=0.825 AC=0.107(TRENDING) VR=1.368(TRENDING) | pass_rate=100.0%
2026-03-12 19:34:40 | qs.volatility | INFO  | Top 3 volatile: ETH/USDT(0.174%), SOL/USDT(0.204%), BTC/USDT(0.149%)
2026-03-12 19:34:43 | qs.exploit_gate | INFO  | Gate OPEN | type=TRENDING conf=0.79 | H=0.773(TRENDING) S=0.783 AC=0.128(TRENDING) VR=1.424(TRENDING) | pass_rate=100.0%
2026-03-12 19:34:43 | qs.graveyard | WARNING | BLOCKED by tombstone | similarity=0.83 | pattern_losses=1 | total_lost=$-1.56
2026-03-12 19:34:43 | qs.scalper   | INFO  | GRAVEYARD blocked ETH/USDT LONG (sim=0.83)
2026-03-12 19:34:43 | qs.exploit_gate | INFO  | Gate OPEN | type=TRENDING conf=0.80 | H=0.763(TRENDING) S=0.764 AC=0.082(TRENDING) VR=1.386(TRENDING) | pass_rate=100.0%
2026-03-12 19:34:43 | qs.graveyard | WARNING | BLOCKED by tombstone | similarity=0.98 | pattern_losses=1 | total_lost=$-7.37
2026-03-12 19:34:43 | qs.scalper   | INFO  | GRAVEYARD blocked SOL/USDT LONG (sim=0.98)
2026-03-12 19:34:43 | qs.exploit_gate | INFO  | Gate OPEN | type=TRENDING conf=0.77 | H=0.775(TRENDING) S=0.825 AC=0.103(TRENDING) VR=1.366(TRENDING) | pass_rate=100.0%
2026-03-12 19:34:43 | qs.graveyard | WARNING | BLOCKED by tombstone | similarity=0.85 | pattern_losses=1 | total_lost=$-7.37
2026-03-12 19:34:43 | qs.scalper   | INFO  | GRAVEYARD blocked BTC/USDT LONG (sim=0.85)
2026-03-12 19:35:13 | qs.volatility | INFO  | Top 3 volatile: ETH/USDT(0.174%), SOL/USDT(0.204%), BTC/USDT(0.149%)
2026-03-12 19:35:16 | qs.exploit_gate | INFO  | Gate OPEN | type=TRENDING conf=0.79 | H=0.786(TRENDING) S=0.784 AC=0.127(TRENDING) VR=1.379(TRENDING) | pass_rate=100.0%
2026-03-12 19:35:16 | qs.exploit_gate | INFO  | Gate OPEN | type=TRENDING conf=0.79 | H=0.767(TRENDING) S=0.766 AC=0.079(TRENDING) VR=1.345(TRENDING) | pass_rate=100.0%
2026-03-12 19:35:16 | qs.graveyard | WARNING | BLOCKED by tombstone | similarity=0.96 | pattern_losses=1 | total_lost=$-7.37
2026-03-12 19:35:16 | qs.scalper   | INFO  | GRAVEYARD blocked SOL/USDT LONG (sim=0.96)
2026-03-12 19:35:16 | qs.exploit_gate | INFO  | Gate OPEN | type=TRENDING conf=0.77 | H=0.785(TRENDING) S=0.825 AC=0.100(TRENDING) VR=1.333(TRENDING) | pass_rate=100.0%
2026-03-12 19:35:16 | qs.graveyard | WARNING | BLOCKED by tombstone | similarity=0.83 | pattern_losses=1 | total_lost=$-1.56
2026-03-12 19:35:16 | qs.scalper   | INFO  | GRAVEYARD blocked BTC/USDT LONG (sim=0.82)
2026-03-12 19:35:46 | qs.volatility | INFO  | Top 3 volatile: ETH/USDT(0.174%), SOL/USDT(0.204%), BTC/USDT(0.149%)
2026-03-12 19:35:47 | qs.exploit_gate | INFO  | Gate OPEN | type=TRENDING conf=0.79 | H=0.786(TRENDING) S=0.784 AC=0.127(TRENDING) VR=1.379(TRENDING) | pass_rate=100.0%
2026-03-12 19:35:47 | qs.exploit_gate | INFO  | Gate OPEN | type=TRENDING conf=0.79 | H=0.767(TRENDING) S=0.767 AC=0.081(TRENDING) VR=1.342(TRENDING) | pass_rate=100.0%
2026-03-12 19:35:47 | qs.graveyard | WARNING | BLOCKED by tombstone | similarity=0.95 | pattern_losses=1 | total_lost=$-7.37
2026-03-12 19:35:47 | qs.scalper   | INFO  | GRAVEYARD blocked SOL/USDT LONG (sim=0.95)
2026-03-12 19:35:47 | qs.exploit_gate | INFO  | Gate OPEN | type=TRENDING conf=0.77 | H=0.785(TRENDING) S=0.825 AC=0.101(TRENDING) VR=1.331(TRENDING) | pass_rate=100.0%
2026-03-12 19:35:47 | qs.graveyard | WARNING | BLOCKED by tombstone | similarity=0.84 | pattern_losses=1 | total_lost=$-1.56
2026-03-12 19:35:47 | qs.scalper   | INFO  | GRAVEYARD blocked BTC/USDT LONG (sim=0.84)
2026-03-12 19:36:19 | qs.volatility | INFO  | Top 3 volatile: ETH/USDT(0.174%), SOL/USDT(0.204%), BTC/USDT(0.149%)
2026-03-12 19:36:20 | qs.exploit_gate | INFO  | Gate OPEN | type=TRENDING conf=0.79 | H=0.779(TRENDING) S=0.783 AC=0.129(TRENDING) VR=1.350(TRENDING) | pass_rate=100.0%
2026-03-12 19:36:20 | qs.graveyard | WARNING | BLOCKED by tombstone | similarity=0.92 | pattern_losses=1 | total_lost=$-7.37
2026-03-12 19:36:20 | qs.scalper   | INFO  | GRAVEYARD blocked ETH/USDT LONG (sim=0.92)
2026-03-12 19:36:20 | qs.exploit_gate | INFO  | Gate OPEN | type=TRENDING conf=0.79 | H=0.769(TRENDING) S=0.765 AC=0.082(TRENDING) VR=1.315(TRENDING) | pass_rate=100.0%
2026-03-12 19:36:20 | qs.exploit_gate | INFO  | Gate OPEN | type=TRENDING conf=0.77 | H=0.784(TRENDING) S=0.826 AC=0.102(TRENDING) VR=1.307(TRENDING) | pass_rate=100.0%
2026-03-12 19:36:51 | qs.volatility | INFO  | Top 3 volatile: ETH/USDT(0.176%), SOL/USDT(0.205%), BTC/USDT(0.151%)
2026-03-12 19:36:53 | qs.exploit_gate | INFO  | Gate OPEN | type=TRENDING conf=0.79 | H=0.779(TRENDING) S=0.783 AC=0.130(TRENDING) VR=1.350(TRENDING) | pass_rate=100.0%
2026-03-12 19:36:53 | qs.graveyard | WARNING | BLOCKED by tombstone | similarity=0.83 | pattern_losses=1 | total_lost=$-1.56
2026-03-12 19:36:53 | qs.scalper   | INFO  | GRAVEYARD blocked ETH/USDT LONG (sim=0.83)
2026-03-12 19:36:53 | qs.exploit_gate | INFO  | Gate OPEN | type=TRENDING conf=0.79 | H=0.769(TRENDING) S=0.770 AC=0.081(TRENDING) VR=1.307(TRENDING) | pass_rate=100.0%
2026-03-12 19:36:53 | qs.exploit_gate | INFO  | Gate OPEN | type=TRENDING conf=0.77 | H=0.784(TRENDING) S=0.826 AC=0.102(TRENDING) VR=1.308(TRENDING) | pass_rate=100.0%
2026-03-12 19:37:23 | qs.volatility | INFO  | Top 3 volatile: ETH/USDT(0.176%), SOL/USDT(0.205%), BTC/USDT(0.151%)
2026-03-12 19:37:26 | qs.exploit_gate | INFO  | Gate OPEN | type=TRENDING conf=0.79 | H=0.781(TRENDING) S=0.783 AC=0.136(TRENDING) VR=1.287(TRENDING) | pass_rate=100.0%
2026-03-12 19:37:26 | qs.graveyard | WARNING | BLOCKED by tombstone | similarity=0.90 | pattern_losses=1 | total_lost=$-7.37
2026-03-12 19:37:26 | qs.scalper   | INFO  | GRAVEYARD blocked ETH/USDT LONG (sim=0.90)
2026-03-12 19:37:26 | qs.exploit_gate | INFO  | Gate OPEN | type=TRENDING conf=0.79 | H=0.772(TRENDING) S=0.768 AC=0.087(TRENDING) VR=1.264(TRENDING) | pass_rate=100.0%
2026-03-12 19:37:26 | qs.exploit_gate | INFO  | Gate OPEN | type=TRENDING conf=0.77 | H=0.785(TRENDING) S=0.825 AC=0.115(TRENDING) VR=1.260(TRENDING) | pass_rate=100.0%
2026-03-12 19:37:56 | qs.volatility | INFO  | Top 3 volatile: ETH/USDT(0.176%), SOL/USDT(0.205%), BTC/USDT(0.151%)
2026-03-12 19:37:58 | qs.exploit_gate | INFO  | Gate OPEN | type=TRENDING conf=0.78 | H=0.782(TRENDING) S=0.790 AC=0.129(TRENDING) VR=1.277(TRENDING) | pass_rate=100.0%
2026-03-12 19:37:59 | qs.exploit_gate | INFO  | Gate OPEN | type=TRENDING conf=0.79 | H=0.772(TRENDING) S=0.778 AC=0.062(TRENDING) VR=1.219(TRENDING) | pass_rate=100.0%
2026-03-12 19:37:59 | qs.graveyard | WARNING | BLOCKED by tombstone | similarity=0.87 | pattern_losses=1 | total_lost=$-7.37
2026-03-12 19:37:59 | qs.scalper   | INFO  | GRAVEYARD blocked SOL/USDT LONG (sim=0.87)
2026-03-12 19:37:59 | qs.exploit_gate | INFO  | Gate OPEN | type=TRENDING conf=0.77 | H=0.786(TRENDING) S=0.828 AC=0.107(TRENDING) VR=1.244(TRENDING) | pass_rate=100.0%
2026-03-12 19:37:59 | qs.graveyard | WARNING | BLOCKED by tombstone | similarity=0.84 | pattern_losses=1 | total_lost=$-1.56
2026-03-12 19:37:59 | qs.scalper   | INFO  | GRAVEYARD blocked BTC/USDT LONG (sim=0.84)
2026-03-12 19:38:29 | qs.volatility | INFO  | Top 3 volatile: ETH/USDT(0.176%), SOL/USDT(0.205%), BTC/USDT(0.151%)
2026-03-12 19:38:30 | qs.exploit_gate | INFO  | Gate OPEN | type=TRENDING conf=0.79 | H=0.759(TRENDING) S=0.783 AC=0.093(TRENDING) VR=1.216(TRENDING) | pass_rate=100.0%
2026-03-12 19:38:30 | qs.graveyard | WARNING | BLOCKED by tombstone | similarity=0.83 | pattern_losses=1 | total_lost=$-1.56
2026-03-12 19:38:30 | qs.scalper   | INFO  | GRAVEYARD blocked ETH/USDT LONG (sim=0.83)
2026-03-12 19:38:30 | qs.exploit_gate | INFO  | Gate OPEN | type=TRENDING conf=0.56 | H=0.754(TRENDING) S=0.777 AC=0.014(NONE) VR=1.168(TRENDING) | pass_rate=100.0%
2026-03-12 19:38:30 | qs.exploit_gate | INFO  | Gate OPEN | type=TRENDING conf=0.77 | H=0.762(TRENDING) S=0.820 AC=0.064(TRENDING) VR=1.198(TRENDING) | pass_rate=100.0%
2026-03-12 19:38:30 | qs.graveyard | WARNING | BLOCKED by tombstone | similarity=0.92 | pattern_losses=1 | total_lost=$-7.37
2026-03-12 19:38:30 | qs.scalper   | INFO  | GRAVEYARD blocked BTC/USDT LONG (sim=0.92)
2026-03-12 19:39:00 | qs.volatility | INFO  | Top 3 volatile: ETH/USDT(0.176%), SOL/USDT(0.205%), BTC/USDT(0.151%)
2026-03-12 19:39:05 | qs.exploit_gate | INFO  | Gate OPEN | type=TRENDING conf=0.79 | H=0.748(TRENDING) S=0.772 AC=0.104(TRENDING) VR=1.272(TRENDING) | pass_rate=100.0%
2026-03-12 19:39:05 | qs.graveyard | WARNING | BLOCKED by tombstone | similarity=0.83 | pattern_losses=1 | total_lost=$-1.56
2026-03-12 19:39:05 | qs.scalper   | INFO  | GRAVEYARD blocked ETH/USDT LONG (sim=0.83)
2026-03-12 19:39:05 | qs.exploit_gate | INFO  | Gate OPEN | type=TRENDING conf=0.56 | H=0.758(TRENDING) S=0.760 AC=0.018(NONE) VR=1.222(TRENDING) | pass_rate=100.0%
2026-03-12 19:39:05 | qs.graveyard | WARNING | BLOCKED by tombstone | similarity=0.97 | pattern_losses=1 | total_lost=$-11.24
2026-03-12 19:39:05 | qs.scalper   | INFO  | GRAVEYARD blocked SOL/USDT LONG (sim=0.97)
2026-03-12 19:39:05 | qs.exploit_gate | INFO  | Gate OPEN | type=TRENDING conf=0.78 | H=0.758(TRENDING) S=0.801 AC=0.073(TRENDING) VR=1.244(TRENDING) | pass_rate=100.0%
2026-03-12 19:39:05 | qs.graveyard | WARNING | BLOCKED by tombstone | similarity=0.84 | pattern_losses=1 | total_lost=$-1.56
2026-03-12 19:39:05 | qs.scalper   | INFO  | GRAVEYARD blocked BTC/USDT LONG (sim=0.84)
2026-03-12 19:39:39 | qs.volatility | INFO  | Top 3 volatile: ETH/USDT(0.201%), SOL/USDT(0.244%), BTC/USDT(0.159%)
2026-03-12 19:39:41 | qs.exploit_gate | INFO  | Gate OPEN | type=TRENDING conf=0.79 | H=0.748(TRENDING) S=0.783 AC=0.078(TRENDING) VR=1.181(TRENDING) | pass_rate=100.0%
2026-03-12 19:39:42 | qs.signal    | INFO  | ACCEPT ETH/USDT LONG grade=C score=0.6 quality=0.610 | {"breakdown": {"technical": 0.836, "ml_confidence": 0.341, "order_flow": 0.86, "volatility": 0.55}}
2026-03-12 19:39:42 | qs.asym_risk | INFO  | LONG entry=2077.81 | SL=2064.86(0.62%) TP=2101.11 | RR=1.8 EV=12.0329 ✓ +EV
2026-03-12 19:39:42 | qs.risk      | INFO  | Kelly sizing: p=0.65 rr=1.8 kelly_f=-0.0219 risk%=0.0050 quality=0.69 size=$161
2026-03-12 19:39:42 | qs.system    | INFO  | R:R FIX: 1.8 → 2.0 | TP adjusted to 2103.71
2026-03-12 19:39:42 | qs.system    | INFO  | Execution attempt symbol=ETH/USDT signal=LONG mode=paper size=160.60
2026-03-12 19:39:42 | qs.risk      | WARNING | TRADE_REJECTED | {"symbol": "ETH/USDT", "side": "LONG", "size_usd": 160.6, "reasons": ["already_exposed_to_ETH/USDT"]}
2026-03-12 19:39:42 | qs.order     | INFO  | RISK_REJECT ETH/USDT LONG size=$160.60 price=2077.81 | {"reason": "already_exposed_to_ETH/USDT"}
2026-03-12 19:39:42 | qs.exploit_gate | INFO  | Gate OPEN | type=TRENDING conf=0.56 | H=0.758(TRENDING) S=0.777 AC=-0.012(NONE) VR=1.119(TRENDING) | pass_rate=100.0%
2026-03-12 19:39:42 | qs.graveyard | WARNING | BLOCKED by tombstone | similarity=0.77 | pattern_losses=1 | total_lost=$-0.04
2026-03-12 19:39:42 | qs.scalper   | INFO  | GRAVEYARD blocked SOL/USDT LONG (sim=0.77)
2026-03-12 19:39:42 | qs.exploit_gate | INFO  | Gate OPEN | type=TRENDING conf=0.54 | H=0.759(TRENDING) S=0.814 AC=0.047(NONE) VR=1.152(TRENDING) | pass_rate=100.0%
2026-03-12 19:39:42 | qs.signal    | INFO  | REJECT BTC/USDT LONG grade=D score=0.4 quality=0.448 | {"breakdown": {"technical": 0.837, "ml_confidence": 0.347, "order_flow": 0.036, "volatility": 0.55}}
2026-03-12 19:40:12 | qs.volatility | INFO  | Top 3 volatile: ETH/USDT(0.201%), SOL/USDT(0.244%), BTC/USDT(0.159%)
2026-03-12 19:40:15 | qs.exploit_gate | INFO  | Gate OPEN | type=TRENDING conf=0.81 | H=0.781(TRENDING) S=0.732 AC=0.066(TRENDING) VR=1.151(TRENDING) | pass_rate=100.0%
2026-03-12 19:40:15 | qs.exploit_gate | INFO  | Gate OPEN | type=TRENDING conf=0.34 | H=0.782(TRENDING) S=0.746 AC=-0.004(NONE) VR=1.083(NONE) | pass_rate=100.0%
2026-03-12 19:40:15 | qs.exploit_gate | INFO  | Gate OPEN | type=TRENDING conf=0.56 | H=0.788(TRENDING) S=0.780 AC=0.015(NONE) VR=1.118(TRENDING) | pass_rate=100.0%
2026-03-12 19:40:15 | qs.graveyard | WARNING | BLOCKED by tombstone | similarity=0.87 | pattern_losses=1 | total_lost=$-7.37
2026-03-12 19:40:15 | qs.scalper   | INFO  | GRAVEYARD blocked BTC/USDT LONG (sim=0.87)
2026-03-12 19:40:45 | qs.volatility | INFO  | Top 3 volatile: ETH/USDT(0.201%), SOL/USDT(0.244%), BTC/USDT(0.159%)
2026-03-12 19:40:46 | qs.exploit_gate | INFO  | Gate OPEN | type=TRENDING conf=0.57 | H=0.781(TRENDING) S=0.743 AC=0.017(NONE) VR=1.112(TRENDING) | pass_rate=100.0%
2026-03-12 19:40:46 | qs.graveyard | WARNING | BLOCKED by tombstone | similarity=0.85 | pattern_losses=1 | total_lost=$-7.37
2026-03-12 19:40:46 | qs.scalper   | INFO  | GRAVEYARD blocked ETH/USDT LONG (sim=0.85)
2026-03-12 19:40:46 | qs.exploit_gate | INFO  | Gate OPEN | type=TRENDING conf=0.34 | H=0.782(TRENDING) S=0.746 AC=-0.044(NONE) VR=1.065(NONE) | pass_rate=100.0%
2026-03-12 19:40:46 | qs.graveyard | WARNING | BLOCKED by tombstone | similarity=0.77 | pattern_losses=1 | total_lost=$-7.37
2026-03-12 19:40:46 | qs.scalper   | INFO  | GRAVEYARD blocked SOL/USDT LONG (sim=0.78)
2026-03-12 19:40:46 | qs.exploit_gate | INFO  | Gate OPEN | type=TRENDING conf=0.55 | H=0.788(TRENDING) S=0.788 AC=-0.001(NONE) VR=1.103(TRENDING) | pass_rate=100.0%
2026-03-12 19:40:46 | qs.graveyard | WARNING | BLOCKED by tombstone | similarity=0.83 | pattern_losses=1 | total_lost=$-7.37
2026-03-12 19:40:46 | qs.scalper   | INFO  | GRAVEYARD blocked BTC/USDT LONG (sim=0.83)
2026-03-12 19:41:16 | qs.volatility | INFO  | Top 3 volatile: ETH/USDT(0.201%), SOL/USDT(0.244%), BTC/USDT(0.159%)
2026-03-12 19:41:18 | qs.exploit_gate | INFO  | Gate OPEN | type=TRENDING conf=0.57 | H=0.790(TRENDING) S=0.730 AC=0.001(NONE) VR=1.163(TRENDING) | pass_rate=100.0%
2026-03-12 19:41:18 | qs.graveyard | WARNING | BLOCKED by tombstone | similarity=0.84 | pattern_losses=1 | total_lost=$-7.37
2026-03-12 19:41:18 | qs.scalper   | INFO  | GRAVEYARD blocked ETH/USDT LONG (sim=0.84)
2026-03-12 19:41:18 | qs.exploit_gate | INFO  | Gate OPEN | type=TRENDING conf=0.57 | H=0.814(TRENDING) S=0.733 AC=-0.036(NONE) VR=1.136(TRENDING) | pass_rate=100.0%
2026-03-12 19:41:18 | qs.graveyard | WARNING | BLOCKED by tombstone | similarity=0.97 | pattern_losses=1 | total_lost=$-7.37
2026-03-12 19:41:18 | qs.scalper   | INFO  | GRAVEYARD blocked SOL/USDT LONG (sim=0.97)
2026-03-12 19:41:18 | qs.exploit_gate | INFO  | Gate OPEN | type=TRENDING conf=0.54 | H=0.809(TRENDING) S=0.808 AC=-0.044(NONE) VR=1.103(TRENDING) | pass_rate=100.0%
2026-03-12 19:41:18 | qs.graveyard | WARNING | BLOCKED by tombstone | similarity=0.86 | pattern_losses=1 | total_lost=$-7.37
2026-03-12 19:41:18 | qs.scalper   | INFO  | GRAVEYARD blocked BTC/USDT LONG (sim=0.86)
2026-03-12 19:41:52 | qs.volatility | INFO  | Top 3 volatile: ETH/USDT(0.201%), SOL/USDT(0.244%), BTC/USDT(0.159%)
2026-03-12 19:41:54 | qs.exploit_gate | INFO  | Gate OPEN | type=TRENDING conf=0.57 | H=0.790(TRENDING) S=0.735 AC=0.018(NONE) VR=1.148(TRENDING) | pass_rate=100.0%
2026-03-12 19:41:54 | qs.graveyard | WARNING | BLOCKED by tombstone | similarity=0.92 | pattern_losses=1 | total_lost=$-7.37
2026-03-12 19:41:54 | qs.scalper   | INFO  | GRAVEYARD blocked ETH/USDT LONG (sim=0.92)
2026-03-12 19:41:54 | qs.exploit_gate | INFO  | Gate OPEN | type=TRENDING conf=0.34 | H=0.814(TRENDING) S=0.729 AC=-0.023(NONE) VR=1.039(NONE) | pass_rate=100.0%
2026-03-12 19:41:54 | qs.exploit_gate | INFO  | Gate OPEN | type=TRENDING conf=0.31 | H=0.809(TRENDING) S=0.807 AC=-0.027(NONE) VR=1.095(NONE) | pass_rate=100.0%
2026-03-12 19:41:54 | qs.graveyard | WARNING | BLOCKED by tombstone | similarity=0.83 | pattern_losses=1 | total_lost=$-7.37
2026-03-12 19:41:54 | qs.scalper   | INFO  | GRAVEYARD blocked BTC/USDT LONG (sim=0.83)
2026-03-12 19:42:25 | qs.volatility | INFO  | Top 3 volatile: ETH/USDT(0.226%), SOL/USDT(0.249%), BTC/USDT(0.181%)
2026-03-12 19:42:27 | qs.exploit_gate | INFO  | Gate OPEN | type=TRENDING conf=0.57 | H=0.794(TRENDING) S=0.730 AC=0.012(NONE) VR=1.154(TRENDING) | pass_rate=100.0%
2026-03-12 19:42:27 | qs.graveyard | WARNING | BLOCKED by tombstone | similarity=0.85 | pattern_losses=1 | total_lost=$-1.56
2026-03-12 19:42:27 | qs.scalper   | INFO  | GRAVEYARD blocked ETH/USDT LONG (sim=0.85)
2026-03-12 19:42:27 | qs.exploit_gate | INFO  | Gate OPEN | type=TRENDING conf=0.57 | H=0.803(TRENDING) S=0.737 AC=-0.037(NONE) VR=1.131(TRENDING) | pass_rate=100.0%
2026-03-12 19:42:27 | qs.graveyard | WARNING | BLOCKED by tombstone | similarity=0.92 | pattern_losses=1 | total_lost=$-7.37
2026-03-12 19:42:27 | qs.scalper   | INFO  | GRAVEYARD blocked SOL/USDT LONG (sim=0.92)
2026-03-12 19:42:27 | qs.exploit_gate | INFO  | Gate OPEN | type=TRENDING conf=0.31 | H=0.794(TRENDING) S=0.808 AC=-0.051(NONE) VR=1.098(NONE) | pass_rate=100.0%
2026-03-12 19:42:27 | qs.graveyard | WARNING | BLOCKED by tombstone | similarity=0.89 | pattern_losses=1 | total_lost=$-7.37
2026-03-12 19:42:27 | qs.scalper   | INFO  | GRAVEYARD blocked BTC/USDT LONG (sim=0.89)
2026-03-12 19:42:57 | qs.volatility | INFO  | Top 3 volatile: ETH/USDT(0.226%), SOL/USDT(0.249%), BTC/USDT(0.181%)
2026-03-12 19:42:58 | qs.exploit_gate | INFO  | Gate OPEN | type=TRENDING conf=0.57 | H=0.794(TRENDING) S=0.734 AC=0.009(NONE) VR=1.153(TRENDING) | pass_rate=100.0%
2026-03-12 19:42:58 | qs.graveyard | WARNING | BLOCKED by tombstone | similarity=0.85 | pattern_losses=1 | total_lost=$-7.37
2026-03-12 19:42:58 | qs.scalper   | INFO  | GRAVEYARD blocked ETH/USDT LONG (sim=0.85)
2026-03-12 19:42:58 | qs.exploit_gate | INFO  | Gate OPEN | type=TRENDING conf=0.57 | H=0.802(TRENDING) S=0.744 AC=-0.044(NONE) VR=1.127(TRENDING) | pass_rate=100.0%
2026-03-12 19:42:58 | qs.graveyard | WARNING | BLOCKED by tombstone | similarity=0.91 | pattern_losses=1 | total_lost=$-7.37
2026-03-12 19:42:58 | qs.scalper   | INFO  | GRAVEYARD blocked SOL/USDT LONG (sim=0.91)
2026-03-12 19:42:58 | qs.exploit_gate | INFO  | Gate OPEN | type=TRENDING conf=0.31 | H=0.794(TRENDING) S=0.808 AC=-0.048(NONE) VR=1.098(NONE) | pass_rate=100.0%
2026-03-12 19:42:58 | qs.graveyard | WARNING | BLOCKED by tombstone | similarity=0.82 | pattern_losses=1 | total_lost=$-1.56
2026-03-12 19:42:58 | qs.scalper   | INFO  | GRAVEYARD blocked BTC/USDT LONG (sim=0.82)
2026-03-12 19:43:28 | qs.volatility | INFO  | Top 3 volatile: ETH/USDT(0.226%), SOL/USDT(0.249%), BTC/USDT(0.181%)
2026-03-12 19:43:30 | qs.exploit_gate | INFO  | Gate OPEN | type=TRENDING conf=0.57 | H=0.783(TRENDING) S=0.739 AC=0.011(NONE) VR=1.166(TRENDING) | pass_rate=100.0%
2026-03-12 19:43:30 | qs.graveyard | WARNING | BLOCKED by tombstone | similarity=0.92 | pattern_losses=1 | total_lost=$-7.37
2026-03-12 19:43:30 | qs.scalper   | INFO  | GRAVEYARD blocked ETH/USDT LONG (sim=0.92)
2026-03-12 19:43:30 | qs.exploit_gate | INFO  | Gate OPEN | type=TRENDING conf=0.57 | H=0.806(TRENDING) S=0.735 AC=-0.047(NONE) VR=1.167(TRENDING) | pass_rate=100.0%
2026-03-12 19:43:30 | qs.graveyard | WARNING | BLOCKED by tombstone | similarity=0.97 | pattern_losses=1 | total_lost=$-7.37
2026-03-12 19:43:30 | qs.scalper   | INFO  | GRAVEYARD blocked SOL/USDT LONG (sim=0.97)
2026-03-12 19:43:30 | qs.exploit_gate | INFO  | Gate OPEN | type=TRENDING conf=0.54 | H=0.793(TRENDING) S=0.806 AC=-0.053(NONE) VR=1.106(TRENDING) | pass_rate=100.0%
2026-03-12 19:43:30 | qs.graveyard | WARNING | BLOCKED by tombstone | similarity=0.85 | pattern_losses=1 | total_lost=$-1.56
2026-03-12 19:43:30 | qs.scalper   | INFO  | GRAVEYARD blocked BTC/USDT LONG (sim=0.85)
2026-03-12 19:44:00 | qs.volatility | INFO  | Top 3 volatile: ETH/USDT(0.226%), SOL/USDT(0.249%), BTC/USDT(0.181%)
2026-03-12 19:44:02 | qs.exploit_gate | INFO  | Gate OPEN | type=TRENDING conf=0.57 | H=0.783(TRENDING) S=0.734 AC=0.005(NONE) VR=1.160(TRENDING) | pass_rate=100.0%
2026-03-12 19:44:02 | qs.graveyard | WARNING | BLOCKED by tombstone | similarity=0.87 | pattern_losses=1 | total_lost=$-7.37
2026-03-12 19:44:02 | qs.scalper   | INFO  | GRAVEYARD blocked ETH/USDT LONG (sim=0.87)
2026-03-12 19:44:02 | qs.exploit_gate | INFO  | Gate OPEN | type=TRENDING conf=0.57 | H=0.809(TRENDING) S=0.735 AC=-0.050(NONE) VR=1.165(TRENDING) | pass_rate=100.0%
2026-03-12 19:44:02 | qs.graveyard | WARNING | BLOCKED by tombstone | similarity=0.93 | pattern_losses=1 | total_lost=$-7.37
2026-03-12 19:44:02 | qs.scalper   | INFO  | GRAVEYARD blocked SOL/USDT LONG (sim=0.93)
2026-03-12 19:44:02 | qs.exploit_gate | INFO  | Gate OPEN | type=TRENDING conf=0.54 | H=0.793(TRENDING) S=0.806 AC=-0.060(NONE) VR=1.112(TRENDING) | pass_rate=100.0%
2026-03-12 19:44:02 | qs.graveyard | WARNING | BLOCKED by tombstone | similarity=0.88 | pattern_losses=1 | total_lost=$-7.37
2026-03-12 19:44:02 | qs.scalper   | INFO  | GRAVEYARD blocked BTC/USDT LONG (sim=0.88)
2026-03-12 19:44:32 | qs.volatility | INFO  | Top 3 volatile: ETH/USDT(0.226%), SOL/USDT(0.249%), BTC/USDT(0.181%)
2026-03-12 19:44:34 | qs.exploit_gate | INFO  | Gate OPEN | type=TRENDING conf=0.57 | H=0.769(TRENDING) S=0.735 AC=0.004(NONE) VR=1.169(TRENDING) | pass_rate=100.0%
2026-03-12 19:44:34 | qs.graveyard | WARNING | BLOCKED by tombstone | similarity=0.86 | pattern_losses=1 | total_lost=$-1.56
2026-03-12 19:44:34 | qs.scalper   | INFO  | GRAVEYARD blocked ETH/USDT LONG (sim=0.86)
2026-03-12 19:44:34 | qs.exploit_gate | INFO  | Gate OPEN | type=TRENDING conf=0.57 | H=0.809(TRENDING) S=0.735 AC=-0.049(NONE) VR=1.162(TRENDING) | pass_rate=100.0%
2026-03-12 19:44:34 | qs.graveyard | WARNING | BLOCKED by tombstone | similarity=0.94 | pattern_losses=1 | total_lost=$-7.37
2026-03-12 19:44:34 | qs.scalper   | INFO  | GRAVEYARD blocked SOL/USDT LONG (sim=0.94)
2026-03-12 19:44:34 | qs.exploit_gate | INFO  | Gate OPEN | type=TRENDING conf=0.54 | H=0.792(TRENDING) S=0.806 AC=-0.061(MEAN_REVERTING) VR=1.110(TRENDING) | pass_rate=100.0%
2026-03-12 19:44:34 | qs.graveyard | WARNING | BLOCKED by tombstone | similarity=0.89 | pattern_losses=1 | total_lost=$-7.37
2026-03-12 19:44:34 | qs.scalper   | INFO  | GRAVEYARD blocked BTC/USDT LONG (sim=0.89)
2026-03-12 19:45:05 | qs.volatility | INFO  | Top 3 volatile: ETH/USDT(0.209%), SOL/USDT(0.235%), BTC/USDT(0.171%)
2026-03-12 19:45:07 | qs.exploit_gate | INFO  | Gate OPEN | type=TRENDING conf=0.57 | H=0.789(TRENDING) S=0.734 AC=0.005(NONE) VR=1.169(TRENDING) | pass_rate=100.0%
2026-03-12 19:45:07 | qs.graveyard | WARNING | BLOCKED by tombstone | similarity=0.85 | pattern_losses=1 | total_lost=$-1.56
2026-03-12 19:45:07 | qs.scalper   | INFO  | GRAVEYARD blocked ETH/USDT LONG (sim=0.85)
2026-03-12 19:45:07 | qs.exploit_gate | INFO  | Gate OPEN | type=TRENDING conf=0.57 | H=0.809(TRENDING) S=0.735 AC=-0.049(NONE) VR=1.163(TRENDING) | pass_rate=100.0%
2026-03-12 19:45:07 | qs.graveyard | WARNING | BLOCKED by tombstone | similarity=0.92 | pattern_losses=1 | total_lost=$-7.37
2026-03-12 19:45:07 | qs.scalper   | INFO  | GRAVEYARD blocked SOL/USDT LONG (sim=0.92)
2026-03-12 19:45:07 | qs.exploit_gate | INFO  | Gate OPEN | type=TRENDING conf=0.54 | H=0.808(TRENDING) S=0.806 AC=-0.059(NONE) VR=1.110(TRENDING) | pass_rate=100.0%
2026-03-12 19:45:07 | qs.graveyard | WARNING | BLOCKED by tombstone | similarity=0.83 | pattern_losses=1 | total_lost=$-1.56
2026-03-12 19:45:07 | qs.scalper   | INFO  | GRAVEYARD blocked BTC/USDT LONG (sim=0.83)
2026-03-12 19:45:37 | qs.volatility | INFO  | Top 3 volatile: ETH/USDT(0.209%), SOL/USDT(0.235%), BTC/USDT(0.171%)
2026-03-12 19:45:39 | qs.exploit_gate | INFO  | Gate OPEN | type=TRENDING conf=0.57 | H=0.789(TRENDING) S=0.734 AC=0.004(NONE) VR=1.167(TRENDING) | pass_rate=100.0%
2026-03-12 19:45:39 | qs.graveyard | WARNING | BLOCKED by tombstone | similarity=0.95 | pattern_losses=1 | total_lost=$-7.37
2026-03-12 19:45:39 | qs.scalper   | INFO  | GRAVEYARD blocked ETH/USDT LONG (sim=0.95)
2026-03-12 19:45:39 | qs.exploit_gate | INFO  | Gate OPEN | type=TRENDING conf=0.57 | H=0.815(TRENDING) S=0.738 AC=-0.051(NONE) VR=1.159(TRENDING) | pass_rate=100.0%
2026-03-12 19:45:39 | qs.graveyard | WARNING | BLOCKED by tombstone | similarity=0.96 | pattern_losses=1 | total_lost=$-7.37
2026-03-12 19:45:39 | qs.scalper   | INFO  | GRAVEYARD blocked SOL/USDT LONG (sim=0.96)
2026-03-12 19:45:39 | qs.exploit_gate | INFO  | Gate OPEN | type=TRENDING conf=0.54 | H=0.809(TRENDING) S=0.806 AC=-0.059(NONE) VR=1.109(TRENDING) | pass_rate=100.0%
2026-03-12 19:45:39 | qs.graveyard | WARNING | BLOCKED by tombstone | similarity=0.90 | pattern_losses=1 | total_lost=$-7.37
2026-03-12 19:45:39 | qs.scalper   | INFO  | GRAVEYARD blocked BTC/USDT LONG (sim=0.90)
2026-03-12 19:46:09 | qs.volatility | INFO  | Top 3 volatile: ETH/USDT(0.209%), SOL/USDT(0.235%), BTC/USDT(0.171%)
2026-03-12 19:46:10 | qs.exploit_gate | INFO  | Gate OPEN | type=TRENDING conf=0.57 | H=0.797(TRENDING) S=0.739 AC=0.001(NONE) VR=1.153(TRENDING) | pass_rate=100.0%
2026-03-12 19:46:10 | qs.graveyard | WARNING | BLOCKED by tombstone | similarity=0.84 | pattern_losses=1 | total_lost=$-1.56
2026-03-12 19:46:10 | qs.scalper   | INFO  | GRAVEYARD blocked ETH/USDT LONG (sim=0.84)
2026-03-12 19:46:10 | qs.exploit_gate | INFO  | Gate OPEN | type=TRENDING conf=0.57 | H=0.812(TRENDING) S=0.742 AC=-0.051(NONE) VR=1.147(TRENDING) | pass_rate=100.0%
2026-03-12 19:46:10 | qs.graveyard | WARNING | BLOCKED by tombstone | similarity=0.97 | pattern_losses=1 | total_lost=$-11.24
2026-03-12 19:46:10 | qs.scalper   | INFO  | GRAVEYARD blocked SOL/USDT LONG (sim=0.97)
2026-03-12 19:46:10 | qs.exploit_gate | INFO  | Gate OPEN | type=TRENDING conf=0.31 | H=0.799(TRENDING) S=0.814 AC=-0.059(NONE) VR=1.090(NONE) | pass_rate=100.0%
2026-03-12 19:46:10 | qs.graveyard | WARNING | BLOCKED by tombstone | similarity=0.83 | pattern_losses=1 | total_lost=$-1.56
2026-03-12 19:46:10 | qs.scalper   | INFO  | GRAVEYARD blocked BTC/USDT LONG (sim=0.83)
2026-03-12 19:46:40 | qs.volatility | INFO  | Top 3 volatile: ETH/USDT(0.209%), SOL/USDT(0.235%), BTC/USDT(0.171%)
2026-03-12 19:46:42 | qs.exploit_gate | INFO  | Gate OPEN | type=TRENDING conf=0.57 | H=0.797(TRENDING) S=0.744 AC=-0.010(NONE) VR=1.140(TRENDING) | pass_rate=100.0%
2026-03-12 19:46:42 | qs.exploit_gate | INFO  | Gate OPEN | type=TRENDING conf=0.57 | H=0.813(TRENDING) S=0.747 AC=-0.069(MEAN_REVERTING) VR=1.120(TRENDING) | pass_rate=100.0%
2026-03-12 19:46:42 | qs.graveyard | WARNING | BLOCKED by tombstone | similarity=0.93 | pattern_losses=1 | total_lost=$-11.24
2026-03-12 19:46:42 | qs.scalper   | INFO  | GRAVEYARD blocked SOL/USDT LONG (sim=0.93)
2026-03-12 19:46:42 | qs.exploit_gate | INFO  | Gate OPEN | type=TRENDING conf=0.31 | H=0.800(TRENDING) S=0.815 AC=-0.072(MEAN_REVERTING) VR=1.073(NONE) | pass_rate=100.0%
2026-03-12 19:46:42 | qs.graveyard | WARNING | BLOCKED by tombstone | similarity=0.84 | pattern_losses=1 | total_lost=$-1.56
2026-03-12 19:46:42 | qs.scalper   | INFO  | GRAVEYARD blocked BTC/USDT LONG (sim=0.84)
2026-03-12 19:47:15 | qs.volatility | INFO  | Top 3 volatile: ETH/USDT(0.209%), SOL/USDT(0.235%), BTC/USDT(0.171%)
2026-03-12 19:47:17 | qs.exploit_gate | INFO  | Gate OPEN | type=TRENDING conf=0.57 | H=0.790(TRENDING) S=0.747 AC=-0.011(NONE) VR=1.111(TRENDING) | pass_rate=100.0%
2026-03-12 19:47:17 | qs.exploit_gate | INFO  | Gate OPEN | type=TRENDING conf=0.57 | H=0.795(TRENDING) S=0.749 AC=-0.061(MEAN_REVERTING) VR=1.109(TRENDING) | pass_rate=100.0%
2026-03-12 19:47:17 | qs.exploit_gate | INFO  | Gate OPEN | type=TRENDING conf=0.30 | H=0.790(TRENDING) S=0.822 AC=-0.060(MEAN_REVERTING) VR=1.050(NONE) | pass_rate=100.0%
2026-03-12 19:47:48 | qs.volatility | INFO  | Top 3 volatile: ETH/USDT(0.227%), SOL/USDT(0.254%), BTC/USDT(0.180%)
2026-03-12 19:47:50 | qs.exploit_gate | INFO  | Gate OPEN | type=TRENDING conf=0.57 | H=0.790(TRENDING) S=0.747 AC=-0.015(NONE) VR=1.112(TRENDING) | pass_rate=100.0%
2026-03-12 19:47:50 | qs.exploit_gate | INFO  | Gate OPEN | type=TRENDING conf=0.57 | H=0.795(TRENDING) S=0.749 AC=-0.062(MEAN_REVERTING) VR=1.109(TRENDING) | pass_rate=100.0%
2026-03-12 19:47:50 | qs.exploit_gate | INFO  | Gate OPEN | type=TRENDING conf=0.30 | H=0.790(TRENDING) S=0.822 AC=-0.065(MEAN_REVERTING) VR=1.053(NONE) | pass_rate=100.0%
2026-03-12 19:48:20 | qs.volatility | INFO  | Top 3 volatile: ETH/USDT(0.227%), SOL/USDT(0.254%), BTC/USDT(0.180%)
2026-03-12 19:48:22 | qs.exploit_gate | INFO  | Gate OPEN | type=TRENDING conf=0.57 | H=0.788(TRENDING) S=0.750 AC=-0.017(NONE) VR=1.102(TRENDING) | pass_rate=100.0%
2026-03-12 19:48:22 | qs.exploit_gate | INFO  | Gate OPEN | type=TRENDING conf=0.33 | H=0.788(TRENDING) S=0.753 AC=-0.069(MEAN_REVERTING) VR=1.098(NONE) | pass_rate=100.0%
2026-03-12 19:48:22 | qs.graveyard | WARNING | BLOCKED by tombstone | similarity=0.98 | pattern_losses=1 | total_lost=$-11.24
2026-03-12 19:48:22 | qs.scalper   | INFO  | GRAVEYARD blocked SOL/USDT LONG (sim=0.98)
2026-03-12 19:48:22 | qs.exploit_gate | INFO  | Gate OPEN | type=TRENDING conf=0.31 | H=0.787(TRENDING) S=0.817 AC=-0.074(MEAN_REVERTING) VR=1.052(NONE) | pass_rate=100.0%
2026-03-12 19:48:22 | qs.graveyard | WARNING | BLOCKED by tombstone | similarity=0.83 | pattern_losses=1 | total_lost=$-1.56
2026-03-12 19:48:22 | qs.scalper   | INFO  | GRAVEYARD blocked BTC/USDT LONG (sim=0.83)
2026-03-12 19:48:52 | qs.volatility | INFO  | Top 3 volatile: ETH/USDT(0.227%), SOL/USDT(0.254%), BTC/USDT(0.180%)
2026-03-12 19:48:54 | qs.exploit_gate | INFO  | Gate OPEN | type=TRENDING conf=0.57 | H=0.788(TRENDING) S=0.750 AC=-0.017(NONE) VR=1.101(TRENDING) | pass_rate=100.0%
2026-03-12 19:48:54 | qs.exploit_gate | INFO  | Gate OPEN | type=TRENDING conf=0.33 | H=0.788(TRENDING) S=0.753 AC=-0.070(MEAN_REVERTING) VR=1.092(NONE) | pass_rate=100.0%
2026-03-12 19:48:54 | qs.graveyard | WARNING | BLOCKED by tombstone | similarity=0.95 | pattern_losses=1 | total_lost=$-11.24
2026-03-12 19:48:54 | qs.scalper   | INFO  | GRAVEYARD blocked SOL/USDT LONG (sim=0.95)
2026-03-12 19:48:54 | qs.exploit_gate | INFO  | Gate OPEN | type=TRENDING conf=0.30 | H=0.787(TRENDING) S=0.822 AC=-0.077(MEAN_REVERTING) VR=1.036(NONE) | pass_rate=100.0%
2026-03-12 19:48:54 | qs.graveyard | WARNING | BLOCKED by tombstone | similarity=0.84 | pattern_losses=1 | total_lost=$-7.37
2026-03-12 19:48:54 | qs.scalper   | INFO  | GRAVEYARD blocked BTC/USDT LONG (sim=0.84)
2026-03-12 19:49:24 | qs.volatility | INFO  | Top 3 volatile: ETH/USDT(0.227%), SOL/USDT(0.254%), BTC/USDT(0.180%)
2026-03-12 19:49:26 | qs.exploit_gate | INFO  | Gate OPEN | type=TRENDING conf=0.33 | H=0.774(TRENDING) S=0.750 AC=-0.020(NONE) VR=1.100(NONE) | pass_rate=100.0%
2026-03-12 19:49:26 | qs.graveyard | WARNING | BLOCKED by tombstone | similarity=0.86 | pattern_losses=1 | total_lost=$-1.56
2026-03-12 19:49:26 | qs.scalper   | INFO  | GRAVEYARD blocked ETH/USDT LONG (sim=0.85)
2026-03-12 19:49:26 | qs.exploit_gate | INFO  | Gate OPEN | type=TRENDING conf=0.33 | H=0.782(TRENDING) S=0.755 AC=-0.062(MEAN_REVERTING) VR=1.092(NONE) | pass_rate=100.0%
2026-03-12 19:49:26 | qs.graveyard | WARNING | BLOCKED by tombstone | similarity=0.97 | pattern_losses=1 | total_lost=$-11.24
2026-03-12 19:49:26 | qs.scalper   | INFO  | GRAVEYARD blocked SOL/USDT LONG (sim=0.97)
2026-03-12 19:49:26 | qs.exploit_gate | INFO  | Gate OPEN | type=TRENDING conf=0.30 | H=0.772(TRENDING) S=0.822 AC=-0.074(MEAN_REVERTING) VR=1.039(NONE) | pass_rate=100.0%
2026-03-12 19:49:26 | qs.graveyard | WARNING | BLOCKED by tombstone | similarity=0.91 | pattern_losses=1 | total_lost=$-7.37
2026-03-12 19:49:26 | qs.scalper   | INFO  | GRAVEYARD blocked BTC/USDT LONG (sim=0.91)
2026-03-12 19:56:29 | qs.system    | INFO  | Starting paper run for 20 cycles
2026-03-12 19:56:31 | qs.data      | INFO  | Exchange initialized for BTC/USDT
2026-03-12 19:56:31 | qs.data      | INFO  | Exchange initialized for ETH/USDT
2026-03-12 19:56:31 | qs.data      | INFO  | Exchange initialized for SOL/USDT
2026-03-12 19:56:31 | qs.graveyard | INFO  | Loaded 6 tombstones from graveyard
2026-03-12 19:56:31 | qs.data      | INFO  | Exchange initialized for BTC/USDT
2026-03-12 19:56:31 | qs.data      | INFO  | Exchange initialized for ETH/USDT
2026-03-12 19:56:31 | qs.data      | INFO  | Exchange initialized for SOL/USDT
2026-03-12 19:56:31 | qs.system    | INFO  | Cycle 1/20
2026-03-12 19:56:49 | qs.volatility | INFO  | Top 3 volatile: SOL/USDT(0.218%), ETH/USDT(0.188%), BTC/USDT(0.168%)
2026-03-12 19:57:04 | qs.exploit_gate | INFO  | Gate OPEN | type=TRENDING conf=0.33 | H=0.739(TRENDING) S=0.748 AC=-0.112(MEAN_REVERTING) VR=0.995(NONE) | pass_rate=100.0%
2026-03-12 19:57:04 | qs.exploit_gate | INFO  | Gate OPEN | type=TRENDING conf=0.34 | H=0.766(TRENDING) S=0.729 AC=-0.078(MEAN_REVERTING) VR=1.052(NONE) | pass_rate=100.0%
2026-03-12 19:57:04 | qs.exploit_gate | INFO  | Gate OPEN | type=TRENDING conf=0.31 | H=0.770(TRENDING) S=0.815 AC=-0.154(MEAN_REVERTING) VR=0.921(NONE) | pass_rate=100.0%
2026-03-12 19:57:34 | qs.system    | INFO  | Cycle 2/20
2026-03-12 19:57:34 | qs.volatility | INFO  | Top 3 volatile: SOL/USDT(0.218%), ETH/USDT(0.188%), BTC/USDT(0.168%)
2026-03-12 19:57:35 | qs.exploit_gate | INFO  | Gate OPEN | type=TRENDING conf=0.34 | H=0.739(TRENDING) S=0.742 AC=-0.113(MEAN_REVERTING) VR=1.011(NONE) | pass_rate=100.0%
2026-03-12 19:57:35 | qs.exploit_gate | INFO  | Gate OPEN | type=TRENDING conf=0.57 | H=0.780(TRENDING) S=0.746 AC=-0.075(MEAN_REVERTING) VR=1.104(TRENDING) | pass_rate=100.0%
2026-03-12 19:57:35 | qs.exploit_gate | INFO  | Gate OPEN | type=TRENDING conf=0.31 | H=0.760(TRENDING) S=0.808 AC=-0.160(MEAN_REVERTING) VR=0.944(NONE) | pass_rate=100.0%
2026-03-12 19:58:05 | qs.system    | INFO  | Cycle 3/20
2026-03-12 19:58:05 | qs.volatility | INFO  | Top 3 volatile: SOL/USDT(0.218%), ETH/USDT(0.188%), BTC/USDT(0.168%)
2026-03-12 19:58:07 | qs.exploit_gate | INFO  | Gate OPEN | type=TRENDING conf=0.34 | H=0.728(TRENDING) S=0.742 AC=-0.112(MEAN_REVERTING) VR=1.012(NONE) | pass_rate=100.0%
2026-03-12 19:58:07 | qs.exploit_gate | INFO  | Gate OPEN | type=TRENDING conf=0.33 | H=0.759(TRENDING) S=0.749 AC=-0.071(MEAN_REVERTING) VR=1.099(NONE) | pass_rate=100.0%
2026-03-12 19:58:07 | qs.exploit_gate | INFO  | Gate OPEN | type=TRENDING conf=0.31 | H=0.760(TRENDING) S=0.808 AC=-0.162(MEAN_REVERTING) VR=0.940(NONE) | pass_rate=100.0%
2026-03-12 19:58:37 | qs.system    | INFO  | Cycle 4/20
2026-03-12 19:58:37 | qs.volatility | INFO  | Top 3 volatile: SOL/USDT(0.218%), ETH/USDT(0.188%), BTC/USDT(0.168%)
2026-03-12 19:58:39 | qs.exploit_gate | INFO  | Gate OPEN | type=TRENDING conf=0.34 | H=0.728(TRENDING) S=0.741 AC=-0.107(MEAN_REVERTING) VR=1.012(NONE) | pass_rate=100.0%
2026-03-12 19:58:39 | qs.exploit_gate | INFO  | Gate OPEN | type=TRENDING conf=0.33 | H=0.759(TRENDING) S=0.749 AC=-0.070(MEAN_REVERTING) VR=1.099(NONE) | pass_rate=100.0%
2026-03-12 19:58:39 | qs.exploit_gate | INFO  | Gate OPEN | type=TRENDING conf=0.31 | H=0.750(TRENDING) S=0.808 AC=-0.158(MEAN_REVERTING) VR=0.940(NONE) | pass_rate=100.0%
2026-03-12 19:59:09 | qs.system    | INFO  | Cycle 5/20
2026-03-12 19:59:09 | qs.volatility | INFO  | Top 3 volatile: SOL/USDT(0.218%), ETH/USDT(0.188%), BTC/USDT(0.168%)
2026-03-12 19:59:12 | qs.exploit_gate | INFO  | Gate OPEN | type=TRENDING conf=0.33 | H=0.731(TRENDING) S=0.753 AC=-0.121(MEAN_REVERTING) VR=1.002(NONE) | pass_rate=100.0%
2026-03-12 19:59:12 | qs.exploit_gate | INFO  | Gate OPEN | type=TRENDING conf=0.33 | H=0.751(TRENDING) S=0.754 AC=-0.087(MEAN_REVERTING) VR=1.084(NONE) | pass_rate=100.0%
2026-03-12 19:59:12 | qs.graveyard | WARNING | BLOCKED by tombstone | similarity=0.95 | pattern_losses=1 | total_lost=$-11.24
2026-03-12 19:59:12 | qs.scalper   | INFO  | GRAVEYARD blocked ETH/USDT LONG (sim=0.95)
2026-03-12 19:59:12 | qs.exploit_gate | INFO  | Gate OPEN | type=TRENDING conf=0.31 | H=0.747(TRENDING) S=0.811 AC=-0.167(MEAN_REVERTING) VR=0.937(NONE) | pass_rate=100.0%
2026-03-12 19:59:12 | qs.graveyard | WARNING | BLOCKED by tombstone | similarity=0.83 | pattern_losses=1 | total_lost=$-11.24
2026-03-12 19:59:12 | qs.scalper   | INFO  | GRAVEYARD blocked BTC/USDT LONG (sim=0.83)
2026-03-12 19:59:42 | qs.system    | INFO  | Cycle 6/20
2026-03-12 19:59:47 | qs.volatility | INFO  | Top 3 volatile: SOL/USDT(0.213%), ETH/USDT(0.186%), BTC/USDT(0.161%)
2026-03-12 19:59:50 | qs.exploit_gate | INFO  | Gate OPEN | type=TRENDING conf=0.33 | H=0.731(TRENDING) S=0.753 AC=-0.122(MEAN_REVERTING) VR=1.000(NONE) | pass_rate=100.0%
2026-03-12 19:59:50 | qs.exploit_gate | INFO  | Gate OPEN | type=TRENDING conf=0.33 | H=0.751(TRENDING) S=0.750 AC=-0.087(MEAN_REVERTING) VR=1.090(NONE) | pass_rate=100.0%
2026-03-12 19:59:50 | qs.graveyard | WARNING | BLOCKED by tombstone | similarity=0.86 | pattern_losses=1 | total_lost=$-11.24
2026-03-12 19:59:50 | qs.scalper   | INFO  | GRAVEYARD blocked ETH/USDT LONG (sim=0.86)
2026-03-12 19:59:50 | qs.exploit_gate | INFO  | Gate OPEN | type=TRENDING conf=0.31 | H=0.747(TRENDING) S=0.811 AC=-0.167(MEAN_REVERTING) VR=0.938(NONE) | pass_rate=100.0%
2026-03-12 19:59:50 | qs.graveyard | WARNING | BLOCKED by tombstone | similarity=0.93 | pattern_losses=1 | total_lost=$-11.24
2026-03-12 19:59:50 | qs.scalper   | INFO  | GRAVEYARD blocked BTC/USDT LONG (sim=0.93)
2026-03-12 20:00:20 | qs.system    | INFO  | Cycle 7/20
2026-03-12 20:00:20 | qs.volatility | INFO  | Top 3 volatile: SOL/USDT(0.213%), ETH/USDT(0.186%), BTC/USDT(0.161%)
2026-03-12 20:00:23 | qs.exploit_gate | INFO  | Gate OPEN | type=TRENDING conf=0.34 | H=0.737(TRENDING) S=0.744 AC=-0.120(MEAN_REVERTING) VR=1.014(NONE) | pass_rate=100.0%
2026-03-12 20:00:23 | qs.graveyard | WARNING | BLOCKED by tombstone | similarity=0.93 | pattern_losses=1 | total_lost=$-11.24
2026-03-12 20:00:23 | qs.scalper   | INFO  | GRAVEYARD blocked SOL/USDT SHORT (sim=0.93)
2026-03-12 20:00:23 | qs.exploit_gate | INFO  | Gate OPEN | type=TRENDING conf=0.57 | H=0.757(TRENDING) S=0.739 AC=-0.079(MEAN_REVERTING) VR=1.114(TRENDING) | pass_rate=100.0%
2026-03-12 20:00:23 | qs.graveyard | WARNING | BLOCKED by tombstone | similarity=0.86 | pattern_losses=1 | total_lost=$-11.24
2026-03-12 20:00:23 | qs.scalper   | INFO  | GRAVEYARD blocked ETH/USDT LONG (sim=0.86)
2026-03-12 20:00:23 | qs.exploit_gate | INFO  | Gate OPEN | type=TRENDING conf=0.31 | H=0.743(TRENDING) S=0.810 AC=-0.161(MEAN_REVERTING) VR=0.939(NONE) | pass_rate=100.0%
2026-03-12 20:00:53 | qs.system    | INFO  | Cycle 8/20
2026-03-12 20:00:53 | qs.volatility | INFO  | Top 3 volatile: SOL/USDT(0.213%), ETH/USDT(0.186%), BTC/USDT(0.161%)
2026-03-12 20:00:56 | qs.exploit_gate | INFO  | Gate OPEN | type=TRENDING conf=0.33 | H=0.737(TRENDING) S=0.749 AC=-0.121(MEAN_REVERTING) VR=1.013(NONE) | pass_rate=100.0%
2026-03-12 20:00:56 | qs.graveyard | WARNING | BLOCKED by tombstone | similarity=0.89 | pattern_losses=1 | total_lost=$-11.24
2026-03-12 20:00:56 | qs.scalper   | INFO  | GRAVEYARD blocked SOL/USDT SHORT (sim=0.90)
2026-03-12 20:00:56 | qs.exploit_gate | INFO  | Gate OPEN | type=TRENDING conf=0.57 | H=0.757(TRENDING) S=0.744 AC=-0.083(MEAN_REVERTING) VR=1.110(TRENDING) | pass_rate=100.0%
2026-03-12 20:00:56 | qs.exploit_gate | INFO  | Gate OPEN | type=TRENDING conf=0.31 | H=0.742(TRENDING) S=0.810 AC=-0.163(MEAN_REVERTING) VR=0.937(NONE) | pass_rate=100.0%
2026-03-12 20:01:08 | qs.system    | INFO  | Starting Quant Scalper v6 on http://localhost:8000
2026-03-12 20:01:26 | qs.system    | INFO  | Cycle 9/20
2026-03-12 20:01:26 | qs.volatility | INFO  | Top 3 volatile: SOL/USDT(0.213%), ETH/USDT(0.186%), BTC/USDT(0.161%)
2026-03-12 20:01:28 | qs.exploit_gate | INFO  | Gate OPEN | type=TRENDING conf=0.33 | H=0.733(TRENDING) S=0.749 AC=-0.129(MEAN_REVERTING) VR=1.017(NONE) | pass_rate=100.0%
2026-03-12 20:01:28 | qs.graveyard | WARNING | BLOCKED by tombstone | similarity=0.94 | pattern_losses=1 | total_lost=$-11.24
2026-03-12 20:01:28 | qs.scalper   | INFO  | GRAVEYARD blocked SOL/USDT SHORT (sim=0.94)
2026-03-12 20:01:28 | qs.exploit_gate | INFO  | Gate OPEN | type=TRENDING conf=0.57 | H=0.765(TRENDING) S=0.741 AC=-0.087(MEAN_REVERTING) VR=1.116(TRENDING) | pass_rate=100.0%
2026-03-12 20:01:28 | qs.graveyard | WARNING | BLOCKED by tombstone | similarity=0.94 | pattern_losses=1 | total_lost=$-11.24
2026-03-12 20:01:28 | qs.scalper   | INFO  | GRAVEYARD blocked ETH/USDT LONG (sim=0.94)
2026-03-12 20:01:28 | qs.exploit_gate | INFO  | Gate OPEN | type=TRENDING conf=0.31 | H=0.733(TRENDING) S=0.803 AC=-0.173(MEAN_REVERTING) VR=0.946(NONE) | pass_rate=100.0%
2026-03-12 20:01:58 | qs.system    | INFO  | Cycle 10/20
2026-03-12 20:02:00 | qs.system    | INFO  | Starting Quant Scalper v6 on http://localhost:8000
2026-03-12 20:02:09 | qs.volatility | INFO  | Top 3 volatile: SOL/USDT(0.213%), ETH/USDT(0.186%), BTC/USDT(0.161%)
2026-03-12 20:02:13 | qs.exploit_gate | INFO  | Gate OPEN | type=TRENDING conf=0.33 | H=0.718(TRENDING) S=0.749 AC=-0.124(MEAN_REVERTING) VR=1.009(NONE) | pass_rate=100.0%
2026-03-12 20:02:13 | qs.exploit_gate | INFO  | Gate OPEN | type=TRENDING conf=0.34 | H=0.756(TRENDING) S=0.741 AC=-0.086(MEAN_REVERTING) VR=1.095(NONE) | pass_rate=100.0%
2026-03-12 20:02:13 | qs.graveyard | WARNING | BLOCKED by tombstone | similarity=0.94 | pattern_losses=1 | total_lost=$-11.24
2026-03-12 20:02:13 | qs.scalper   | INFO  | GRAVEYARD blocked ETH/USDT LONG (sim=0.94)
2026-03-12 20:02:13 | qs.exploit_gate | INFO  | Gate OPEN | type=TRENDING conf=0.31 | H=0.721(TRENDING) S=0.803 AC=-0.176(MEAN_REVERTING) VR=0.945(NONE) | pass_rate=100.0%
2026-03-12 20:02:13 | qs.graveyard | WARNING | BLOCKED by tombstone | similarity=0.84 | pattern_losses=1 | total_lost=$-11.24
2026-03-12 20:02:13 | qs.scalper   | INFO  | GRAVEYARD blocked BTC/USDT LONG (sim=0.84)
2026-03-12 20:02:38 | qs.system    | INFO  | Starting bot mode=paper symbols=['BTC/USDT', 'ETH/USDT', 'SOL/USDT']
2026-03-12 20:02:40 | qs.data      | INFO  | Exchange initialized for BTC/USDT
2026-03-12 20:02:40 | qs.data      | INFO  | Exchange initialized for ETH/USDT
2026-03-12 20:02:40 | qs.data      | INFO  | Exchange initialized for SOL/USDT
2026-03-12 20:02:40 | qs.graveyard | INFO  | Loaded 6 tombstones from graveyard
2026-03-12 20:02:40 | qs.data      | INFO  | Exchange initialized for BTC/USDT
2026-03-12 20:02:40 | qs.data      | INFO  | Exchange initialized for ETH/USDT
2026-03-12 20:02:40 | qs.data      | INFO  | Exchange initialized for SOL/USDT
2026-03-12 20:02:43 | qs.system    | INFO  | Cycle 11/20
2026-03-12 20:02:46 | qs.ml        | INFO  | Computing features for training...
2026-03-12 20:02:47 | qs.volatility | INFO  | Top 3 volatile: SOL/USDT(0.203%), BTC/USDT(0.148%), ETH/USDT(0.175%)
2026-03-12 20:02:47 | qs.ml        | INFO  | Trained: val_accuracy=49.1% samples=457 top_features=['macd_hist_z', 'bb_width_z', 'atr_norm']
2026-03-12 20:02:49 | qs.exploit_gate | INFO  | Gate OPEN | type=TRENDING conf=0.34 | H=0.718(TRENDING) S=0.747 AC=-0.127(MEAN_REVERTING) VR=1.014(NONE) | pass_rate=100.0%
2026-03-12 20:02:49 | qs.graveyard | WARNING | BLOCKED by tombstone | similarity=0.93 | pattern_losses=1 | total_lost=$-1.38
2026-03-12 20:02:49 | qs.scalper   | INFO  | GRAVEYARD blocked SOL/USDT SHORT (sim=0.93)
2026-03-12 20:02:49 | qs.exploit_gate | INFO  | Gate OPEN | type=TRENDING conf=0.31 | H=0.721(TRENDING) S=0.802 AC=-0.177(MEAN_REVERTING) VR=0.945(NONE) | pass_rate=100.0%
2026-03-12 20:02:49 | qs.graveyard | WARNING | BLOCKED by tombstone | similarity=0.75 | pattern_losses=1 | total_lost=$-11.24
2026-03-12 20:02:49 | qs.scalper   | INFO  | GRAVEYARD blocked BTC/USDT SHORT (sim=0.75)
2026-03-12 20:02:49 | qs.exploit_gate | INFO  | Gate OPEN | type=TRENDING conf=0.34 | H=0.755(TRENDING) S=0.743 AC=-0.088(MEAN_REVERTING) VR=1.092(NONE) | pass_rate=100.0%
2026-03-12 20:03:18 | qs.volatility | INFO  | Top 3 volatile: SOL/USDT(0.199%), BTC/USDT(0.151%), ETH/USDT(0.170%)
2026-03-12 20:03:19 | qs.system    | INFO  | Cycle 12/20
2026-03-12 20:03:19 | qs.volatility | INFO  | Top 3 volatile: SOL/USDT(0.203%), BTC/USDT(0.148%), ETH/USDT(0.175%)
2026-03-12 20:03:21 | qs.exploit_gate | INFO  | Gate OPEN | type=TRENDING conf=0.33 | H=0.712(TRENDING) S=0.752 AC=-0.119(MEAN_REVERTING) VR=1.004(NONE) | pass_rate=100.0%
2026-03-12 20:03:21 | qs.exploit_gate | INFO  | Gate OPEN | type=TRENDING conf=0.31 | H=0.713(TRENDING) S=0.802 AC=-0.174(MEAN_REVERTING) VR=0.941(NONE) | pass_rate=100.0%
2026-03-12 20:03:22 | qs.graveyard | WARNING | BLOCKED by tombstone | similarity=0.85 | pattern_losses=1 | total_lost=$-11.24
2026-03-12 20:03:22 | qs.scalper   | INFO  | GRAVEYARD blocked BTC/USDT LONG (sim=0.85)
2026-03-12 20:03:22 | qs.exploit_gate | INFO  | Gate OPEN | type=TRENDING conf=0.34 | H=0.732(TRENDING) S=0.739 AC=-0.085(MEAN_REVERTING) VR=1.060(NONE) | pass_rate=100.0%
2026-03-12 20:03:22 | qs.graveyard | WARNING | BLOCKED by tombstone | similarity=0.85 | pattern_losses=1 | total_lost=$-11.24
2026-03-12 20:03:22 | qs.scalper   | INFO  | GRAVEYARD blocked ETH/USDT LONG (sim=0.85)
2026-03-12 20:03:38 | qs.exploit_gate | INFO  | Gate OPEN | type=TRENDING conf=0.33 | H=0.712(TRENDING) S=0.752 AC=-0.119(MEAN_REVERTING) VR=1.004(NONE) | pass_rate=100.0%
2026-03-12 20:03:38 | qs.exploit_gate | INFO  | Gate OPEN | type=TRENDING conf=0.31 | H=0.713(TRENDING) S=0.802 AC=-0.174(MEAN_REVERTING) VR=0.941(NONE) | pass_rate=100.0%
2026-03-12 20:03:38 | qs.graveyard | WARNING | BLOCKED by tombstone | similarity=0.95 | pattern_losses=1 | total_lost=$-11.24
2026-03-12 20:03:38 | qs.scalper   | INFO  | GRAVEYARD blocked BTC/USDT LONG (sim=0.95)
2026-03-12 20:03:38 | qs.exploit_gate | INFO  | Gate OPEN | type=TRENDING conf=0.34 | H=0.732(TRENDING) S=0.739 AC=-0.085(MEAN_REVERTING) VR=1.059(NONE) | pass_rate=100.0%
2026-03-12 20:03:38 | qs.graveyard | WARNING | BLOCKED by tombstone | similarity=0.80 | pattern_losses=1 | total_lost=$-11.24
2026-03-12 20:03:38 | qs.scalper   | INFO  | GRAVEYARD blocked ETH/USDT LONG (sim=0.81)
2026-03-12 20:03:52 | qs.system    | INFO  | Cycle 13/20
2026-03-12 20:03:52 | qs.volatility | INFO  | Top 3 volatile: SOL/USDT(0.203%), BTC/USDT(0.148%), ETH/USDT(0.175%)
2026-03-12 20:03:55 | qs.exploit_gate | INFO  | Gate OPEN | type=TRENDING conf=0.33 | H=0.712(TRENDING) S=0.755 AC=-0.110(MEAN_REVERTING) VR=0.997(NONE) | pass_rate=100.0%
2026-03-12 20:03:55 | qs.graveyard | WARNING | BLOCKED by tombstone | similarity=0.90 | pattern_losses=1 | total_lost=$-11.24
2026-03-12 20:03:55 | qs.scalper   | INFO  | GRAVEYARD blocked SOL/USDT LONG (sim=0.90)
2026-03-12 20:03:55 | qs.exploit_gate | INFO  | Gate OPEN | type=TRENDING conf=0.31 | H=0.713(TRENDING) S=0.807 AC=-0.172(MEAN_REVERTING) VR=0.930(NONE) | pass_rate=100.0%
2026-03-12 20:03:55 | qs.graveyard | WARNING | BLOCKED by tombstone | similarity=0.88 | pattern_losses=1 | total_lost=$-11.24
2026-03-12 20:03:55 | qs.scalper   | INFO  | GRAVEYARD blocked BTC/USDT LONG (sim=0.88)
2026-03-12 20:03:55 | qs.exploit_gate | INFO  | Gate OPEN | type=TRENDING conf=0.34 | H=0.732(TRENDING) S=0.742 AC=-0.085(MEAN_REVERTING) VR=1.055(NONE) | pass_rate=100.0%
2026-03-12 20:03:55 | qs.graveyard | WARNING | BLOCKED by tombstone | similarity=0.89 | pattern_losses=1 | total_lost=$-11.24
2026-03-12 20:03:55 | qs.scalper   | INFO  | GRAVEYARD blocked ETH/USDT LONG (sim=0.89)
2026-03-12 20:04:08 | qs.volatility | INFO  | Top 3 volatile: SOL/USDT(0.199%), BTC/USDT(0.151%), ETH/USDT(0.170%)
2026-03-12 20:04:13 | qs.exploit_gate | INFO  | Gate OPEN | type=TRENDING conf=0.33 | H=0.716(TRENDING) S=0.752 AC=-0.114(MEAN_REVERTING) VR=0.986(NONE) | pass_rate=100.0%
2026-03-12 20:04:13 | qs.graveyard | WARNING | BLOCKED by tombstone | similarity=0.96 | pattern_losses=1 | total_lost=$-11.24
2026-03-12 20:04:13 | qs.scalper   | INFO  | GRAVEYARD blocked SOL/USDT LONG (sim=0.96)
2026-03-12 20:04:13 | qs.exploit_gate | INFO  | Gate OPEN | type=TRENDING conf=0.31 | H=0.711(TRENDING) S=0.802 AC=-0.174(MEAN_REVERTING) VR=0.911(NONE) | pass_rate=100.0%
2026-03-12 20:04:13 | qs.graveyard | WARNING | BLOCKED by tombstone | similarity=0.79 | pattern_losses=1 | total_lost=$-11.24
2026-03-12 20:04:13 | qs.scalper   | INFO  | GRAVEYARD blocked BTC/USDT LONG (sim=0.79)
2026-03-12 20:04:13 | qs.exploit_gate | INFO  | Gate OPEN | type=TRENDING conf=0.34 | H=0.727(TRENDING) S=0.734 AC=-0.090(MEAN_REVERTING) VR=1.003(NONE) | pass_rate=100.0%
2026-03-12 20:04:13 | qs.graveyard | WARNING | BLOCKED by tombstone | similarity=0.81 | pattern_losses=1 | total_lost=$-11.24
2026-03-12 20:04:13 | qs.scalper   | INFO  | GRAVEYARD blocked ETH/USDT LONG (sim=0.81)
2026-03-12 20:04:25 | qs.system    | INFO  | Cycle 14/20
2026-03-12 20:04:25 | qs.volatility | INFO  | Top 3 volatile: SOL/USDT(0.203%), BTC/USDT(0.148%), ETH/USDT(0.175%)
2026-03-12 20:04:30 | qs.exploit_gate | INFO  | Gate OPEN | type=TRENDING conf=0.33 | H=0.716(TRENDING) S=0.753 AC=-0.111(MEAN_REVERTING) VR=0.985(NONE) | pass_rate=100.0%
2026-03-12 20:04:30 | qs.graveyard | WARNING | BLOCKED by tombstone | similarity=0.94 | pattern_losses=1 | total_lost=$-11.24
2026-03-12 20:04:30 | qs.scalper   | INFO  | GRAVEYARD blocked SOL/USDT LONG (sim=0.94)
2026-03-12 20:04:30 | qs.exploit_gate | INFO  | Gate OPEN | type=TRENDING conf=0.31 | H=0.711(TRENDING) S=0.802 AC=-0.176(MEAN_REVERTING) VR=0.910(NONE) | pass_rate=100.0%
2026-03-12 20:04:30 | qs.graveyard | WARNING | BLOCKED by tombstone | similarity=0.91 | pattern_losses=1 | total_lost=$-11.24
2026-03-12 20:04:30 | qs.scalper   | INFO  | GRAVEYARD blocked BTC/USDT LONG (sim=0.91)
2026-03-12 20:04:30 | qs.exploit_gate | INFO  | Gate OPEN | type=TRENDING conf=0.34 | H=0.727(TRENDING) S=0.736 AC=-0.088(MEAN_REVERTING) VR=1.003(NONE) | pass_rate=100.0%
2026-03-12 20:04:30 | qs.graveyard | WARNING | BLOCKED by tombstone | similarity=0.91 | pattern_losses=1 | total_lost=$-11.24
2026-03-12 20:04:30 | qs.scalper   | INFO  | GRAVEYARD blocked ETH/USDT LONG (sim=0.91)
2026-03-12 20:04:43 | qs.volatility | INFO  | Top 3 volatile: SOL/USDT(0.199%), BTC/USDT(0.151%), ETH/USDT(0.170%)
2026-03-12 20:04:48 | qs.exploit_gate | INFO  | Gate OPEN | type=TRENDING conf=0.33 | H=0.716(TRENDING) S=0.752 AC=-0.113(MEAN_REVERTING) VR=0.986(NONE) | pass_rate=100.0%
2026-03-12 20:04:48 | qs.graveyard | WARNING | BLOCKED by tombstone | similarity=0.82 | pattern_losses=1 | total_lost=$-11.24
2026-03-12 20:04:48 | qs.scalper   | INFO  | GRAVEYARD blocked SOL/USDT LONG (sim=0.82)
2026-03-12 20:04:48 | qs.exploit_gate | INFO  | Gate OPEN | type=TRENDING conf=0.31 | H=0.711(TRENDING) S=0.802 AC=-0.174(MEAN_REVERTING) VR=0.911(NONE) | pass_rate=100.0%
2026-03-12 20:04:48 | qs.graveyard | WARNING | BLOCKED by tombstone | similarity=0.91 | pattern_losses=1 | total_lost=$-11.24
2026-03-12 20:04:48 | qs.scalper   | INFO  | GRAVEYARD blocked BTC/USDT LONG (sim=0.91)
2026-03-12 20:04:48 | qs.exploit_gate | INFO  | Gate OPEN | type=TRENDING conf=0.34 | H=0.727(TRENDING) S=0.736 AC=-0.087(MEAN_REVERTING) VR=1.002(NONE) | pass_rate=100.0%
2026-03-12 20:04:48 | qs.graveyard | WARNING | BLOCKED by tombstone | similarity=0.79 | pattern_losses=1 | total_lost=$-11.24
2026-03-12 20:04:48 | qs.scalper   | INFO  | GRAVEYARD blocked ETH/USDT LONG (sim=0.79)
2026-03-12 20:05:00 | qs.system    | INFO  | Cycle 15/20
2026-03-12 20:05:00 | qs.volatility | INFO  | Top 3 volatile: SOL/USDT(0.203%), BTC/USDT(0.148%), ETH/USDT(0.175%)
2026-03-12 20:05:02 | qs.exploit_gate | INFO  | Gate OPEN | type=TRENDING conf=0.33 | H=0.716(TRENDING) S=0.753 AC=-0.110(MEAN_REVERTING) VR=0.985(NONE) | pass_rate=100.0%
2026-03-12 20:05:02 | qs.graveyard | WARNING | BLOCKED by tombstone | similarity=0.81 | pattern_losses=1 | total_lost=$-11.24
2026-03-12 20:05:02 | qs.scalper   | INFO  | GRAVEYARD blocked SOL/USDT LONG (sim=0.81)
2026-03-12 20:05:02 | qs.exploit_gate | INFO  | Gate OPEN | type=TRENDING conf=0.31 | H=0.736(TRENDING) S=0.803 AC=-0.173(MEAN_REVERTING) VR=0.897(NONE) | pass_rate=100.0%
2026-03-12 20:05:02 | qs.graveyard | WARNING | BLOCKED by tombstone | similarity=0.95 | pattern_losses=1 | total_lost=$-11.24
2026-03-12 20:05:02 | qs.scalper   | INFO  | GRAVEYARD blocked BTC/USDT LONG (sim=0.95)
2026-03-12 20:05:02 | qs.exploit_gate | INFO  | Gate OPEN | type=TRENDING conf=0.34 | H=0.727(TRENDING) S=0.736 AC=-0.086(MEAN_REVERTING) VR=1.000(NONE) | pass_rate=100.0%
2026-03-12 20:05:02 | qs.graveyard | WARNING | BLOCKED by tombstone | similarity=0.77 | pattern_losses=1 | total_lost=$-11.24
2026-03-12 20:05:02 | qs.scalper   | INFO  | GRAVEYARD blocked ETH/USDT LONG (sim=0.77)
2026-03-12 20:05:18 | qs.volatility | INFO  | Top 3 volatile: SOL/USDT(0.199%), BTC/USDT(0.151%), ETH/USDT(0.170%)
2026-03-12 20:05:23 | qs.exploit_gate | INFO  | Gate OPEN | type=TRENDING conf=0.33 | H=0.720(TRENDING) S=0.754 AC=-0.118(MEAN_REVERTING) VR=0.984(NONE) | pass_rate=100.0%
2026-03-12 20:05:23 | qs.graveyard | WARNING | BLOCKED by tombstone | similarity=0.96 | pattern_losses=1 | total_lost=$-11.24
2026-03-12 20:05:23 | qs.scalper   | INFO  | GRAVEYARD blocked SOL/USDT LONG (sim=0.96)
2026-03-12 20:05:23 | qs.exploit_gate | INFO  | Gate OPEN | type=TRENDING conf=0.31 | H=0.736(TRENDING) S=0.803 AC=-0.172(MEAN_REVERTING) VR=0.898(NONE) | pass_rate=100.0%
2026-03-12 20:05:23 | qs.graveyard | WARNING | BLOCKED by tombstone | similarity=0.94 | pattern_losses=1 | total_lost=$-11.24
2026-03-12 20:05:23 | qs.scalper   | INFO  | GRAVEYARD blocked BTC/USDT LONG (sim=0.94)
2026-03-12 20:05:23 | qs.exploit_gate | INFO  | Gate OPEN | type=TRENDING conf=0.34 | H=0.748(TRENDING) S=0.732 AC=-0.099(MEAN_REVERTING) VR=0.964(NONE) | pass_rate=100.0%
2026-03-12 20:05:23 | qs.graveyard | WARNING | BLOCKED by tombstone | similarity=0.96 | pattern_losses=1 | total_lost=$-11.24
2026-03-12 20:05:23 | qs.scalper   | INFO  | GRAVEYARD blocked ETH/USDT LONG (sim=0.96)
2026-03-12 20:05:32 | qs.system    | INFO  | Cycle 16/20
2026-03-12 20:05:34 | qs.volatility | INFO  | Top 3 volatile: SOL/USDT(0.195%), BTC/USDT(0.146%), ETH/USDT(0.169%)
2026-03-12 20:05:38 | qs.exploit_gate | INFO  | Gate OPEN | type=TRENDING conf=0.33 | H=0.720(TRENDING) S=0.755 AC=-0.116(MEAN_REVERTING) VR=0.985(NONE) | pass_rate=100.0%
2026-03-12 20:05:38 | qs.graveyard | WARNING | BLOCKED by tombstone | similarity=0.88 | pattern_losses=1 | total_lost=$-11.24
2026-03-12 20:05:38 | qs.scalper   | INFO  | GRAVEYARD blocked SOL/USDT LONG (sim=0.88)
2026-03-12 20:05:38 | qs.exploit_gate | INFO  | Gate OPEN | type=TRENDING conf=0.31 | H=0.737(TRENDING) S=0.803 AC=-0.171(MEAN_REVERTING) VR=0.898(NONE) | pass_rate=100.0%
2026-03-12 20:05:38 | qs.graveyard | WARNING | BLOCKED by tombstone | similarity=0.76 | pattern_losses=1 | total_lost=$-11.24
2026-03-12 20:05:38 | qs.scalper   | INFO  | GRAVEYARD blocked BTC/USDT LONG (sim=0.76)
2026-03-12 20:05:38 | qs.exploit_gate | INFO  | Gate OPEN | type=TRENDING conf=0.34 | H=0.748(TRENDING) S=0.736 AC=-0.096(MEAN_REVERTING) VR=0.962(NONE) | pass_rate=100.0%
2026-03-12 20:05:38 | qs.graveyard | WARNING | BLOCKED by tombstone | similarity=0.79 | pattern_losses=1 | total_lost=$-1.38
2026-03-12 20:05:38 | qs.scalper   | INFO  | GRAVEYARD blocked ETH/USDT LONG (sim=0.79)
2026-03-12 20:05:53 | qs.volatility | INFO  | Top 3 volatile: SOL/USDT(0.199%), BTC/USDT(0.151%), ETH/USDT(0.170%)
2026-03-12 20:05:58 | qs.exploit_gate | INFO  | Gate OPEN | type=TRENDING conf=0.33 | H=0.719(TRENDING) S=0.754 AC=-0.121(MEAN_REVERTING) VR=0.979(NONE) | pass_rate=100.0%
2026-03-12 20:05:58 | qs.graveyard | WARNING | BLOCKED by tombstone | similarity=0.83 | pattern_losses=1 | total_lost=$-11.24
2026-03-12 20:05:58 | qs.scalper   | INFO  | GRAVEYARD blocked SOL/USDT LONG (sim=0.83)
2026-03-12 20:05:58 | qs.exploit_gate | INFO  | Gate OPEN | type=TRENDING conf=0.31 | H=0.737(TRENDING) S=0.803 AC=-0.174(MEAN_REVERTING) VR=0.894(NONE) | pass_rate=100.0%
2026-03-12 20:06:00 | qs.signal    | INFO  | ACCEPT BTC/USDT LONG grade=C score=0.7 quality=0.714 | {"breakdown": {"technical": 0.799, "ml_confidence": 0.5, "order_flow": 0.998, "volatility": 0.7}}
2026-03-12 20:06:00 | qs.asym_risk | INFO  | LONG entry=70354.30 | SL=70199.21(0.22%) TP=70633.46 | RR=1.8 EV=168.6422 ✓ +EV
2026-03-12 20:06:00 | qs.risk      | INFO  | Kelly sizing: p=0.67 rr=1.8 kelly_f=-0.0043 risk%=0.0050 quality=0.75 size=$453
2026-03-12 20:06:00 | qs.system    | INFO  | R:R FIX: 1.8 → 2.0 | TP adjusted to 70664.48
2026-03-12 20:06:00 | qs.system    | INFO  | Execution attempt symbol=BTC/USDT signal=LONG mode=paper size=453.27
2026-03-12 20:06:00 | qs.order     | INFO  | PAPER_FILL BTC/USDT LONG size=$453.27 price=70371.89 | {"slippage_bps": 2.5, "grade": "C"}
2026-03-12 20:06:00 | qs.system    | INFO  | ENTRY BTC/USDT LONG q=0.746 gate=TRENDING(0.31) RR=1.8 EV=168.6422 $453
2026-03-12 20:06:08 | qs.system    | INFO  | Cycle 17/20
2026-03-12 20:06:08 | qs.volatility | INFO  | Top 3 volatile: SOL/USDT(0.195%), BTC/USDT(0.146%), ETH/USDT(0.169%)
2026-03-12 20:06:11 | qs.exploit_gate | INFO  | Gate OPEN | type=TRENDING conf=0.33 | H=0.730(TRENDING) S=0.749 AC=-0.127(MEAN_REVERTING) VR=0.960(NONE) | pass_rate=100.0%
2026-03-12 20:06:11 | qs.graveyard | WARNING | BLOCKED by tombstone | similarity=0.97 | pattern_losses=1 | total_lost=$-11.24
2026-03-12 20:06:11 | qs.scalper   | INFO  | GRAVEYARD blocked SOL/USDT LONG (sim=0.97)
2026-03-12 20:06:11 | qs.exploit_gate | INFO  | Gate OPEN | type=TRENDING conf=0.32 | H=0.730(TRENDING) S=0.795 AC=-0.181(MEAN_REVERTING) VR=0.868(MEAN_REVERTING) | pass_rate=100.0%
2026-03-12 20:06:11 | qs.exploit_gate | INFO  | Gate OPEN | type=TRENDING conf=0.33 | H=0.757(TRENDING) S=0.747 AC=-0.134(MEAN_REVERTING) VR=0.945(NONE) | pass_rate=100.0%
2026-03-12 20:06:11 | qs.graveyard | WARNING | BLOCKED by tombstone | similarity=0.87 | pattern_losses=1 | total_lost=$-11.24
2026-03-12 20:06:11 | qs.scalper   | INFO  | GRAVEYARD blocked ETH/USDT LONG (sim=0.87)
2026-03-12 20:06:32 | qs.volatility | INFO  | Top 3 volatile: SOL/USDT(0.192%), BTC/USDT(0.147%), ETH/USDT(0.170%)
2026-03-12 20:06:33 | qs.exploit_gate | INFO  | Gate OPEN | type=TRENDING conf=0.33 | H=0.730(TRENDING) S=0.748 AC=-0.125(MEAN_REVERTING) VR=0.955(NONE) | pass_rate=100.0%
2026-03-12 20:06:33 | qs.graveyard | WARNING | BLOCKED by tombstone | similarity=0.94 | pattern_losses=1 | total_lost=$-11.24
2026-03-12 20:06:33 | qs.scalper   | INFO  | GRAVEYARD blocked SOL/USDT LONG (sim=0.94)
2026-03-12 20:06:33 | qs.exploit_gate | INFO  | Gate OPEN | type=TRENDING conf=0.32 | H=0.730(TRENDING) S=0.795 AC=-0.180(MEAN_REVERTING) VR=0.866(MEAN_REVERTING) | pass_rate=100.0%
2026-03-12 20:06:33 | qs.exploit_gate | INFO  | Gate OPEN | type=TRENDING conf=0.33 | H=0.757(TRENDING) S=0.756 AC=-0.130(MEAN_REVERTING) VR=0.931(NONE) | pass_rate=100.0%
2026-03-12 20:06:41 | qs.system    | INFO  | Cycle 18/20
2026-03-12 20:06:41 | qs.volatility | INFO  | Top 3 volatile: SOL/USDT(0.195%), BTC/USDT(0.146%), ETH/USDT(0.169%)
2026-03-12 20:06:44 | qs.exploit_gate | INFO  | Gate OPEN | type=TRENDING conf=0.33 | H=0.731(TRENDING) S=0.755 AC=-0.116(MEAN_REVERTING) VR=0.911(NONE) | pass_rate=100.0%
2026-03-12 20:06:44 | qs.exploit_gate | INFO  | Gate OPEN | type=TRENDING conf=0.31 | H=0.730(TRENDING) S=0.801 AC=-0.172(MEAN_REVERTING) VR=0.848(MEAN_REVERTING) | pass_rate=100.0%
2026-03-12 20:06:44 | qs.exploit_gate | INFO  | Gate OPEN | type=TRENDING conf=0.33 | H=0.757(TRENDING) S=0.756 AC=-0.128(MEAN_REVERTING) VR=0.923(NONE) | pass_rate=100.0%
2026-03-12 20:07:03 | qs.volatility | INFO  | Top 3 volatile: SOL/USDT(0.192%), BTC/USDT(0.147%), ETH/USDT(0.170%)
2026-03-12 20:07:05 | qs.graveyard | INFO  | New tombstone buried | loss=$-1.35 | total=7
2026-03-12 20:07:05 | qs.exploit_gate | INFO  | Gate OPEN | type=TRENDING conf=0.33 | H=0.731(TRENDING) S=0.755 AC=-0.119(MEAN_REVERTING) VR=0.927(NONE) | pass_rate=100.0%
2026-03-12 20:07:05 | qs.exploit_gate | INFO  | Gate OPEN | type=TRENDING conf=0.31 | H=0.730(TRENDING) S=0.803 AC=-0.165(MEAN_REVERTING) VR=0.829(MEAN_REVERTING) | pass_rate=100.0%
2026-03-12 20:07:05 | qs.graveyard | WARNING | BLOCKED by tombstone | similarity=0.77 | pattern_losses=1 | total_lost=$-1.38
2026-03-12 20:07:05 | qs.scalper   | INFO  | GRAVEYARD blocked BTC/USDT SHORT (sim=0.77)
2026-03-12 20:07:05 | qs.exploit_gate | INFO  | Gate OPEN | type=TRENDING conf=0.33 | H=0.757(TRENDING) S=0.756 AC=-0.124(MEAN_REVERTING) VR=0.909(NONE) | pass_rate=100.0%
2026-03-12 20:07:05 | qs.graveyard | WARNING | BLOCKED by tombstone | similarity=0.90 | pattern_losses=1 | total_lost=$-1.35
2026-03-12 20:07:05 | qs.scalper   | INFO  | GRAVEYARD blocked ETH/USDT SHORT (sim=0.90)
2026-03-12 20:07:14 | qs.system    | INFO  | Cycle 19/20
2026-03-12 20:07:20 | qs.volatility | INFO  | Top 3 volatile: SOL/USDT(0.195%), BTC/USDT(0.146%), ETH/USDT(0.169%)
2026-03-12 20:07:23 | qs.exploit_gate | INFO  | Gate OPEN | type=TRENDING conf=0.33 | H=0.722(TRENDING) S=0.760 AC=-0.092(MEAN_REVERTING) VR=0.895(NONE) | pass_rate=100.0%
2026-03-12 20:07:23 | qs.graveyard | WARNING | BLOCKED by tombstone | similarity=0.89 | pattern_losses=1 | total_lost=$-11.24
2026-03-12 20:07:23 | qs.scalper   | INFO  | GRAVEYARD blocked SOL/USDT SHORT (sim=0.89)
2026-03-12 20:07:23 | qs.exploit_gate | INFO  | Gate OPEN | type=TRENDING conf=0.31 | H=0.722(TRENDING) S=0.805 AC=-0.139(MEAN_REVERTING) VR=0.817(MEAN_REVERTING) | pass_rate=100.0%
2026-03-12 20:07:23 | qs.math_engine | INFO  | O-U SIGNAL: LONG | θ=0.7713 μ=70282.06 half_life=0.9 z=-2.40 vpin=0.247
2026-03-12 20:07:23 | qs.graveyard | WARNING | BLOCKED by tombstone | similarity=0.88 | pattern_losses=1 | total_lost=$-11.24
2026-03-12 20:07:23 | qs.scalper   | INFO  | GRAVEYARD blocked BTC/USDT LONG (sim=0.88)
2026-03-12 20:07:23 | qs.exploit_gate | INFO  | Gate OPEN | type=TRENDING conf=0.33 | H=0.749(TRENDING) S=0.767 AC=-0.095(MEAN_REVERTING) VR=0.888(NONE) | pass_rate=100.0%
2026-03-12 20:07:23 | qs.math_engine | INFO  | O-U SIGNAL: LONG | θ=0.5869 μ=2070.57 half_life=1.2 z=-2.43 vpin=0.286
2026-03-12 20:07:23 | qs.graveyard | WARNING | BLOCKED by tombstone | similarity=0.77 | pattern_losses=1 | total_lost=$-1.38
2026-03-12 20:07:23 | qs.scalper   | INFO  | GRAVEYARD blocked ETH/USDT LONG (sim=0.78)
2026-03-12 20:07:35 | qs.volatility | INFO  | Top 3 volatile: SOL/USDT(0.192%), BTC/USDT(0.147%), ETH/USDT(0.170%)
2026-03-12 20:07:38 | qs.exploit_gate | INFO  | Gate OPEN | type=TRENDING conf=0.33 | H=0.722(TRENDING) S=0.761 AC=-0.081(MEAN_REVERTING) VR=0.885(NONE) | pass_rate=100.0%
2026-03-12 20:07:38 | qs.graveyard | WARNING | BLOCKED by tombstone | similarity=0.80 | pattern_losses=1 | total_lost=$-1.35
2026-03-12 20:07:38 | qs.scalper   | INFO  | GRAVEYARD blocked SOL/USDT SHORT (sim=0.80)
2026-03-12 20:07:38 | qs.exploit_gate | INFO  | Gate OPEN | type=TRENDING conf=0.31 | H=0.722(TRENDING) S=0.805 AC=-0.147(MEAN_REVERTING) VR=0.818(MEAN_REVERTING) | pass_rate=100.0%
2026-03-12 20:07:38 | qs.math_engine | INFO  | O-U SIGNAL: LONG | θ=0.8044 μ=70283.53 half_life=0.9 z=-2.18 vpin=0.247
2026-03-12 20:07:38 | qs.graveyard | WARNING | BLOCKED by tombstone | similarity=0.84 | pattern_losses=1 | total_lost=$-11.24
2026-03-12 20:07:38 | qs.scalper   | INFO  | GRAVEYARD blocked BTC/USDT LONG (sim=0.84)
2026-03-12 20:07:38 | qs.exploit_gate | INFO  | Gate OPEN | type=TRENDING conf=0.33 | H=0.749(TRENDING) S=0.767 AC=-0.101(MEAN_REVERTING) VR=0.891(NONE) | pass_rate=100.0%
2026-03-12 20:07:38 | qs.math_engine | INFO  | O-U SIGNAL: LONG | θ=0.6033 μ=2070.62 half_life=1.1 z=-2.29 vpin=0.286
2026-03-12 20:07:38 | qs.graveyard | WARNING | BLOCKED by tombstone | similarity=0.83 | pattern_losses=1 | total_lost=$-1.35
2026-03-12 20:07:38 | qs.scalper   | INFO  | GRAVEYARD blocked ETH/USDT LONG (sim=0.83)
2026-03-12 20:07:53 | qs.system    | INFO  | Cycle 20/20
2026-03-12 20:07:53 | qs.volatility | INFO  | Top 3 volatile: SOL/USDT(0.195%), BTC/USDT(0.146%), ETH/USDT(0.169%)
2026-03-12 20:07:56 | qs.exploit_gate | INFO  | Gate OPEN | type=TRENDING conf=0.33 | H=0.722(TRENDING) S=0.761 AC=-0.081(MEAN_REVERTING) VR=0.885(NONE) | pass_rate=100.0%
2026-03-12 20:07:56 | qs.graveyard | WARNING | BLOCKED by tombstone | similarity=0.81 | pattern_losses=1 | total_lost=$-1.38
2026-03-12 20:07:56 | qs.scalper   | INFO  | GRAVEYARD blocked SOL/USDT SHORT (sim=0.81)
2026-03-12 20:07:56 | qs.exploit_gate | INFO  | Gate OPEN | type=TRENDING conf=0.31 | H=0.722(TRENDING) S=0.803 AC=-0.149(MEAN_REVERTING) VR=0.818(MEAN_REVERTING) | pass_rate=100.0%
2026-03-12 20:07:56 | qs.math_engine | INFO  | O-U SIGNAL: LONG | θ=0.8132 μ=70283.90 half_life=0.9 z=-2.12 vpin=0.276
2026-03-12 20:07:56 | qs.signal    | INFO  | ACCEPT BTC/USDT LONG grade=C score=0.7 quality=0.693 | {"breakdown": {"technical": 0.799, "ml_confidence": 0.5, "order_flow": 0.891, "volatility": 0.7}}
2026-03-12 20:07:56 | qs.asym_risk | INFO  | LONG entry=70099.10 | SL=69958.90(0.20%) TP=70351.46 | RR=1.8 EV=144.0901 ✓ +EV
2026-03-12 20:07:56 | qs.risk      | INFO  | Kelly sizing: p=0.67 rr=1.8 kelly_f=-0.0043 risk%=0.0050 quality=0.72 size=$500
2026-03-12 20:07:56 | qs.system    | INFO  | R:R FIX: 1.8 → 2.0 | TP adjusted to 70379.50
2026-03-12 20:07:56 | qs.system    | INFO  | Execution attempt symbol=BTC/USDT signal=LONG mode=paper size=499.50
2026-03-12 20:07:56 | qs.order     | INFO  | PAPER_FILL BTC/USDT LONG size=$499.50 price=70116.62 | {"slippage_bps": 2.5, "grade": "C"}
2026-03-12 20:07:56 | qs.system    | INFO  | ENTRY BTC/USDT LONG q=0.724 gate=TRENDING(0.31) RR=1.8 EV=144.0901 $500
2026-03-12 20:08:11 | qs.volatility | INFO  | Top 3 volatile: SOL/USDT(0.192%), BTC/USDT(0.147%), ETH/USDT(0.170%)
2026-03-12 20:08:13 | qs.exploit_gate | INFO  | Gate OPEN | type=TRENDING conf=0.32 | H=0.724(TRENDING) S=0.774 AC=-0.065(MEAN_REVERTING) VR=0.873(MEAN_REVERTING) | pass_rate=100.0%
2026-03-12 20:08:13 | qs.math_engine | INFO  | O-U SIGNAL: LONG | θ=0.2621 μ=86.56 half_life=2.6 z=-1.96 vpin=0.368
2026-03-12 20:08:13 | qs.graveyard | WARNING | BLOCKED by tombstone | similarity=0.87 | pattern_losses=1 | total_lost=$-11.24
2026-03-12 20:08:13 | qs.scalper   | INFO  | GRAVEYARD blocked SOL/USDT LONG (sim=0.87)
2026-03-12 20:08:13 | qs.exploit_gate | INFO  | Gate OPEN | type=TRENDING conf=0.31 | H=0.733(TRENDING) S=0.803 AC=-0.129(MEAN_REVERTING) VR=0.829(MEAN_REVERTING) | pass_rate=100.0%
2026-03-12 20:08:13 | qs.math_engine | INFO  | O-U SIGNAL: LONG | θ=0.5263 μ=70271.58 half_life=1.3 z=-2.52 vpin=0.424
2026-03-12 20:08:13 | qs.graveyard | WARNING | BLOCKED by tombstone | similarity=0.92 | pattern_losses=1 | total_lost=$-1.35
2026-03-12 20:08:13 | qs.scalper   | INFO  | GRAVEYARD blocked BTC/USDT LONG (sim=0.92)
2026-03-12 20:08:13 | qs.exploit_gate | INFO  | Gate OPEN | type=TRENDING conf=0.33 | H=0.755(TRENDING) S=0.767 AC=-0.075(MEAN_REVERTING) VR=0.893(NONE) | pass_rate=100.0%
2026-03-12 20:08:13 | qs.math_engine | INFO  | O-U SIGNAL: LONG | θ=0.3652 μ=2069.96 half_life=1.9 z=-2.53 vpin=0.310
2026-03-12 20:08:13 | qs.graveyard | WARNING | BLOCKED by tombstone | similarity=0.91 | pattern_losses=1 | total_lost=$-1.35
2026-03-12 20:08:13 | qs.scalper   | INFO  | GRAVEYARD blocked ETH/USDT LONG (sim=0.91)
2026-03-12 20:08:26 | qs.system    | INFO  | Final equity=$199.80 trades=18
2026-03-12 20:08:43 | qs.volatility | INFO  | Top 3 volatile: SOL/USDT(0.192%), BTC/USDT(0.147%), ETH/USDT(0.170%)
2026-03-12 20:08:47 | qs.exploit_gate | INFO  | Gate OPEN | type=TRENDING conf=0.33 | H=0.725(TRENDING) S=0.762 AC=-0.026(NONE) VR=0.867(MEAN_REVERTING) | pass_rate=100.0%
2026-03-12 20:08:47 | qs.math_engine | INFO  | O-U SIGNAL: LONG | θ=0.1803 μ=86.51 half_life=3.8 z=-2.21 vpin=0.627
2026-03-12 20:08:47 | qs.graveyard | WARNING | BLOCKED by tombstone | similarity=0.84 | pattern_losses=1 | total_lost=$-1.38
2026-03-12 20:08:47 | qs.scalper   | INFO  | GRAVEYARD blocked SOL/USDT LONG (sim=0.84)
2026-03-12 20:08:47 | qs.exploit_gate | INFO  | Gate OPEN | type=TRENDING conf=0.31 | H=0.733(TRENDING) S=0.805 AC=-0.122(MEAN_REVERTING) VR=0.832(MEAN_REVERTING) | pass_rate=100.0%
2026-03-12 20:08:47 | qs.math_engine | INFO  | O-U SIGNAL: LONG | θ=0.4646 μ=70266.65 half_life=1.5 z=-2.76 vpin=0.356
2026-03-12 20:08:47 | qs.graveyard | WARNING | BLOCKED by tombstone | similarity=0.80 | pattern_losses=1 | total_lost=$-1.38
2026-03-12 20:08:47 | qs.scalper   | INFO  | GRAVEYARD blocked BTC/USDT LONG (sim=0.80)
2026-03-12 20:08:47 | qs.exploit_gate | INFO  | Gate OPEN | type=TRENDING conf=0.32 | H=0.755(TRENDING) S=0.774 AC=-0.067(MEAN_REVERTING) VR=0.894(NONE) | pass_rate=100.0%
2026-03-12 20:08:47 | qs.math_engine | INFO  | O-U SIGNAL: LONG | θ=0.3244 μ=2069.76 half_life=2.1 z=-2.63 vpin=0.310
2026-03-12 20:08:47 | qs.graveyard | WARNING | BLOCKED by tombstone | similarity=0.85 | pattern_losses=1 | total_lost=$-1.38
2026-03-12 20:08:47 | qs.scalper   | INFO  | GRAVEYARD blocked ETH/USDT LONG (sim=0.85)
2026-03-12 20:09:18 | qs.volatility | INFO  | Top 3 volatile: SOL/USDT(0.232%), BTC/USDT(0.164%), ETH/USDT(0.191%)
2026-03-12 20:09:23 | qs.exploit_gate | INFO  | Gate OPEN | type=TRENDING conf=0.34 | H=0.717(TRENDING) S=0.731 AC=-0.012(NONE) VR=0.939(NONE) | pass_rate=100.0%
2026-03-12 20:09:23 | qs.graveyard | WARNING | BLOCKED by tombstone | similarity=0.82 | pattern_losses=1 | total_lost=$-11.24
2026-03-12 20:09:23 | qs.scalper   | INFO  | GRAVEYARD blocked SOL/USDT SHORT (sim=0.82)
2026-03-12 20:09:23 | qs.exploit_gate | INFO  | Gate OPEN | type=TRENDING conf=0.31 | H=0.723(TRENDING) S=0.809 AC=-0.102(MEAN_REVERTING) VR=0.897(NONE) | pass_rate=100.0%
2026-03-12 20:09:23 | qs.math_engine | INFO  | O-U SIGNAL: LONG | θ=0.2280 μ=70231.75 half_life=3.0 z=-2.33 vpin=0.494
2026-03-12 20:09:23 | qs.graveyard | WARNING | BLOCKED by tombstone | similarity=0.92 | pattern_losses=1 | total_lost=$-1.35
2026-03-12 20:09:23 | qs.scalper   | INFO  | GRAVEYARD blocked BTC/USDT LONG (sim=0.92)
2026-03-12 20:09:23 | qs.exploit_gate | INFO  | Gate OPEN | type=TRENDING conf=0.32 | H=0.746(TRENDING) S=0.774 AC=-0.048(NONE) VR=0.953(NONE) | pass_rate=100.0%
2026-03-12 20:09:23 | qs.math_engine | INFO  | O-U SIGNAL: LONG | θ=0.1707 μ=2068.52 half_life=4.1 z=-2.18 vpin=0.428
2026-03-12 20:09:23 | qs.graveyard | WARNING | BLOCKED by tombstone | similarity=0.80 | pattern_losses=1 | total_lost=$-11.24
2026-03-12 20:09:23 | qs.scalper   | INFO  | GRAVEYARD blocked ETH/USDT LONG (sim=0.80)
2026-03-12 20:09:53 | qs.volatility | INFO  | Top 3 volatile: SOL/USDT(0.232%), BTC/USDT(0.164%), ETH/USDT(0.191%)
2026-03-12 20:09:56 | qs.exploit_gate | INFO  | Gate OPEN | type=TRENDING conf=0.34 | H=0.717(TRENDING) S=0.731 AC=-0.028(NONE) VR=0.922(NONE) | pass_rate=100.0%
2026-03-12 20:09:56 | qs.math_engine | INFO  | O-U SIGNAL: LONG | θ=0.1391 μ=86.48 half_life=5.0 z=-1.97 vpin=0.305
2026-03-12 20:09:57 | qs.signal    | INFO  | REJECT SOL/USDT LONG grade=D score=0.6 quality=0.554 | {"breakdown": {"technical": 0.549, "ml_confidence": 0.5, "order_flow": 0.509, "volatility": 0.7}}
2026-03-12 20:09:57 | qs.exploit_gate | INFO  | Gate OPEN | type=TRENDING conf=0.31 | H=0.722(TRENDING) S=0.811 AC=-0.115(MEAN_REVERTING) VR=0.880(NONE) | pass_rate=100.0%
2026-03-12 20:09:57 | qs.math_engine | INFO  | O-U SIGNAL: LONG | θ=0.2885 μ=70245.84 half_life=2.4 z=-2.30 vpin=0.494
2026-03-12 20:09:57 | qs.graveyard | WARNING | BLOCKED by tombstone | similarity=0.88 | pattern_losses=1 | total_lost=$-1.35
2026-03-12 20:09:57 | qs.scalper   | INFO  | GRAVEYARD blocked BTC/USDT LONG (sim=0.88)
2026-03-12 20:09:57 | qs.exploit_gate | INFO  | Gate OPEN | type=TRENDING conf=0.32 | H=0.746(TRENDING) S=0.775 AC=-0.062(MEAN_REVERTING) VR=0.932(NONE) | pass_rate=100.0%
2026-03-12 20:09:57 | qs.math_engine | INFO  | O-U SIGNAL: LONG | θ=0.2385 μ=2069.32 half_life=2.9 z=-2.21 vpin=0.456
2026-03-12 20:09:57 | qs.graveyard | WARNING | BLOCKED by tombstone | similarity=0.86 | pattern_losses=1 | total_lost=$-1.38
2026-03-12 20:09:57 | qs.scalper   | INFO  | GRAVEYARD blocked ETH/USDT LONG (sim=0.85)
2026-03-12 20:10:27 | qs.volatility | INFO  | Top 3 volatile: SOL/USDT(0.232%), BTC/USDT(0.164%), ETH/USDT(0.191%)
2026-03-12 20:10:30 | qs.exploit_gate | INFO  | Gate OPEN | type=TRENDING conf=0.34 | H=0.714(TRENDING) S=0.732 AC=-0.011(NONE) VR=0.981(NONE) | pass_rate=100.0%
2026-03-12 20:10:30 | qs.graveyard | WARNING | BLOCKED by tombstone | similarity=0.84 | pattern_losses=1 | total_lost=$-11.24
2026-03-12 20:10:30 | qs.scalper   | INFO  | GRAVEYARD blocked SOL/USDT SHORT (sim=0.84)
2026-03-12 20:10:30 | qs.exploit_gate | INFO  | Gate OPEN | type=TRENDING conf=0.31 | H=0.728(TRENDING) S=0.804 AC=-0.102(MEAN_REVERTING) VR=0.963(NONE) | pass_rate=100.0%
2026-03-12 20:10:30 | qs.math_engine | INFO  | O-U SIGNAL: LONG | θ=0.2569 μ=70245.79 half_life=2.7 z=-2.00 vpin=0.372
2026-03-12 20:10:30 | qs.graveyard | WARNING | BLOCKED by tombstone | similarity=0.88 | pattern_losses=1 | total_lost=$-11.24
2026-03-12 20:10:30 | qs.scalper   | INFO  | GRAVEYARD blocked BTC/USDT LONG (sim=0.88)
2026-03-12 20:10:30 | qs.exploit_gate | INFO  | Gate OPEN | type=TRENDING conf=0.32 | H=0.757(TRENDING) S=0.773 AC=-0.048(NONE) VR=0.994(NONE) | pass_rate=100.0%
2026-03-12 20:10:30 | qs.graveyard | WARNING | BLOCKED by tombstone | similarity=0.81 | pattern_losses=1 | total_lost=$-1.35
2026-03-12 20:10:30 | qs.scalper   | INFO  | GRAVEYARD blocked ETH/USDT SHORT (sim=0.81)
2026-03-12 20:11:00 | qs.volatility | INFO  | Top 3 volatile: SOL/USDT(0.232%), BTC/USDT(0.164%), ETH/USDT(0.191%)
2026-03-12 20:11:04 | qs.exploit_gate | INFO  | Gate OPEN | type=TRENDING conf=0.34 | H=0.727(TRENDING) S=0.732 AC=-0.001(NONE) VR=0.996(NONE) | pass_rate=100.0%
2026-03-12 20:11:04 | qs.graveyard | WARNING | BLOCKED by tombstone | similarity=0.91 | pattern_losses=1 | total_lost=$-11.24
2026-03-12 20:11:04 | qs.scalper   | INFO  | GRAVEYARD blocked SOL/USDT SHORT (sim=0.91)
2026-03-12 20:11:04 | qs.exploit_gate | INFO  | Gate OPEN | type=TRENDING conf=0.31 | H=0.728(TRENDING) S=0.805 AC=-0.101(MEAN_REVERTING) VR=0.955(NONE) | pass_rate=100.0%
2026-03-12 20:11:04 | qs.math_engine | INFO  | O-U SIGNAL: LONG | θ=0.2762 μ=70249.89 half_life=2.5 z=-1.92 vpin=0.389
2026-03-12 20:11:04 | qs.graveyard | WARNING | BLOCKED by tombstone | similarity=0.95 | pattern_losses=1 | total_lost=$-1.35
2026-03-12 20:11:04 | qs.scalper   | INFO  | GRAVEYARD blocked BTC/USDT LONG (sim=0.95)
2026-03-12 20:11:04 | qs.exploit_gate | INFO  | Gate OPEN | type=TRENDING conf=0.33 | H=0.757(TRENDING) S=0.768 AC=-0.049(NONE) VR=1.001(NONE) | pass_rate=100.0%
2026-03-12 20:11:04 | qs.graveyard | WARNING | BLOCKED by tombstone | similarity=0.84 | pattern_losses=1 | total_lost=$-1.38
2026-03-12 20:11:04 | qs.scalper   | INFO  | GRAVEYARD blocked ETH/USDT SHORT (sim=0.84)
2026-03-12 20:11:34 | qs.volatility | INFO  | Top 3 volatile: SOL/USDT(0.232%), BTC/USDT(0.164%), ETH/USDT(0.191%)
2026-03-12 20:11:36 | qs.exploit_gate | INFO  | Gate OPEN | type=TRENDING conf=0.34 | H=0.727(TRENDING) S=0.732 AC=-0.009(NONE) VR=1.002(NONE) | pass_rate=100.0%
2026-03-12 20:11:36 | qs.graveyard | WARNING | BLOCKED by tombstone | similarity=0.89 | pattern_losses=1 | total_lost=$-11.24
2026-03-12 20:11:36 | qs.scalper   | INFO  | GRAVEYARD blocked SOL/USDT SHORT (sim=0.89)
2026-03-12 20:11:36 | qs.exploit_gate | INFO  | Gate OPEN | type=TRENDING conf=0.31 | H=0.734(TRENDING) S=0.803 AC=-0.091(MEAN_REVERTING) VR=0.966(NONE) | pass_rate=100.0%
2026-03-12 20:11:36 | qs.graveyard | WARNING | BLOCKED by tombstone | similarity=0.87 | pattern_losses=1 | total_lost=$-11.24
2026-03-12 20:11:36 | qs.scalper   | INFO  | GRAVEYARD blocked BTC/USDT SHORT (sim=0.87)
2026-03-12 20:11:36 | qs.exploit_gate | INFO  | Gate OPEN | type=TRENDING conf=0.32 | H=0.774(TRENDING) S=0.772 AC=-0.041(NONE) VR=1.002(NONE) | pass_rate=100.0%
2026-03-12 20:11:36 | qs.graveyard | WARNING | BLOCKED by tombstone | similarity=0.92 | pattern_losses=1 | total_lost=$-11.24
2026-03-12 20:11:36 | qs.scalper   | INFO  | GRAVEYARD blocked ETH/USDT SHORT (sim=0.92)
2026-03-12 20:12:07 | qs.volatility | INFO  | Top 3 volatile: SOL/USDT(0.223%), BTC/USDT(0.161%), ETH/USDT(0.178%)
2026-03-12 20:12:09 | qs.exploit_gate | INFO  | Gate OPEN | type=TRENDING conf=0.34 | H=0.743(TRENDING) S=0.724 AC=-0.009(NONE) VR=1.029(NONE) | pass_rate=100.0%
2026-03-12 20:12:09 | qs.graveyard | WARNING | BLOCKED by tombstone | similarity=0.90 | pattern_losses=1 | total_lost=$-11.24
2026-03-12 20:12:09 | qs.scalper   | INFO  | GRAVEYARD blocked SOL/USDT SHORT (sim=0.90)
2026-03-12 20:12:09 | qs.exploit_gate | INFO  | Gate OPEN | type=TRENDING conf=0.32 | H=0.728(TRENDING) S=0.793 AC=-0.082(MEAN_REVERTING) VR=0.977(NONE) | pass_rate=100.0%
2026-03-12 20:12:09 | qs.graveyard | WARNING | BLOCKED by tombstone | similarity=0.86 | pattern_losses=1 | total_lost=$-1.35
2026-03-12 20:12:09 | qs.scalper   | INFO  | GRAVEYARD blocked BTC/USDT SHORT (sim=0.86)
2026-03-12 20:12:09 | qs.exploit_gate | INFO  | Gate OPEN | type=TRENDING conf=0.33 | H=0.769(TRENDING) S=0.764 AC=-0.043(NONE) VR=1.005(NONE) | pass_rate=100.0%
2026-03-12 20:12:09 | qs.graveyard | WARNING | BLOCKED by tombstone | similarity=0.84 | pattern_losses=1 | total_lost=$-1.35
2026-03-12 20:12:09 | qs.scalper   | INFO  | GRAVEYARD blocked ETH/USDT SHORT (sim=0.84)
2026-03-12 20:12:39 | qs.volatility | INFO  | Top 3 volatile: SOL/USDT(0.223%), BTC/USDT(0.161%), ETH/USDT(0.178%)
2026-03-12 20:12:41 | qs.exploit_gate | INFO  | Gate OPEN | type=TRENDING conf=0.34 | H=0.743(TRENDING) S=0.724 AC=-0.012(NONE) VR=1.025(NONE) | pass_rate=100.0%
2026-03-12 20:12:41 | qs.graveyard | WARNING | BLOCKED by tombstone | similarity=0.89 | pattern_losses=1 | total_lost=$-11.24
2026-03-12 20:12:41 | qs.scalper   | INFO  | GRAVEYARD blocked SOL/USDT SHORT (sim=0.89)
2026-03-12 20:12:41 | qs.exploit_gate | INFO  | Gate OPEN | type=TRENDING conf=0.32 | H=0.729(TRENDING) S=0.794 AC=-0.083(MEAN_REVERTING) VR=0.974(NONE) | pass_rate=100.0%
2026-03-12 20:12:41 | qs.graveyard | WARNING | BLOCKED by tombstone | similarity=0.91 | pattern_losses=1 | total_lost=$-1.35
2026-03-12 20:12:41 | qs.scalper   | INFO  | GRAVEYARD blocked BTC/USDT SHORT (sim=0.91)
2026-03-12 20:12:41 | qs.exploit_gate | INFO  | Gate OPEN | type=TRENDING conf=0.33 | H=0.769(TRENDING) S=0.764 AC=-0.044(NONE) VR=1.005(NONE) | pass_rate=100.0%
2026-03-12 20:12:41 | qs.graveyard | WARNING | BLOCKED by tombstone | similarity=0.87 | pattern_losses=1 | total_lost=$-1.35
2026-03-12 20:12:41 | qs.scalper   | INFO  | GRAVEYARD blocked ETH/USDT SHORT (sim=0.87)
2026-03-12 20:13:11 | qs.volatility | INFO  | Top 3 volatile: SOL/USDT(0.223%), BTC/USDT(0.161%), ETH/USDT(0.178%)
2026-03-12 20:13:13 | qs.exploit_gate | INFO  | Gate OPEN | type=TRENDING conf=0.34 | H=0.749(TRENDING) S=0.724 AC=-0.012(NONE) VR=1.027(NONE) | pass_rate=100.0%
2026-03-12 20:13:13 | qs.graveyard | WARNING | BLOCKED by tombstone | similarity=0.91 | pattern_losses=1 | total_lost=$-11.24
2026-03-12 20:13:13 | qs.scalper   | INFO  | GRAVEYARD blocked SOL/USDT SHORT (sim=0.91)
2026-03-12 20:13:13 | qs.exploit_gate | INFO  | Gate OPEN | type=TRENDING conf=0.32 | H=0.749(TRENDING) S=0.793 AC=-0.088(MEAN_REVERTING) VR=0.980(NONE) | pass_rate=100.0%
2026-03-12 20:13:13 | qs.graveyard | WARNING | BLOCKED by tombstone | similarity=0.93 | pattern_losses=1 | total_lost=$-11.24
2026-03-12 20:13:13 | qs.scalper   | INFO  | GRAVEYARD blocked BTC/USDT SHORT (sim=0.93)
2026-03-12 20:13:13 | qs.exploit_gate | INFO  | Gate OPEN | type=TRENDING conf=0.33 | H=0.771(TRENDING) S=0.765 AC=-0.044(NONE) VR=1.001(NONE) | pass_rate=100.0%
2026-03-12 20:13:13 | qs.graveyard | WARNING | BLOCKED by tombstone | similarity=0.86 | pattern_losses=1 | total_lost=$-1.35
2026-03-12 20:13:13 | qs.scalper   | INFO  | GRAVEYARD blocked ETH/USDT SHORT (sim=0.86)
2026-03-12 20:13:47 | qs.volatility | INFO  | Top 3 volatile: SOL/USDT(0.223%), BTC/USDT(0.161%), ETH/USDT(0.178%)
2026-03-12 20:13:49 | qs.exploit_gate | INFO  | Gate OPEN | type=TRENDING conf=0.34 | H=0.749(TRENDING) S=0.727 AC=-0.012(NONE) VR=1.023(NONE) | pass_rate=100.0%
2026-03-12 20:13:49 | qs.graveyard | WARNING | BLOCKED by tombstone | similarity=0.87 | pattern_losses=1 | total_lost=$-11.24
2026-03-12 20:13:49 | qs.scalper   | INFO  | GRAVEYARD blocked SOL/USDT SHORT (sim=0.87)
2026-03-12 20:13:49 | qs.exploit_gate | INFO  | Gate OPEN | type=TRENDING conf=0.32 | H=0.749(TRENDING) S=0.794 AC=-0.087(MEAN_REVERTING) VR=0.977(NONE) | pass_rate=100.0%
2026-03-12 20:13:49 | qs.exploit_gate | INFO  | Gate OPEN | type=TRENDING conf=0.33 | H=0.771(TRENDING) S=0.765 AC=-0.044(NONE) VR=0.998(NONE) | pass_rate=100.0%
2026-03-12 20:14:19 | qs.volatility | INFO  | Top 3 volatile: SOL/USDT(0.223%), BTC/USDT(0.161%), ETH/USDT(0.178%)
2026-03-12 20:14:22 | qs.exploit_gate | INFO  | Gate OPEN | type=TRENDING conf=0.34 | H=0.744(TRENDING) S=0.724 AC=0.000(NONE) VR=1.030(NONE) | pass_rate=100.0%
2026-03-12 20:14:22 | qs.graveyard | WARNING | BLOCKED by tombstone | similarity=0.92 | pattern_losses=1 | total_lost=$-11.24
2026-03-12 20:14:22 | qs.scalper   | INFO  | GRAVEYARD blocked SOL/USDT SHORT (sim=0.92)
2026-03-12 20:14:22 | qs.exploit_gate | INFO  | Gate OPEN | type=TRENDING conf=0.32 | H=0.761(TRENDING) S=0.790 AC=-0.081(MEAN_REVERTING) VR=0.972(NONE) | pass_rate=100.0%
2026-03-12 20:14:22 | qs.graveyard | WARNING | BLOCKED by tombstone | similarity=0.91 | pattern_losses=1 | total_lost=$-11.24
2026-03-12 20:14:22 | qs.scalper   | INFO  | GRAVEYARD blocked BTC/USDT SHORT (sim=0.92)
2026-03-12 20:14:22 | qs.exploit_gate | INFO  | Gate OPEN | type=TRENDING conf=0.33 | H=0.784(TRENDING) S=0.764 AC=-0.039(NONE) VR=0.994(NONE) | pass_rate=100.0%
2026-03-12 20:14:53 | qs.volatility | INFO  | Top 3 volatile: SOL/USDT(0.222%), ETH/USDT(0.181%), BTC/USDT(0.150%)
2026-03-12 20:14:56 | qs.exploit_gate | INFO  | Gate OPEN | type=TRENDING conf=0.34 | H=0.744(TRENDING) S=0.724 AC=0.002(NONE) VR=1.030(NONE) | pass_rate=100.0%
2026-03-12 20:14:56 | qs.graveyard | WARNING | BLOCKED by tombstone | similarity=0.91 | pattern_losses=1 | total_lost=$-11.24
2026-03-12 20:14:56 | qs.scalper   | INFO  | GRAVEYARD blocked SOL/USDT SHORT (sim=0.91)
2026-03-12 20:14:56 | qs.exploit_gate | INFO  | Gate OPEN | type=TRENDING conf=0.33 | H=0.784(TRENDING) S=0.765 AC=-0.035(NONE) VR=0.996(NONE) | pass_rate=100.0%
2026-03-12 20:14:56 | qs.exploit_gate | INFO  | Gate OPEN | type=TRENDING conf=0.32 | H=0.761(TRENDING) S=0.793 AC=-0.077(MEAN_REVERTING) VR=0.971(NONE) | pass_rate=100.0%
2026-03-12 20:15:26 | qs.volatility | INFO  | Top 3 volatile: SOL/USDT(0.222%), ETH/USDT(0.181%), BTC/USDT(0.150%)
2026-03-12 20:15:30 | qs.exploit_gate | INFO  | Gate OPEN | type=TRENDING conf=0.35 | H=0.749(TRENDING) S=0.719 AC=-0.013(NONE) VR=1.011(NONE) | pass_rate=100.0%
2026-03-12 20:15:30 | qs.graveyard | WARNING | BLOCKED by tombstone | similarity=0.91 | pattern_losses=1 | total_lost=$-11.24
2026-03-12 20:15:30 | qs.scalper   | INFO  | GRAVEYARD blocked SOL/USDT SHORT (sim=0.91)
2026-03-12 20:15:30 | qs.exploit_gate | INFO  | Gate OPEN | type=TRENDING conf=0.33 | H=0.786(TRENDING) S=0.765 AC=-0.052(NONE) VR=0.959(NONE) | pass_rate=100.0%
2026-03-12 20:15:30 | qs.exploit_gate | INFO  | Gate OPEN | type=TRENDING conf=0.32 | H=0.760(TRENDING) S=0.787 AC=-0.097(MEAN_REVERTING) VR=0.927(NONE) | pass_rate=100.0%
2026-03-12 20:16:00 | qs.volatility | INFO  | Top 3 volatile: SOL/USDT(0.222%), ETH/USDT(0.181%), BTC/USDT(0.150%)
2026-03-12 20:16:03 | qs.exploit_gate | INFO  | Gate OPEN | type=TRENDING conf=0.35 | H=0.750(TRENDING) S=0.719 AC=-0.010(NONE) VR=1.010(NONE) | pass_rate=100.0%
2026-03-12 20:16:03 | qs.exploit_gate | INFO  | Gate OPEN | type=TRENDING conf=0.33 | H=0.786(TRENDING) S=0.765 AC=-0.051(NONE) VR=0.958(NONE) | pass_rate=100.0%
2026-03-12 20:16:03 | qs.exploit_gate | INFO  | Gate OPEN | type=TRENDING conf=0.32 | H=0.760(TRENDING) S=0.788 AC=-0.096(MEAN_REVERTING) VR=0.928(NONE) | pass_rate=100.0%
2026-03-12 20:16:33 | qs.volatility | INFO  | Top 3 volatile: SOL/USDT(0.222%), ETH/USDT(0.181%), BTC/USDT(0.150%)
2026-03-12 20:16:38 | qs.exploit_gate | INFO  | Gate OPEN | type=TRENDING conf=0.35 | H=0.737(TRENDING) S=0.716 AC=-0.008(NONE) VR=1.009(NONE) | pass_rate=100.0%
2026-03-12 20:16:38 | qs.exploit_gate | INFO  | Gate OPEN | type=TRENDING conf=0.33 | H=0.791(TRENDING) S=0.762 AC=-0.046(NONE) VR=0.968(NONE) | pass_rate=100.0%
2026-03-12 20:16:38 | qs.exploit_gate | INFO  | Gate OPEN | type=TRENDING conf=0.32 | H=0.758(TRENDING) S=0.782 AC=-0.099(MEAN_REVERTING) VR=0.924(NONE) | pass_rate=100.0%
2026-03-12 20:17:08 | qs.volatility | INFO  | Top 3 volatile: SOL/USDT(0.222%), ETH/USDT(0.181%), BTC/USDT(0.150%)
2026-03-12 20:17:10 | qs.exploit_gate | INFO  | Gate OPEN | type=TRENDING conf=0.35 | H=0.747(TRENDING) S=0.716 AC=-0.009(NONE) VR=1.006(NONE) | pass_rate=100.0%
2026-03-12 20:17:10 | qs.exploit_gate | INFO  | Gate OPEN | type=TRENDING conf=0.33 | H=0.793(TRENDING) S=0.762 AC=-0.048(NONE) VR=0.968(NONE) | pass_rate=100.0%
2026-03-12 20:17:10 | qs.exploit_gate | INFO  | Gate OPEN | type=TRENDING conf=0.32 | H=0.762(TRENDING) S=0.782 AC=-0.101(MEAN_REVERTING) VR=0.914(NONE) | pass_rate=100.0%
2026-03-12 20:17:42 | qs.volatility | INFO  | Top 3 volatile: SOL/USDT(0.224%), ETH/USDT(0.188%), BTC/USDT(0.150%)
2026-03-12 20:17:44 | qs.exploit_gate | INFO  | Gate OPEN | type=TRENDING conf=0.35 | H=0.747(TRENDING) S=0.719 AC=-0.003(NONE) VR=1.008(NONE) | pass_rate=100.0%
2026-03-12 20:17:44 | qs.exploit_gate | INFO  | Gate OPEN | type=TRENDING conf=0.33 | H=0.794(TRENDING) S=0.762 AC=-0.044(NONE) VR=0.972(NONE) | pass_rate=100.0%
2026-03-12 20:17:44 | qs.exploit_gate | INFO  | Gate OPEN | type=TRENDING conf=0.32 | H=0.762(TRENDING) S=0.784 AC=-0.096(MEAN_REVERTING) VR=0.916(NONE) | pass_rate=100.0%
2026-03-12 20:18:14 | qs.volatility | INFO  | Top 3 volatile: SOL/USDT(0.224%), ETH/USDT(0.188%), BTC/USDT(0.150%)
2026-03-12 20:18:18 | qs.exploit_gate | INFO  | Gate OPEN | type=TRENDING conf=0.35 | H=0.744(TRENDING) S=0.719 AC=-0.012(NONE) VR=1.011(NONE) | pass_rate=100.0%
2026-03-12 20:18:18 | qs.exploit_gate | INFO  | Gate OPEN | type=TRENDING conf=0.33 | H=0.789(TRENDING) S=0.762 AC=-0.055(NONE) VR=0.964(NONE) | pass_rate=100.0%
2026-03-12 20:18:18 | qs.exploit_gate | INFO  | Gate OPEN | type=TRENDING conf=0.32 | H=0.758(TRENDING) S=0.782 AC=-0.109(MEAN_REVERTING) VR=0.909(NONE) | pass_rate=100.0%
2026-03-12 20:18:53 | qs.volatility | INFO  | Top 3 volatile: SOL/USDT(0.224%), ETH/USDT(0.188%), BTC/USDT(0.150%)
2026-03-12 20:18:55 | qs.exploit_gate | INFO  | Gate OPEN | type=TRENDING conf=0.35 | H=0.744(TRENDING) S=0.719 AC=-0.013(NONE) VR=1.008(NONE) | pass_rate=100.0%
2026-03-12 20:18:55 | qs.exploit_gate | INFO  | Gate OPEN | type=TRENDING conf=0.33 | H=0.789(TRENDING) S=0.762 AC=-0.055(NONE) VR=0.964(NONE) | pass_rate=100.0%
2026-03-12 20:18:55 | qs.exploit_gate | INFO  | Gate OPEN | type=TRENDING conf=0.32 | H=0.758(TRENDING) S=0.782 AC=-0.108(MEAN_REVERTING) VR=0.911(NONE) | pass_rate=100.0%
2026-03-12 20:19:25 | qs.volatility | INFO  | Top 3 volatile: SOL/USDT(0.224%), ETH/USDT(0.188%), BTC/USDT(0.150%)
2026-03-12 20:19:27 | qs.exploit_gate | INFO  | Gate OPEN | type=TRENDING conf=0.35 | H=0.746(TRENDING) S=0.719 AC=-0.020(NONE) VR=1.012(NONE) | pass_rate=100.0%
2026-03-12 20:19:27 | qs.exploit_gate | INFO  | Gate OPEN | type=TRENDING conf=0.33 | H=0.772(TRENDING) S=0.753 AC=-0.061(MEAN_REVERTING) VR=0.978(NONE) | pass_rate=100.0%
2026-03-12 20:19:27 | qs.exploit_gate | INFO  | Gate OPEN | type=TRENDING conf=0.33 | H=0.754(TRENDING) S=0.771 AC=-0.117(MEAN_REVERTING) VR=0.931(NONE) | pass_rate=100.0%
2026-03-12 20:19:57 | qs.volatility | INFO  | Top 3 volatile: SOL/USDT(0.224%), ETH/USDT(0.188%), BTC/USDT(0.150%)
2026-03-12 20:20:01 | qs.exploit_gate | INFO  | Gate OPEN | type=TRENDING conf=0.35 | H=0.746(TRENDING) S=0.719 AC=-0.019(NONE) VR=1.012(NONE) | pass_rate=100.0%
2026-03-12 20:20:01 | qs.exploit_gate | INFO  | Gate OPEN | type=TRENDING conf=0.33 | H=0.772(TRENDING) S=0.753 AC=-0.061(MEAN_REVERTING) VR=0.978(NONE) | pass_rate=100.0%
2026-03-12 20:20:01 | qs.exploit_gate | INFO  | Gate OPEN | type=TRENDING conf=0.33 | H=0.753(TRENDING) S=0.771 AC=-0.118(MEAN_REVERTING) VR=0.931(NONE) | pass_rate=100.0%
2026-03-12 20:20:33 | qs.volatility | INFO  | Top 3 volatile: SOL/USDT(0.199%), ETH/USDT(0.168%), BTC/USDT(0.138%)
2026-03-12 20:20:36 | qs.exploit_gate | INFO  | Gate OPEN | type=TRENDING conf=0.35 | H=0.760(TRENDING) S=0.719 AC=-0.022(NONE) VR=1.015(NONE) | pass_rate=100.0%
2026-03-12 20:20:36 | qs.exploit_gate | INFO  | Gate OPEN | type=TRENDING conf=0.33 | H=0.777(TRENDING) S=0.754 AC=-0.063(MEAN_REVERTING) VR=0.980(NONE) | pass_rate=100.0%
2026-03-12 20:20:36 | qs.graveyard | WARNING | BLOCKED by tombstone | similarity=0.99 | pattern_losses=1 | total_lost=$-11.24
2026-03-12 20:20:36 | qs.scalper   | INFO  | GRAVEYARD blocked ETH/USDT LONG (sim=0.99)
2026-03-12 20:20:36 | qs.exploit_gate | INFO  | Gate OPEN | type=TRENDING conf=0.32 | H=0.765(TRENDING) S=0.774 AC=-0.117(MEAN_REVERTING) VR=0.937(NONE) | pass_rate=100.0%
2026-03-12 20:20:36 | qs.graveyard | WARNING | BLOCKED by tombstone | similarity=0.96 | pattern_losses=1 | total_lost=$-11.24
2026-03-12 20:20:36 | qs.scalper   | INFO  | GRAVEYARD blocked BTC/USDT LONG (sim=0.96)
2026-03-12 20:21:06 | qs.volatility | INFO  | Top 3 volatile: SOL/USDT(0.199%), ETH/USDT(0.168%), BTC/USDT(0.138%)
2026-03-12 20:21:09 | qs.exploit_gate | INFO  | Gate OPEN | type=TRENDING conf=0.34 | H=0.772(TRENDING) S=0.724 AC=-0.011(NONE) VR=1.009(NONE) | pass_rate=100.0%
2026-03-12 20:21:09 | qs.graveyard | WARNING | BLOCKED by tombstone | similarity=0.97 | pattern_losses=1 | total_lost=$-11.24
2026-03-12 20:21:09 | qs.scalper   | INFO  | GRAVEYARD blocked SOL/USDT LONG (sim=0.97)
2026-03-12 20:21:09 | qs.exploit_gate | INFO  | Gate OPEN | type=TRENDING conf=0.33 | H=0.791(TRENDING) S=0.758 AC=-0.055(NONE) VR=0.956(NONE) | pass_rate=100.0%
2026-03-12 20:21:09 | qs.graveyard | WARNING | BLOCKED by tombstone | similarity=0.98 | pattern_losses=1 | total_lost=$-11.24
2026-03-12 20:21:09 | qs.scalper   | INFO  | GRAVEYARD blocked ETH/USDT LONG (sim=0.98)
2026-03-12 20:21:09 | qs.exploit_gate | INFO  | Gate OPEN | type=TRENDING conf=0.32 | H=0.778(TRENDING) S=0.776 AC=-0.113(MEAN_REVERTING) VR=0.923(NONE) | pass_rate=100.0%
2026-03-12 20:21:09 | qs.graveyard | WARNING | BLOCKED by tombstone | similarity=0.88 | pattern_losses=1 | total_lost=$-11.24
2026-03-12 20:21:09 | qs.scalper   | INFO  | GRAVEYARD blocked BTC/USDT LONG (sim=0.88)
2026-03-12 20:21:39 | qs.volatility | INFO  | Top 3 volatile: SOL/USDT(0.199%), ETH/USDT(0.168%), BTC/USDT(0.138%)
2026-03-12 20:21:43 | qs.exploit_gate | INFO  | Gate OPEN | type=TRENDING conf=0.34 | H=0.772(TRENDING) S=0.741 AC=-0.000(NONE) VR=0.963(NONE) | pass_rate=100.0%
2026-03-12 20:21:43 | qs.graveyard | WARNING | BLOCKED by tombstone | similarity=0.81 | pattern_losses=1 | total_lost=$-1.38
2026-03-12 20:21:43 | qs.scalper   | INFO  | GRAVEYARD blocked SOL/USDT LONG (sim=0.81)
2026-03-12 20:21:43 | qs.exploit_gate | INFO  | Gate OPEN | type=TRENDING conf=0.33 | H=0.791(TRENDING) S=0.761 AC=-0.050(NONE) VR=0.953(NONE) | pass_rate=100.0%
2026-03-12 20:21:43 | qs.graveyard | WARNING | BLOCKED by tombstone | similarity=0.85 | pattern_losses=1 | total_lost=$-1.38
2026-03-12 20:21:43 | qs.scalper   | INFO  | GRAVEYARD blocked ETH/USDT LONG (sim=0.84)
2026-03-12 20:21:43 | qs.exploit_gate | INFO  | Gate OPEN | type=TRENDING conf=0.32 | H=0.778(TRENDING) S=0.784 AC=-0.093(MEAN_REVERTING) VR=0.919(NONE) | pass_rate=100.0%
2026-03-12 20:21:43 | qs.graveyard | WARNING | BLOCKED by tombstone | similarity=0.88 | pattern_losses=1 | total_lost=$-1.38
2026-03-12 20:21:43 | qs.scalper   | INFO  | GRAVEYARD blocked BTC/USDT LONG (sim=0.88)
2026-03-12 20:22:13 | qs.volatility | INFO  | Top 3 volatile: SOL/USDT(0.199%), ETH/USDT(0.168%), BTC/USDT(0.138%)
2026-03-12 20:22:15 | qs.exploit_gate | INFO  | Gate OPEN | type=TRENDING conf=0.34 | H=0.769(TRENDING) S=0.741 AC=-0.001(NONE) VR=0.972(NONE) | pass_rate=100.0%
2026-03-12 20:22:15 | qs.graveyard | WARNING | BLOCKED by tombstone | similarity=0.97 | pattern_losses=1 | total_lost=$-11.24
2026-03-12 20:22:15 | qs.scalper   | INFO  | GRAVEYARD blocked SOL/USDT LONG (sim=0.97)
2026-03-12 20:22:15 | qs.exploit_gate | INFO  | Gate OPEN | type=TRENDING conf=0.33 | H=0.781(TRENDING) S=0.761 AC=-0.048(NONE) VR=0.938(NONE) | pass_rate=100.0%
2026-03-12 20:22:15 | qs.graveyard | WARNING | BLOCKED by tombstone | similarity=0.94 | pattern_losses=1 | total_lost=$-11.24
2026-03-12 20:22:15 | qs.scalper   | INFO  | GRAVEYARD blocked ETH/USDT LONG (sim=0.94)
2026-03-12 20:22:15 | qs.exploit_gate | INFO  | Gate OPEN | type=TRENDING conf=0.32 | H=0.765(TRENDING) S=0.784 AC=-0.101(MEAN_REVERTING) VR=0.916(NONE) | pass_rate=100.0%
2026-03-12 20:22:15 | qs.graveyard | WARNING | BLOCKED by tombstone | similarity=0.97 | pattern_losses=1 | total_lost=$-11.24
2026-03-12 20:22:15 | qs.scalper   | INFO  | GRAVEYARD blocked BTC/USDT LONG (sim=0.96)
2026-03-12 20:22:45 | qs.volatility | INFO  | Top 3 volatile: SOL/USDT(0.199%), ETH/USDT(0.168%), BTC/USDT(0.138%)
2026-03-12 20:22:48 | qs.exploit_gate | INFO  | Gate OPEN | type=TRENDING conf=0.34 | H=0.769(TRENDING) S=0.741 AC=0.008(NONE) VR=0.975(NONE) | pass_rate=100.0%
2026-03-12 20:22:48 | qs.graveyard | WARNING | BLOCKED by tombstone | similarity=0.88 | pattern_losses=1 | total_lost=$-11.24
2026-03-12 20:22:48 | qs.scalper   | INFO  | GRAVEYARD blocked SOL/USDT LONG (sim=0.88)
2026-03-12 20:22:48 | qs.exploit_gate | INFO  | Gate OPEN | type=TRENDING conf=0.33 | H=0.780(TRENDING) S=0.761 AC=-0.050(NONE) VR=0.937(NONE) | pass_rate=100.0%
2026-03-12 20:22:48 | qs.graveyard | WARNING | BLOCKED by tombstone | similarity=0.88 | pattern_losses=1 | total_lost=$-1.35
2026-03-12 20:22:48 | qs.scalper   | INFO  | GRAVEYARD blocked ETH/USDT LONG (sim=0.88)
2026-03-12 20:22:48 | qs.exploit_gate | INFO  | Gate OPEN | type=TRENDING conf=0.32 | H=0.765(TRENDING) S=0.784 AC=-0.105(MEAN_REVERTING) VR=0.911(NONE) | pass_rate=100.0%
2026-03-12 20:22:48 | qs.graveyard | WARNING | BLOCKED by tombstone | similarity=1.00 | pattern_losses=1 | total_lost=$-1.35
2026-03-12 20:22:48 | qs.scalper   | INFO  | GRAVEYARD blocked BTC/USDT LONG (sim=0.99)
2026-03-12 20:23:19 | qs.volatility | INFO  | Top 3 volatile: SOL/USDT(0.220%), ETH/USDT(0.175%), BTC/USDT(0.148%)
2026-03-12 20:23:21 | qs.exploit_gate | INFO  | Gate OPEN | type=TRENDING conf=0.34 | H=0.762(TRENDING) S=0.747 AC=0.014(NONE) VR=0.992(NONE) | pass_rate=100.0%
2026-03-12 20:23:21 | qs.graveyard | WARNING | BLOCKED by tombstone | similarity=0.97 | pattern_losses=1 | total_lost=$-11.24
2026-03-12 20:23:21 | qs.scalper   | INFO  | GRAVEYARD blocked SOL/USDT LONG (sim=0.97)
2026-03-12 20:23:21 | qs.exploit_gate | INFO  | Gate OPEN | type=TRENDING conf=0.33 | H=0.772(TRENDING) S=0.752 AC=-0.043(NONE) VR=0.960(NONE) | pass_rate=100.0%
2026-03-12 20:23:21 | qs.graveyard | WARNING | BLOCKED by tombstone | similarity=0.90 | pattern_losses=1 | total_lost=$-1.35
2026-03-12 20:23:21 | qs.scalper   | INFO  | GRAVEYARD blocked ETH/USDT LONG (sim=0.90)
2026-03-12 20:23:21 | qs.exploit_gate | INFO  | Gate OPEN | type=TRENDING conf=0.32 | H=0.769(TRENDING) S=0.779 AC=-0.091(MEAN_REVERTING) VR=0.933(NONE) | pass_rate=100.0%
2026-03-12 20:23:21 | qs.graveyard | WARNING | BLOCKED by tombstone | similarity=0.92 | pattern_losses=1 | total_lost=$-1.35
2026-03-12 20:23:21 | qs.scalper   | INFO  | GRAVEYARD blocked BTC/USDT LONG (sim=0.92)
2026-03-12 20:23:51 | qs.volatility | INFO  | Top 3 volatile: SOL/USDT(0.220%), ETH/USDT(0.175%), BTC/USDT(0.148%)
2026-03-12 20:23:53 | qs.exploit_gate | INFO  | Gate OPEN | type=TRENDING conf=0.33 | H=0.762(TRENDING) S=0.748 AC=0.012(NONE) VR=0.970(NONE) | pass_rate=100.0%
2026-03-12 20:23:53 | qs.graveyard | WARNING | BLOCKED by tombstone | similarity=0.86 | pattern_losses=1 | total_lost=$-11.24
2026-03-12 20:23:53 | qs.scalper   | INFO  | GRAVEYARD blocked SOL/USDT LONG (sim=0.86)
2026-03-12 20:23:53 | qs.exploit_gate | INFO  | Gate OPEN | type=TRENDING conf=0.33 | H=0.773(TRENDING) S=0.761 AC=-0.041(NONE) VR=0.934(NONE) | pass_rate=100.0%
2026-03-12 20:23:53 | qs.graveyard | WARNING | BLOCKED by tombstone | similarity=0.96 | pattern_losses=1 | total_lost=$-1.35
2026-03-12 20:23:53 | qs.scalper   | INFO  | GRAVEYARD blocked ETH/USDT LONG (sim=0.95)
2026-03-12 20:23:53 | qs.exploit_gate | INFO  | Gate OPEN | type=TRENDING conf=0.32 | H=0.769(TRENDING) S=0.779 AC=-0.089(MEAN_REVERTING) VR=0.929(NONE) | pass_rate=100.0%
2026-03-12 20:23:53 | qs.graveyard | WARNING | BLOCKED by tombstone | similarity=0.92 | pattern_losses=1 | total_lost=$-1.35
2026-03-12 20:23:53 | qs.scalper   | INFO  | GRAVEYARD blocked BTC/USDT LONG (sim=0.92)
2026-03-12 20:24:28 | qs.volatility | INFO  | Top 3 volatile: SOL/USDT(0.220%), ETH/USDT(0.175%), BTC/USDT(0.148%)
2026-03-12 20:24:31 | qs.exploit_gate | INFO  | Gate OPEN | type=TRENDING conf=0.33 | H=0.781(TRENDING) S=0.748 AC=0.025(NONE) VR=0.972(NONE) | pass_rate=100.0%
2026-03-12 20:24:31 | qs.graveyard | WARNING | BLOCKED by tombstone | similarity=0.97 | pattern_losses=1 | total_lost=$-11.24
2026-03-12 20:24:31 | qs.scalper   | INFO  | GRAVEYARD blocked SOL/USDT LONG (sim=0.97)
2026-03-12 20:24:31 | qs.exploit_gate | INFO  | Gate OPEN | type=TRENDING conf=0.33 | H=0.781(TRENDING) S=0.761 AC=-0.023(NONE) VR=0.929(NONE) | pass_rate=100.0%
2026-03-12 20:24:31 | qs.exploit_gate | INFO  | Gate OPEN | type=TRENDING conf=0.32 | H=0.784(TRENDING) S=0.787 AC=-0.067(MEAN_REVERTING) VR=0.913(NONE) | pass_rate=100.0%
2026-03-12 20:24:31 | qs.graveyard | WARNING | BLOCKED by tombstone | similarity=0.99 | pattern_losses=1 | total_lost=$-11.24
2026-03-12 20:24:31 | qs.scalper   | INFO  | GRAVEYARD blocked BTC/USDT LONG (sim=0.99)
2026-03-12 20:25:01 | qs.volatility | INFO  | Top 3 volatile: SOL/USDT(0.220%), ETH/USDT(0.175%), BTC/USDT(0.148%)
2026-03-12 20:25:04 | qs.exploit_gate | INFO  | Gate OPEN | type=TRENDING conf=0.34 | H=0.775(TRENDING) S=0.747 AC=0.042(NONE) VR=0.967(NONE) | pass_rate=100.0%
2026-03-12 20:25:04 | qs.graveyard | WARNING | BLOCKED by tombstone | similarity=0.98 | pattern_losses=1 | total_lost=$-11.24
2026-03-12 20:25:04 | qs.scalper   | INFO  | GRAVEYARD blocked SOL/USDT LONG (sim=0.98)
2026-03-12 20:25:04 | qs.exploit_gate | INFO  | Gate OPEN | type=TRENDING conf=0.33 | H=0.781(TRENDING) S=0.768 AC=-0.009(NONE) VR=0.918(NONE) | pass_rate=100.0%
2026-03-12 20:25:04 | qs.exploit_gate | INFO  | Gate OPEN | type=TRENDING conf=0.32 | H=0.784(TRENDING) S=0.789 AC=-0.055(NONE) VR=0.904(NONE) | pass_rate=100.0%
2026-03-12 20:25:34 | qs.volatility | INFO  | Top 3 volatile: SOL/USDT(0.220%), ETH/USDT(0.175%), BTC/USDT(0.148%)
2026-03-12 20:25:38 | qs.exploit_gate | INFO  | Gate OPEN | type=TRENDING conf=0.34 | H=0.774(TRENDING) S=0.747 AC=0.044(NONE) VR=0.965(NONE) | pass_rate=100.0%
2026-03-12 20:25:38 | qs.exploit_gate | INFO  | Gate OPEN | type=TRENDING conf=0.33 | H=0.794(TRENDING) S=0.750 AC=0.005(NONE) VR=0.957(NONE) | pass_rate=100.0%
2026-03-12 20:25:38 | qs.exploit_gate | INFO  | Gate OPEN | type=TRENDING conf=0.32 | H=0.793(TRENDING) S=0.776 AC=-0.041(NONE) VR=0.946(NONE) | pass_rate=100.0%
2026-03-12 20:26:09 | qs.volatility | INFO  | Top 3 volatile: SOL/USDT(0.214%), ETH/USDT(0.173%), BTC/USDT(0.142%)
2026-03-12 20:26:11 | qs.exploit_gate | INFO  | Gate OPEN | type=TRENDING conf=0.34 | H=0.774(TRENDING) S=0.747 AC=0.043(NONE) VR=0.970(NONE) | pass_rate=100.0%
2026-03-12 20:26:11 | qs.exploit_gate | INFO  | Gate OPEN | type=TRENDING conf=0.33 | H=0.794(TRENDING) S=0.750 AC=0.002(NONE) VR=0.972(NONE) | pass_rate=100.0%
2026-03-12 20:26:11 | qs.exploit_gate | INFO  | Gate OPEN | type=TRENDING conf=0.32 | H=0.779(TRENDING) S=0.774 AC=-0.048(NONE) VR=0.957(NONE) | pass_rate=100.0%
2026-03-12 20:26:41 | qs.volatility | INFO  | Top 3 volatile: SOL/USDT(0.214%), ETH/USDT(0.173%), BTC/USDT(0.142%)
2026-03-12 20:26:43 | qs.exploit_gate | INFO  | Gate OPEN | type=TRENDING conf=0.33 | H=0.774(TRENDING) S=0.752 AC=0.049(NONE) VR=0.973(NONE) | pass_rate=100.0%
2026-03-12 20:26:43 | qs.exploit_gate | INFO  | Gate OPEN | type=TRENDING conf=0.33 | H=0.794(TRENDING) S=0.758 AC=0.007(NONE) VR=0.974(NONE) | pass_rate=100.0%
2026-03-12 20:26:43 | qs.exploit_gate | INFO  | Gate OPEN | type=TRENDING conf=0.32 | H=0.779(TRENDING) S=0.783 AC=-0.042(NONE) VR=0.958(NONE) | pass_rate=100.0%
2026-03-12 20:27:13 | qs.volatility | INFO  | Top 3 volatile: SOL/USDT(0.214%), ETH/USDT(0.173%), BTC/USDT(0.142%)
2026-03-12 20:27:17 | qs.exploit_gate | INFO  | Gate OPEN | type=TRENDING conf=0.33 | H=0.767(TRENDING) S=0.749 AC=0.033(NONE) VR=1.033(NONE) | pass_rate=100.0%
2026-03-12 20:27:17 | qs.exploit_gate | INFO  | Gate OPEN | type=TRENDING conf=0.33 | H=0.793(TRENDING) S=0.751 AC=-0.016(NONE) VR=1.014(NONE) | pass_rate=100.0%
2026-03-12 20:27:17 | qs.graveyard | WARNING | BLOCKED by tombstone | similarity=0.88 | pattern_losses=1 | total_lost=$-1.35
2026-03-12 20:27:17 | qs.scalper   | INFO  | GRAVEYARD blocked ETH/USDT SHORT (sim=0.88)
2026-03-12 20:27:17 | qs.exploit_gate | INFO  | Gate OPEN | type=TRENDING conf=0.32 | H=0.773(TRENDING) S=0.772 AC=-0.060(NONE) VR=1.006(NONE) | pass_rate=100.0%
2026-03-12 20:27:17 | qs.graveyard | WARNING | BLOCKED by tombstone | similarity=0.87 | pattern_losses=1 | total_lost=$-1.35
2026-03-12 20:27:17 | qs.scalper   | INFO  | GRAVEYARD blocked BTC/USDT SHORT (sim=0.87)
2026-03-12 20:27:47 | qs.volatility | INFO  | Top 3 volatile: SOL/USDT(0.214%), ETH/USDT(0.173%), BTC/USDT(0.142%)
2026-03-12 20:27:48 | qs.exploit_gate | INFO  | Gate OPEN | type=TRENDING conf=0.33 | H=0.767(TRENDING) S=0.749 AC=0.032(NONE) VR=1.031(NONE) | pass_rate=100.0%
2026-03-12 20:27:48 | qs.exploit_gate | INFO  | Gate OPEN | type=TRENDING conf=0.33 | H=0.793(TRENDING) S=0.751 AC=-0.019(NONE) VR=1.007(NONE) | pass_rate=100.0%
2026-03-12 20:27:48 | qs.graveyard | WARNING | BLOCKED by tombstone | similarity=0.94 | pattern_losses=1 | total_lost=$-11.24
2026-03-12 20:27:48 | qs.scalper   | INFO  | GRAVEYARD blocked ETH/USDT SHORT (sim=0.94)
2026-03-12 20:27:48 | qs.exploit_gate | INFO  | Gate OPEN | type=TRENDING conf=0.32 | H=0.773(TRENDING) S=0.774 AC=-0.070(MEAN_REVERTING) VR=0.992(NONE) | pass_rate=100.0%
2026-03-12 20:28:18 | qs.volatility | INFO  | Top 3 volatile: SOL/USDT(0.214%), ETH/USDT(0.173%), BTC/USDT(0.142%)
2026-03-12 20:28:25 | qs.exploit_gate | INFO  | Gate OPEN | type=TRENDING conf=0.33 | H=0.767(TRENDING) S=0.749 AC=0.029(NONE) VR=1.054(NONE) | pass_rate=100.0%
2026-03-12 20:28:25 | qs.exploit_gate | INFO  | Gate OPEN | type=TRENDING conf=0.33 | H=0.771(TRENDING) S=0.751 AC=-0.031(NONE) VR=1.028(NONE) | pass_rate=100.0%
2026-03-12 20:28:25 | qs.graveyard | WARNING | BLOCKED by tombstone | similarity=0.90 | pattern_losses=1 | total_lost=$-1.35
2026-03-12 20:28:25 | qs.scalper   | INFO  | GRAVEYARD blocked ETH/USDT SHORT (sim=0.90)
2026-03-12 20:28:25 | qs.exploit_gate | INFO  | Gate OPEN | type=TRENDING conf=0.33 | H=0.760(TRENDING) S=0.770 AC=-0.075(MEAN_REVERTING) VR=1.031(NONE) | pass_rate=100.0%
2026-03-12 20:28:25 | qs.graveyard | WARNING | BLOCKED by tombstone | similarity=0.87 | pattern_losses=1 | total_lost=$-11.24
2026-03-12 20:28:25 | qs.scalper   | INFO  | GRAVEYARD blocked BTC/USDT SHORT (sim=0.87)
2026-03-12 20:28:56 | qs.volatility | INFO  | Top 3 volatile: SOL/USDT(0.214%), ETH/USDT(0.177%), BTC/USDT(0.148%)
2026-03-12 20:28:58 | qs.exploit_gate | INFO  | Gate OPEN | type=TRENDING conf=0.33 | H=0.767(TRENDING) S=0.749 AC=0.029(NONE) VR=1.054(NONE) | pass_rate=100.0%
2026-03-12 20:28:58 | qs.exploit_gate | INFO  | Gate OPEN | type=TRENDING conf=0.33 | H=0.771(TRENDING) S=0.751 AC=-0.031(NONE) VR=1.028(NONE) | pass_rate=100.0%
2026-03-12 20:28:58 | qs.graveyard | WARNING | BLOCKED by tombstone | similarity=0.90 | pattern_losses=1 | total_lost=$-11.24
2026-03-12 20:28:58 | qs.scalper   | INFO  | GRAVEYARD blocked ETH/USDT SHORT (sim=0.90)
2026-03-12 20:28:58 | qs.exploit_gate | INFO  | Gate OPEN | type=TRENDING conf=0.33 | H=0.760(TRENDING) S=0.770 AC=-0.075(MEAN_REVERTING) VR=1.032(NONE) | pass_rate=100.0%
2026-03-12 20:28:58 | qs.graveyard | WARNING | BLOCKED by tombstone | similarity=0.94 | pattern_losses=1 | total_lost=$-1.35
2026-03-12 20:28:58 | qs.scalper   | INFO  | GRAVEYARD blocked BTC/USDT SHORT (sim=0.94)
2026-03-12 20:29:28 | qs.volatility | INFO  | Top 3 volatile: SOL/USDT(0.214%), ETH/USDT(0.177%), BTC/USDT(0.148%)
2026-03-12 20:29:31 | qs.exploit_gate | INFO  | Gate OPEN | type=TRENDING conf=0.33 | H=0.761(TRENDING) S=0.749 AC=0.034(NONE) VR=1.070(NONE) | pass_rate=100.0%
2026-03-12 20:29:31 | qs.graveyard | WARNING | BLOCKED by tombstone | similarity=0.93 | pattern_losses=1 | total_lost=$-11.24
2026-03-12 20:29:31 | qs.scalper   | INFO  | GRAVEYARD blocked SOL/USDT SHORT (sim=0.93)
2026-03-12 20:29:31 | qs.exploit_gate | INFO  | Gate OPEN | type=TRENDING conf=0.33 | H=0.771(TRENDING) S=0.751 AC=-0.021(NONE) VR=1.050(NONE) | pass_rate=100.0%
2026-03-12 20:29:31 | qs.graveyard | WARNING | BLOCKED by tombstone | similarity=0.90 | pattern_losses=1 | total_lost=$-1.35
2026-03-12 20:29:31 | qs.scalper   | INFO  | GRAVEYARD blocked ETH/USDT SHORT (sim=0.90)
2026-03-12 20:29:31 | qs.exploit_gate | INFO  | Gate OPEN | type=TRENDING conf=0.33 | H=0.756(TRENDING) S=0.767 AC=-0.069(MEAN_REVERTING) VR=1.063(NONE) | pass_rate=100.0%
2026-03-12 20:29:31 | qs.graveyard | WARNING | BLOCKED by tombstone | similarity=0.89 | pattern_losses=1 | total_lost=$-1.35
2026-03-12 20:29:31 | qs.scalper   | INFO  | GRAVEYARD blocked BTC/USDT SHORT (sim=0.89)
2026-03-12 20:30:09 | qs.volatility | INFO  | Top 3 volatile: SOL/USDT(0.214%), ETH/USDT(0.177%), BTC/USDT(0.148%)
2026-03-12 20:30:13 | qs.exploit_gate | INFO  | Gate OPEN | type=TRENDING conf=0.33 | H=0.766(TRENDING) S=0.752 AC=0.037(NONE) VR=1.090(NONE) | pass_rate=100.0%
2026-03-12 20:30:13 | qs.graveyard | WARNING | BLOCKED by tombstone | similarity=0.93 | pattern_losses=1 | total_lost=$-11.24
2026-03-12 20:30:13 | qs.scalper   | INFO  | GRAVEYARD blocked SOL/USDT SHORT (sim=0.93)
2026-03-12 20:30:13 | qs.exploit_gate | INFO  | Gate OPEN | type=TRENDING conf=0.33 | H=0.798(TRENDING) S=0.747 AC=-0.014(NONE) VR=1.070(NONE) | pass_rate=100.0%
2026-03-12 20:30:13 | qs.graveyard | WARNING | BLOCKED by tombstone | similarity=0.88 | pattern_losses=1 | total_lost=$-1.35
2026-03-12 20:30:13 | qs.scalper   | INFO  | GRAVEYARD blocked ETH/USDT SHORT (sim=0.88)
2026-03-12 20:30:13 | qs.exploit_gate | INFO  | Gate OPEN | type=TRENDING conf=0.33 | H=0.769(TRENDING) S=0.764 AC=-0.064(MEAN_REVERTING) VR=1.090(NONE) | pass_rate=100.0%
2026-03-12 20:30:13 | qs.graveyard | WARNING | BLOCKED by tombstone | similarity=0.90 | pattern_losses=1 | total_lost=$-11.24
2026-03-12 20:30:13 | qs.scalper   | INFO  | GRAVEYARD blocked BTC/USDT SHORT (sim=0.90)
2026-03-12 20:30:43 | qs.volatility | INFO  | Top 3 volatile: SOL/USDT(0.214%), ETH/USDT(0.177%), BTC/USDT(0.148%)
2026-03-12 20:30:49 | qs.exploit_gate | INFO  | Gate OPEN | type=TRENDING conf=0.33 | H=0.766(TRENDING) S=0.752 AC=0.036(NONE) VR=1.089(NONE) | pass_rate=100.0%
2026-03-12 20:30:49 | qs.graveyard | WARNING | BLOCKED by tombstone | similarity=0.86 | pattern_losses=1 | total_lost=$-11.24
2026-03-12 20:30:49 | qs.scalper   | INFO  | GRAVEYARD blocked SOL/USDT SHORT (sim=0.86)
2026-03-12 20:30:49 | qs.exploit_gate | INFO  | Gate OPEN | type=TRENDING conf=0.33 | H=0.798(TRENDING) S=0.747 AC=-0.016(NONE) VR=1.068(NONE) | pass_rate=100.0%
2026-03-12 20:30:49 | qs.graveyard | WARNING | BLOCKED by tombstone | similarity=0.89 | pattern_losses=1 | total_lost=$-11.24
2026-03-12 20:30:49 | qs.scalper   | INFO  | GRAVEYARD blocked ETH/USDT SHORT (sim=0.89)
2026-03-12 20:30:49 | qs.exploit_gate | INFO  | Gate OPEN | type=TRENDING conf=0.33 | H=0.769(TRENDING) S=0.764 AC=-0.063(MEAN_REVERTING) VR=1.092(NONE) | pass_rate=100.0%
2026-03-12 20:30:49 | qs.graveyard | WARNING | BLOCKED by tombstone | similarity=0.94 | pattern_losses=1 | total_lost=$-1.35
2026-03-12 20:30:49 | qs.scalper   | INFO  | GRAVEYARD blocked BTC/USDT SHORT (sim=0.94)
2026-03-12 20:31:19 | qs.volatility | INFO  | Top 3 volatile: SOL/USDT(0.214%), ETH/USDT(0.177%), BTC/USDT(0.148%)
2026-03-12 20:31:22 | qs.exploit_gate | INFO  | Gate OPEN | type=TRENDING conf=0.33 | H=0.768(TRENDING) S=0.752 AC=0.036(NONE) VR=1.092(NONE) | pass_rate=100.0%
2026-03-12 20:31:22 | qs.graveyard | WARNING | BLOCKED by tombstone | similarity=0.94 | pattern_losses=1 | total_lost=$-11.24
2026-03-12 20:31:22 | qs.scalper   | INFO  | GRAVEYARD blocked SOL/USDT SHORT (sim=0.94)
2026-03-12 20:31:22 | qs.exploit_gate | INFO  | Gate OPEN | type=TRENDING conf=0.33 | H=0.804(TRENDING) S=0.748 AC=-0.020(NONE) VR=1.065(NONE) | pass_rate=100.0%
2026-03-12 20:31:22 | qs.graveyard | WARNING | BLOCKED by tombstone | similarity=0.89 | pattern_losses=1 | total_lost=$-11.24
2026-03-12 20:31:22 | qs.scalper   | INFO  | GRAVEYARD blocked ETH/USDT SHORT (sim=0.89)
2026-03-12 20:31:22 | qs.exploit_gate | INFO  | Gate OPEN | type=TRENDING conf=0.33 | H=0.779(TRENDING) S=0.764 AC=-0.068(MEAN_REVERTING) VR=1.084(NONE) | pass_rate=100.0%
2026-03-12 20:31:22 | qs.graveyard | WARNING | BLOCKED by tombstone | similarity=0.86 | pattern_losses=1 | total_lost=$-1.35
2026-03-12 20:31:22 | qs.scalper   | INFO  | GRAVEYARD blocked BTC/USDT SHORT (sim=0.86)
2026-03-12 20:31:54 | qs.volatility | INFO  | Top 3 volatile: SOL/USDT(0.213%), ETH/USDT(0.169%), BTC/USDT(0.142%)
2026-03-12 20:31:57 | qs.exploit_gate | INFO  | Gate OPEN | type=TRENDING conf=0.33 | H=0.769(TRENDING) S=0.754 AC=0.036(NONE) VR=1.086(NONE) | pass_rate=100.0%
2026-03-12 20:31:57 | qs.graveyard | WARNING | BLOCKED by tombstone | similarity=0.89 | pattern_losses=1 | total_lost=$-11.24
2026-03-12 20:31:57 | qs.scalper   | INFO  | GRAVEYARD blocked SOL/USDT SHORT (sim=0.89)
2026-03-12 20:31:57 | qs.exploit_gate | INFO  | Gate OPEN | type=TRENDING conf=0.33 | H=0.804(TRENDING) S=0.748 AC=-0.020(NONE) VR=1.064(NONE) | pass_rate=100.0%
2026-03-12 20:31:57 | qs.graveyard | WARNING | BLOCKED by tombstone | similarity=0.92 | pattern_losses=1 | total_lost=$-1.35
2026-03-12 20:31:57 | qs.scalper   | INFO  | GRAVEYARD blocked ETH/USDT SHORT (sim=0.92)
2026-03-12 20:31:57 | qs.exploit_gate | INFO  | Gate OPEN | type=TRENDING conf=0.33 | H=0.779(TRENDING) S=0.764 AC=-0.067(MEAN_REVERTING) VR=1.084(NONE) | pass_rate=100.0%
2026-03-12 20:31:57 | qs.graveyard | WARNING | BLOCKED by tombstone | similarity=0.94 | pattern_losses=1 | total_lost=$-1.35
2026-03-12 20:31:57 | qs.scalper   | INFO  | GRAVEYARD blocked BTC/USDT SHORT (sim=0.94)
2026-03-12 20:32:27 | qs.volatility | INFO  | Top 3 volatile: SOL/USDT(0.213%), ETH/USDT(0.169%), BTC/USDT(0.142%)
2026-03-12 20:32:30 | qs.exploit_gate | INFO  | Gate OPEN | type=TRENDING conf=0.33 | H=0.772(TRENDING) S=0.752 AC=0.036(NONE) VR=1.090(NONE) | pass_rate=100.0%
2026-03-12 20:32:30 | qs.graveyard | WARNING | BLOCKED by tombstone | similarity=0.93 | pattern_losses=1 | total_lost=$-11.24
2026-03-12 20:32:30 | qs.scalper   | INFO  | GRAVEYARD blocked SOL/USDT SHORT (sim=0.93)
2026-03-12 20:32:30 | qs.exploit_gate | INFO  | Gate OPEN | type=TRENDING conf=0.33 | H=0.797(TRENDING) S=0.748 AC=-0.018(NONE) VR=1.068(NONE) | pass_rate=100.0%
2026-03-12 20:32:30 | qs.graveyard | WARNING | BLOCKED by tombstone | similarity=0.93 | pattern_losses=1 | total_lost=$-11.24
2026-03-12 20:32:30 | qs.scalper   | INFO  | GRAVEYARD blocked ETH/USDT SHORT (sim=0.93)
2026-03-12 20:32:30 | qs.exploit_gate | INFO  | Gate OPEN | type=TRENDING conf=0.33 | H=0.782(TRENDING) S=0.764 AC=-0.066(MEAN_REVERTING) VR=1.083(NONE) | pass_rate=100.0%
2026-03-12 20:32:30 | qs.graveyard | WARNING | BLOCKED by tombstone | similarity=0.87 | pattern_losses=1 | total_lost=$-11.24
2026-03-12 20:32:30 | qs.scalper   | INFO  | GRAVEYARD blocked BTC/USDT SHORT (sim=0.87)
2026-03-12 20:33:00 | qs.volatility | INFO  | Top 3 volatile: SOL/USDT(0.213%), ETH/USDT(0.169%), BTC/USDT(0.142%)
2026-03-12 20:33:02 | qs.exploit_gate | INFO  | Gate OPEN | type=TRENDING conf=0.33 | H=0.772(TRENDING) S=0.754 AC=0.039(NONE) VR=1.084(NONE) | pass_rate=100.0%
2026-03-12 20:33:02 | qs.exploit_gate | INFO  | Gate OPEN | type=TRENDING conf=0.33 | H=0.797(TRENDING) S=0.748 AC=-0.019(NONE) VR=1.065(NONE) | pass_rate=100.0%
2026-03-12 20:33:02 | qs.graveyard | WARNING | BLOCKED by tombstone | similarity=0.88 | pattern_losses=1 | total_lost=$-1.35
2026-03-12 20:33:02 | qs.scalper   | INFO  | GRAVEYARD blocked ETH/USDT SHORT (sim=0.88)
2026-03-12 20:33:02 | qs.exploit_gate | INFO  | Gate OPEN | type=TRENDING conf=0.33 | H=0.782(TRENDING) S=0.767 AC=-0.064(MEAN_REVERTING) VR=1.071(NONE) | pass_rate=100.0%
2026-03-12 20:33:32 | qs.volatility | INFO  | Top 3 volatile: SOL/USDT(0.213%), ETH/USDT(0.169%), BTC/USDT(0.142%)
2026-03-12 20:33:34 | qs.exploit_gate | INFO  | Gate OPEN | type=TRENDING conf=0.33 | H=0.778(TRENDING) S=0.754 AC=0.037(NONE) VR=1.077(NONE) | pass_rate=100.0%
2026-03-12 20:33:34 | qs.exploit_gate | INFO  | Gate OPEN | type=TRENDING conf=0.33 | H=0.807(TRENDING) S=0.751 AC=-0.019(NONE) VR=1.056(NONE) | pass_rate=100.0%
2026-03-12 20:33:34 | qs.exploit_gate | INFO  | Gate OPEN | type=TRENDING conf=0.33 | H=0.789(TRENDING) S=0.767 AC=-0.061(MEAN_REVERTING) VR=1.073(NONE) | pass_rate=100.0%
2026-03-12 20:34:04 | qs.volatility | INFO  | Top 3 volatile: SOL/USDT(0.213%), ETH/USDT(0.169%), BTC/USDT(0.142%)
2026-03-12 20:34:06 | qs.exploit_gate | INFO  | Gate OPEN | type=TRENDING conf=0.33 | H=0.787(TRENDING) S=0.754 AC=0.044(NONE) VR=1.085(NONE) | pass_rate=100.0%
2026-03-12 20:34:06 | qs.exploit_gate | INFO  | Gate OPEN | type=TRENDING conf=0.33 | H=0.807(TRENDING) S=0.754 AC=-0.009(NONE) VR=1.052(NONE) | pass_rate=100.0%
2026-03-12 20:34:06 | qs.exploit_gate | INFO  | Gate OPEN | type=TRENDING conf=0.33 | H=0.797(TRENDING) S=0.768 AC=-0.051(NONE) VR=1.087(NONE) | pass_rate=100.0%
2026-03-12 20:34:37 | qs.volatility | INFO  | Top 3 volatile: SOL/USDT(0.207%), ETH/USDT(0.169%), BTC/USDT(0.140%)
2026-03-12 20:34:39 | qs.exploit_gate | INFO  | Gate OPEN | type=TRENDING conf=0.33 | H=0.787(TRENDING) S=0.754 AC=0.045(NONE) VR=1.085(NONE) | pass_rate=100.0%
2026-03-12 20:34:39 | qs.exploit_gate | INFO  | Gate OPEN | type=TRENDING conf=0.33 | H=0.808(TRENDING) S=0.751 AC=-0.009(NONE) VR=1.065(NONE) | pass_rate=100.0%
2026-03-12 20:34:39 | qs.graveyard | WARNING | BLOCKED by tombstone | similarity=0.93 | pattern_losses=1 | total_lost=$-1.35
2026-03-12 20:34:39 | qs.scalper   | INFO  | GRAVEYARD blocked ETH/USDT LONG (sim=0.93)
2026-03-12 20:34:39 | qs.exploit_gate | INFO  | Gate OPEN | type=TRENDING conf=0.33 | H=0.796(TRENDING) S=0.768 AC=-0.052(NONE) VR=1.085(NONE) | pass_rate=100.0%
2026-03-12 20:35:09 | qs.volatility | INFO  | Top 3 volatile: SOL/USDT(0.207%), ETH/USDT(0.169%), BTC/USDT(0.140%)
2026-03-12 20:35:11 | qs.exploit_gate | INFO  | Gate OPEN | type=TRENDING conf=0.33 | H=0.794(TRENDING) S=0.753 AC=0.042(NONE) VR=1.088(NONE) | pass_rate=100.0%
2026-03-12 20:35:11 | qs.exploit_gate | INFO  | Gate OPEN | type=TRENDING conf=0.33 | H=0.824(TRENDING) S=0.751 AC=-0.012(NONE) VR=1.060(NONE) | pass_rate=100.0%
2026-03-12 20:35:11 | qs.exploit_gate | INFO  | Gate OPEN | type=TRENDING conf=0.33 | H=0.819(TRENDING) S=0.768 AC=-0.055(NONE) VR=1.079(NONE) | pass_rate=100.0%
2026-03-12 20:35:44 | qs.volatility | INFO  | Top 3 volatile: SOL/USDT(0.207%), ETH/USDT(0.169%), BTC/USDT(0.140%)
2026-03-12 20:35:47 | qs.exploit_gate | INFO  | Gate OPEN | type=TRENDING conf=0.33 | H=0.794(TRENDING) S=0.754 AC=0.042(NONE) VR=1.084(NONE) | pass_rate=100.0%
2026-03-12 20:35:47 | qs.exploit_gate | INFO  | Gate OPEN | type=TRENDING conf=0.33 | H=0.824(TRENDING) S=0.751 AC=-0.011(NONE) VR=1.058(NONE) | pass_rate=100.0%
2026-03-12 20:35:47 | qs.exploit_gate | INFO  | Gate OPEN | type=TRENDING conf=0.33 | H=0.819(TRENDING) S=0.768 AC=-0.052(NONE) VR=1.072(NONE) | pass_rate=100.0%
2026-03-12 20:35:47 | qs.graveyard | WARNING | BLOCKED by tombstone | similarity=0.93 | pattern_losses=1 | total_lost=$-11.24
2026-03-12 20:35:47 | qs.scalper   | INFO  | GRAVEYARD blocked BTC/USDT SHORT (sim=0.93)
2026-03-12 20:36:17 | qs.volatility | INFO  | Top 3 volatile: SOL/USDT(0.207%), ETH/USDT(0.169%), BTC/USDT(0.140%)
2026-03-12 20:36:20 | qs.exploit_gate | INFO  | Gate OPEN | type=TRENDING conf=0.33 | H=0.808(TRENDING) S=0.751 AC=0.042(NONE) VR=1.095(NONE) | pass_rate=100.0%
2026-03-12 20:36:20 | qs.graveyard | WARNING | BLOCKED by tombstone | similarity=0.99 | pattern_losses=1 | total_lost=$-11.24
2026-03-12 20:36:20 | qs.scalper   | INFO  | GRAVEYARD blocked SOL/USDT LONG (sim=0.99)
2026-03-12 20:36:20 | qs.exploit_gate | INFO  | Gate OPEN | type=TRENDING conf=0.33 | H=0.825(TRENDING) S=0.751 AC=-0.013(NONE) VR=1.064(NONE) | pass_rate=100.0%
2026-03-12 20:36:20 | qs.graveyard | WARNING | BLOCKED by tombstone | similarity=0.99 | pattern_losses=1 | total_lost=$-11.24
2026-03-12 20:36:20 | qs.scalper   | INFO  | GRAVEYARD blocked ETH/USDT LONG (sim=0.99)
2026-03-12 20:36:20 | qs.exploit_gate | INFO  | Gate OPEN | type=TRENDING conf=0.33 | H=0.819(TRENDING) S=0.769 AC=-0.055(NONE) VR=1.078(NONE) | pass_rate=100.0%
2026-03-12 20:36:20 | qs.graveyard | WARNING | BLOCKED by tombstone | similarity=0.87 | pattern_losses=1 | total_lost=$-1.35
2026-03-12 20:36:20 | qs.scalper   | INFO  | GRAVEYARD blocked BTC/USDT LONG (sim=0.87)
2026-03-12 20:36:50 | qs.volatility | INFO  | Top 3 volatile: SOL/USDT(0.207%), ETH/USDT(0.169%), BTC/USDT(0.140%)
2026-03-12 20:36:53 | qs.exploit_gate | INFO  | Gate OPEN | type=TRENDING conf=0.33 | H=0.808(TRENDING) S=0.754 AC=0.043(NONE) VR=1.091(NONE) | pass_rate=100.0%
2026-03-12 20:36:53 | qs.graveyard | WARNING | BLOCKED by tombstone | similarity=0.96 | pattern_losses=1 | total_lost=$-11.24
2026-03-12 20:36:53 | qs.scalper   | INFO  | GRAVEYARD blocked SOL/USDT LONG (sim=0.96)
2026-03-12 20:36:53 | qs.exploit_gate | INFO  | Gate OPEN | type=TRENDING conf=0.33 | H=0.824(TRENDING) S=0.754 AC=-0.013(NONE) VR=1.061(NONE) | pass_rate=100.0%
2026-03-12 20:36:53 | qs.graveyard | WARNING | BLOCKED by tombstone | similarity=0.98 | pattern_losses=1 | total_lost=$-1.35
2026-03-12 20:36:53 | qs.scalper   | INFO  | GRAVEYARD blocked ETH/USDT LONG (sim=0.98)
2026-03-12 20:36:53 | qs.exploit_gate | INFO  | Gate OPEN | type=TRENDING conf=0.32 | H=0.819(TRENDING) S=0.775 AC=-0.058(NONE) VR=1.066(NONE) | pass_rate=100.0%
2026-03-12 20:36:53 | qs.graveyard | WARNING | BLOCKED by tombstone | similarity=0.96 | pattern_losses=1 | total_lost=$-11.24
2026-03-12 20:36:53 | qs.scalper   | INFO  | GRAVEYARD blocked BTC/USDT LONG (sim=0.96)
2026-03-12 20:37:21 | qs.system    | INFO  | Starting Quant Scalper v6 on http://localhost:8000
2026-03-12 20:37:49 | qs.system    | INFO  | Starting bot mode=paper symbols=['BTC/USDT', 'ETH/USDT', 'SOL/USDT', 'BNB/USDT', 'DOGE/USDT', 'XRP/USDT']
2026-03-12 20:37:51 | qs.data      | INFO  | Exchange initialized for BTC/USDT
2026-03-12 20:37:51 | qs.data      | INFO  | Exchange initialized for ETH/USDT
2026-03-12 20:37:51 | qs.data      | INFO  | Exchange initialized for SOL/USDT
2026-03-12 20:37:51 | qs.data      | INFO  | Exchange initialized for BNB/USDT
2026-03-12 20:37:51 | qs.data      | INFO  | Exchange initialized for DOGE/USDT
2026-03-12 20:37:51 | qs.data      | INFO  | Exchange initialized for XRP/USDT
2026-03-12 20:37:51 | qs.graveyard | INFO  | Loaded 7 tombstones from graveyard
2026-03-12 20:37:51 | qs.data      | INFO  | Exchange initialized for BTC/USDT
2026-03-12 20:37:51 | qs.data      | INFO  | Exchange initialized for ETH/USDT
2026-03-12 20:37:51 | qs.data      | INFO  | Exchange initialized for SOL/USDT
2026-03-12 20:37:51 | qs.data      | INFO  | Exchange initialized for BNB/USDT
2026-03-12 20:37:51 | qs.data      | INFO  | Exchange initialized for DOGE/USDT
2026-03-12 20:37:51 | qs.data      | INFO  | Exchange initialized for XRP/USDT
2026-03-12 20:37:59 | qs.ml        | INFO  | Computing features for training...
2026-03-12 20:38:00 | qs.ml        | INFO  | Trained: val_accuracy=52.5% samples=475 top_features=['macd_hist_z', 'bb_width_z', 'hour_cos']
2026-03-12 20:38:39 | qs.volatility | INFO  | Top 3 volatile: DOGE/USDT(0.197%), SOL/USDT(0.193%), BTC/USDT(0.137%)
2026-03-12 20:39:03 | qs.system    | INFO  | Starting bot mode=paper symbols=['BTC/USDT', 'ETH/USDT', 'SOL/USDT', 'BNB/USDT', 'DOGE/USDT', 'XRP/USDT']
2026-03-12 20:39:04 | qs.data      | INFO  | Exchange initialized for BTC/USDT
2026-03-12 20:39:05 | qs.data      | INFO  | Exchange initialized for ETH/USDT
2026-03-12 20:39:05 | qs.data      | INFO  | Exchange initialized for SOL/USDT
2026-03-12 20:39:05 | qs.data      | INFO  | Exchange initialized for BNB/USDT
2026-03-12 20:39:05 | qs.data      | INFO  | Exchange initialized for DOGE/USDT
2026-03-12 20:39:05 | qs.data      | INFO  | Exchange initialized for XRP/USDT
2026-03-12 20:39:05 | qs.graveyard | INFO  | Loaded 7 tombstones from graveyard
2026-03-12 20:39:05 | qs.data      | INFO  | Exchange initialized for BTC/USDT
2026-03-12 20:39:05 | qs.data      | INFO  | Exchange initialized for ETH/USDT
2026-03-12 20:39:05 | qs.data      | INFO  | Exchange initialized for SOL/USDT
2026-03-12 20:39:05 | qs.data      | INFO  | Exchange initialized for BNB/USDT
2026-03-12 20:39:05 | qs.data      | INFO  | Exchange initialized for DOGE/USDT
2026-03-12 20:39:05 | qs.data      | INFO  | Exchange initialized for XRP/USDT
2026-03-12 20:39:05 | qs.exploit_gate | INFO  | Gate OPEN | type=TRENDING conf=0.30 | H=0.813(TRENDING) S=0.826 AC=-0.069(MEAN_REVERTING) VR=0.935(NONE) | pass_rate=100.0%
2026-03-12 20:39:05 | qs.graveyard | WARNING | BLOCKED by tombstone | similarity=0.94 | pattern_losses=1 | total_lost=$-11.24
2026-03-12 20:39:05 | qs.scalper   | INFO  | GRAVEYARD blocked DOGE/USDT LONG (sim=0.94)
2026-03-12 20:39:05 | qs.exploit_gate | INFO  | Gate OPEN | type=TRENDING conf=0.33 | H=0.803(TRENDING) S=0.755 AC=0.041(NONE) VR=1.084(NONE) | pass_rate=100.0%
2026-03-12 20:39:05 | qs.graveyard | WARNING | BLOCKED by tombstone | similarity=0.98 | pattern_losses=1 | total_lost=$-11.24
2026-03-12 20:39:05 | qs.scalper   | INFO  | GRAVEYARD blocked SOL/USDT LONG (sim=0.98)
2026-03-12 20:39:05 | qs.exploit_gate | INFO  | Gate OPEN | type=TRENDING conf=0.32 | H=0.808(TRENDING) S=0.773 AC=-0.051(NONE) VR=1.064(NONE) | pass_rate=100.0%
2026-03-12 20:39:05 | qs.graveyard | WARNING | BLOCKED by tombstone | similarity=0.94 | pattern_losses=1 | total_lost=$-11.24
2026-03-12 20:39:05 | qs.scalper   | INFO  | GRAVEYARD blocked BTC/USDT LONG (sim=0.94)
2026-03-12 20:39:10 | qs.ml        | INFO  | Computing features for training...
2026-03-12 20:39:10 | qs.ml        | INFO  | Trained: val_accuracy=50.7% samples=477 top_features=['macd_hist_z', 'atr_norm', 'bb_width_z']
2026-03-12 20:39:48 | qs.volatility | INFO  | Top 3 volatile: DOGE/USDT(0.196%), SOL/USDT(0.198%), BTC/USDT(0.141%)
2026-03-12 20:40:22 | qs.exploit_gate | INFO  | Gate OPEN | type=TRENDING conf=0.30 | H=0.819(TRENDING) S=0.823 AC=-0.061(MEAN_REVERTING) VR=0.925(NONE) | pass_rate=100.0%
2026-03-12 20:40:22 | qs.exploit_gate | INFO  | Gate OPEN | type=TRENDING conf=0.33 | H=0.812(TRENDING) S=0.761 AC=0.034(NONE) VR=1.077(NONE) | pass_rate=100.0%
2026-03-12 20:40:22 | qs.graveyard | WARNING | BLOCKED by tombstone | similarity=0.84 | pattern_losses=1 | total_lost=$-11.24
2026-03-12 20:40:22 | qs.scalper   | INFO  | GRAVEYARD blocked SOL/USDT LONG (sim=0.84)
2026-03-12 20:40:22 | qs.exploit_gate | INFO  | Gate OPEN | type=TRENDING conf=0.33 | H=0.823(TRENDING) S=0.771 AC=-0.050(NONE) VR=1.072(NONE) | pass_rate=100.0%
2026-03-12 20:40:22 | qs.graveyard | WARNING | BLOCKED by tombstone | similarity=0.87 | pattern_losses=1 | total_lost=$-1.35
2026-03-12 20:40:22 | qs.scalper   | INFO  | GRAVEYARD blocked BTC/USDT LONG (sim=0.87)
2026-03-12 20:40:52 | qs.volatility | INFO  | Top 3 volatile: DOGE/USDT(0.196%), SOL/USDT(0.198%), BTC/USDT(0.141%)
2026-03-12 20:40:55 | qs.exploit_gate | INFO  | Gate OPEN | type=TRENDING conf=0.30 | H=0.818(TRENDING) S=0.823 AC=-0.064(MEAN_REVERTING) VR=0.923(NONE) | pass_rate=100.0%
2026-03-12 20:40:55 | qs.graveyard | WARNING | BLOCKED by tombstone | similarity=0.82 | pattern_losses=1 | total_lost=$-11.24
2026-03-12 20:40:55 | qs.scalper   | INFO  | GRAVEYARD blocked DOGE/USDT LONG (sim=0.82)
2026-03-12 20:40:55 | qs.exploit_gate | INFO  | Gate OPEN | type=TRENDING conf=0.33 | H=0.827(TRENDING) S=0.762 AC=0.042(NONE) VR=1.079(NONE) | pass_rate=100.0%
2026-03-12 20:40:55 | qs.graveyard | WARNING | BLOCKED by tombstone | similarity=0.92 | pattern_losses=1 | total_lost=$-11.24
2026-03-12 20:40:55 | qs.scalper   | INFO  | GRAVEYARD blocked SOL/USDT LONG (sim=0.92)
2026-03-12 20:40:55 | qs.exploit_gate | INFO  | Gate OPEN | type=TRENDING conf=0.33 | H=0.828(TRENDING) S=0.771 AC=-0.048(NONE) VR=1.073(NONE) | pass_rate=100.0%
2026-03-12 20:40:55 | qs.graveyard | WARNING | BLOCKED by tombstone | similarity=0.91 | pattern_losses=1 | total_lost=$-1.35
2026-03-12 20:40:55 | qs.scalper   | INFO  | GRAVEYARD blocked BTC/USDT LONG (sim=0.91)
2026-03-12 20:41:25 | qs.volatility | INFO  | Top 3 volatile: DOGE/USDT(0.196%), SOL/USDT(0.198%), BTC/USDT(0.141%)
2026-03-12 20:41:30 | qs.exploit_gate | INFO  | Gate OPEN | type=TRENDING conf=0.30 | H=0.805(TRENDING) S=0.825 AC=-0.075(MEAN_REVERTING) VR=0.923(NONE) | pass_rate=100.0%
2026-03-12 20:41:30 | qs.graveyard | WARNING | BLOCKED by tombstone | similarity=0.97 | pattern_losses=1 | total_lost=$-11.24
2026-03-12 20:41:30 | qs.scalper   | INFO  | GRAVEYARD blocked DOGE/USDT LONG (sim=0.97)
2026-03-12 20:41:30 | qs.exploit_gate | INFO  | Gate OPEN | type=TRENDING conf=0.33 | H=0.814(TRENDING) S=0.763 AC=0.034(NONE) VR=1.078(NONE) | pass_rate=100.0%
2026-03-12 20:41:30 | qs.graveyard | WARNING | BLOCKED by tombstone | similarity=0.97 | pattern_losses=1 | total_lost=$-11.24
2026-03-12 20:41:30 | qs.scalper   | INFO  | GRAVEYARD blocked SOL/USDT LONG (sim=0.97)
2026-03-12 20:41:30 | qs.exploit_gate | INFO  | Gate OPEN | type=TRENDING conf=0.33 | H=0.811(TRENDING) S=0.771 AC=-0.056(NONE) VR=1.072(NONE) | pass_rate=100.0%
2026-03-12 20:41:30 | qs.graveyard | WARNING | BLOCKED by tombstone | similarity=0.97 | pattern_losses=1 | total_lost=$-11.24
2026-03-12 20:41:30 | qs.scalper   | INFO  | GRAVEYARD blocked BTC/USDT LONG (sim=0.97)
2026-03-12 20:42:00 | qs.volatility | INFO  | Top 3 volatile: DOGE/USDT(0.196%), SOL/USDT(0.198%), BTC/USDT(0.141%)
2026-03-12 20:42:02 | qs.exploit_gate | INFO  | Gate OPEN | type=TRENDING conf=0.30 | H=0.805(TRENDING) S=0.824 AC=-0.075(MEAN_REVERTING) VR=0.919(NONE) | pass_rate=100.0%
2026-03-12 20:42:02 | qs.graveyard | WARNING | BLOCKED by tombstone | similarity=0.86 | pattern_losses=1 | total_lost=$-11.24
2026-03-12 20:42:02 | qs.scalper   | INFO  | GRAVEYARD blocked DOGE/USDT LONG (sim=0.85)
2026-03-12 20:42:02 | qs.exploit_gate | INFO  | Gate OPEN | type=TRENDING conf=0.33 | H=0.814(TRENDING) S=0.763 AC=0.030(NONE) VR=1.069(NONE) | pass_rate=100.0%
2026-03-12 20:42:02 | qs.graveyard | WARNING | BLOCKED by tombstone | similarity=0.81 | pattern_losses=1 | total_lost=$-11.24
2026-03-12 20:42:02 | qs.scalper   | INFO  | GRAVEYARD blocked SOL/USDT LONG (sim=0.81)
2026-03-12 20:42:02 | qs.exploit_gate | INFO  | Gate OPEN | type=TRENDING conf=0.32 | H=0.810(TRENDING) S=0.774 AC=-0.057(NONE) VR=1.061(NONE) | pass_rate=100.0%
2026-03-12 20:42:02 | qs.graveyard | WARNING | BLOCKED by tombstone | similarity=1.02 | pattern_losses=1 | total_lost=$-1.35
2026-03-12 20:42:02 | qs.scalper   | INFO  | GRAVEYARD blocked BTC/USDT LONG (sim=1.02)
2026-03-12 20:42:32 | qs.volatility | INFO  | Top 3 volatile: DOGE/USDT(0.196%), SOL/USDT(0.198%), BTC/USDT(0.141%)
2026-03-12 20:42:36 | qs.exploit_gate | INFO  | Gate OPEN | type=TRENDING conf=0.31 | H=0.804(TRENDING) S=0.814 AC=-0.063(MEAN_REVERTING) VR=0.968(NONE) | pass_rate=100.0%
2026-03-12 20:42:36 | qs.graveyard | WARNING | BLOCKED by tombstone | similarity=0.95 | pattern_losses=1 | total_lost=$-7.37
2026-03-12 20:42:36 | qs.scalper   | INFO  | GRAVEYARD blocked DOGE/USDT LONG (sim=0.95)
2026-03-12 20:42:36 | qs.exploit_gate | INFO  | Gate OPEN | type=TRENDING conf=0.33 | H=0.808(TRENDING) S=0.758 AC=0.029(NONE) VR=1.098(NONE) | pass_rate=100.0%
2026-03-12 20:42:36 | qs.graveyard | WARNING | BLOCKED by tombstone | similarity=0.99 | pattern_losses=1 | total_lost=$-11.24
2026-03-12 20:42:36 | qs.scalper   | INFO  | GRAVEYARD blocked SOL/USDT LONG (sim=0.99)
2026-03-12 20:42:36 | qs.exploit_gate | INFO  | Gate OPEN | type=TRENDING conf=0.56 | H=0.810(TRENDING) S=0.756 AC=-0.060(NONE) VR=1.101(TRENDING) | pass_rate=100.0%
2026-03-12 20:42:36 | qs.graveyard | WARNING | BLOCKED by tombstone | similarity=0.98 | pattern_losses=1 | total_lost=$-11.24
2026-03-12 20:42:36 | qs.scalper   | INFO  | GRAVEYARD blocked BTC/USDT LONG (sim=0.98)
2026-03-12 20:43:08 | qs.volatility | INFO  | Top 3 volatile: SOL/USDT(0.183%), DOGE/USDT(0.175%), BTC/USDT(0.132%)
2026-03-12 20:43:11 | qs.exploit_gate | INFO  | Gate OPEN | type=TRENDING conf=0.33 | H=0.817(TRENDING) S=0.758 AC=0.026(NONE) VR=1.096(NONE) | pass_rate=100.0%
2026-03-12 20:43:11 | qs.graveyard | WARNING | BLOCKED by tombstone | similarity=1.00 | pattern_losses=1 | total_lost=$-11.24
2026-03-12 20:43:11 | qs.scalper   | INFO  | GRAVEYARD blocked SOL/USDT LONG (sim=1.00)
2026-03-12 20:43:11 | qs.exploit_gate | INFO  | Gate OPEN | type=TRENDING conf=0.31 | H=0.812(TRENDING) S=0.816 AC=-0.055(NONE) VR=0.970(NONE) | pass_rate=100.0%
2026-03-12 20:43:11 | qs.graveyard | WARNING | BLOCKED by tombstone | similarity=0.94 | pattern_losses=1 | total_lost=$-7.37
2026-03-12 20:43:11 | qs.scalper   | INFO  | GRAVEYARD blocked DOGE/USDT LONG (sim=0.94)
2026-03-12 20:43:11 | qs.exploit_gate | INFO  | Gate OPEN | type=TRENDING conf=0.33 | H=0.816(TRENDING) S=0.756 AC=-0.063(MEAN_REVERTING) VR=1.097(NONE) | pass_rate=100.0%
2026-03-12 20:43:11 | qs.graveyard | WARNING | BLOCKED by tombstone | similarity=0.98 | pattern_losses=1 | total_lost=$-11.24
2026-03-12 20:43:11 | qs.scalper   | INFO  | GRAVEYARD blocked BTC/USDT LONG (sim=0.98)
2026-03-12 20:43:41 | qs.volatility | INFO  | Top 3 volatile: SOL/USDT(0.183%), DOGE/USDT(0.175%), BTC/USDT(0.132%)
2026-03-12 20:43:45 | qs.exploit_gate | INFO  | Gate OPEN | type=TRENDING conf=0.33 | H=0.817(TRENDING) S=0.758 AC=0.026(NONE) VR=1.096(NONE) | pass_rate=100.0%
2026-03-12 20:43:45 | qs.graveyard | WARNING | BLOCKED by tombstone | similarity=0.93 | pattern_losses=1 | total_lost=$-11.24
2026-03-12 20:43:45 | qs.scalper   | INFO  | GRAVEYARD blocked SOL/USDT LONG (sim=0.93)
2026-03-12 20:43:45 | qs.exploit_gate | INFO  | Gate OPEN | type=TRENDING conf=0.31 | H=0.811(TRENDING) S=0.816 AC=-0.055(NONE) VR=0.971(NONE) | pass_rate=100.0%
2026-03-12 20:43:45 | qs.graveyard | WARNING | BLOCKED by tombstone | similarity=0.95 | pattern_losses=1 | total_lost=$-7.37
2026-03-12 20:43:45 | qs.scalper   | INFO  | GRAVEYARD blocked DOGE/USDT LONG (sim=0.95)
2026-03-12 20:43:45 | qs.exploit_gate | INFO  | Gate OPEN | type=TRENDING conf=0.33 | H=0.816(TRENDING) S=0.756 AC=-0.065(MEAN_REVERTING) VR=1.094(NONE) | pass_rate=100.0%
2026-03-12 20:43:45 | qs.graveyard | WARNING | BLOCKED by tombstone | similarity=0.96 | pattern_losses=1 | total_lost=$-1.35
2026-03-12 20:43:45 | qs.scalper   | INFO  | GRAVEYARD blocked BTC/USDT LONG (sim=0.96)
2026-03-12 20:44:20 | qs.volatility | INFO  | Top 3 volatile: SOL/USDT(0.183%), DOGE/USDT(0.175%), BTC/USDT(0.132%)
2026-03-12 20:44:23 | qs.exploit_gate | INFO  | Gate OPEN | type=TRENDING conf=0.33 | H=0.821(TRENDING) S=0.758 AC=0.026(NONE) VR=1.080(NONE) | pass_rate=100.0%
2026-03-12 20:44:23 | qs.graveyard | WARNING | BLOCKED by tombstone | similarity=0.99 | pattern_losses=1 | total_lost=$-11.24
2026-03-12 20:44:23 | qs.scalper   | INFO  | GRAVEYARD blocked SOL/USDT LONG (sim=0.99)
2026-03-12 20:44:23 | qs.exploit_gate | INFO  | Gate OPEN | type=TRENDING conf=0.31 | H=0.820(TRENDING) S=0.814 AC=-0.044(NONE) VR=0.970(NONE) | pass_rate=100.0%
2026-03-12 20:44:23 | qs.graveyard | WARNING | BLOCKED by tombstone | similarity=0.94 | pattern_losses=1 | total_lost=$-7.37
2026-03-12 20:44:23 | qs.scalper   | INFO  | GRAVEYARD blocked DOGE/USDT LONG (sim=0.94)
2026-03-12 20:44:23 | qs.exploit_gate | INFO  | Gate OPEN | type=TRENDING conf=0.33 | H=0.808(TRENDING) S=0.755 AC=-0.064(MEAN_REVERTING) VR=1.084(NONE) | pass_rate=100.0%
2026-03-12 20:44:23 | qs.graveyard | WARNING | BLOCKED by tombstone | similarity=0.91 | pattern_losses=1 | total_lost=$-1.35
2026-03-12 20:44:23 | qs.scalper   | INFO  | GRAVEYARD blocked BTC/USDT LONG (sim=0.91)
2026-03-12 20:44:53 | qs.volatility | INFO  | Top 3 volatile: SOL/USDT(0.183%), DOGE/USDT(0.175%), BTC/USDT(0.132%)
2026-03-12 20:44:58 | qs.exploit_gate | INFO  | Gate OPEN | type=TRENDING conf=0.33 | H=0.821(TRENDING) S=0.758 AC=0.027(NONE) VR=1.080(NONE) | pass_rate=100.0%
2026-03-12 20:44:58 | qs.graveyard | WARNING | BLOCKED by tombstone | similarity=0.83 | pattern_losses=1 | total_lost=$-11.24
2026-03-12 20:44:58 | qs.scalper   | INFO  | GRAVEYARD blocked SOL/USDT LONG (sim=0.83)
2026-03-12 20:44:58 | qs.exploit_gate | INFO  | Gate OPEN | type=TRENDING conf=0.31 | H=0.820(TRENDING) S=0.813 AC=-0.046(NONE) VR=0.968(NONE) | pass_rate=100.0%
2026-03-12 20:44:58 | qs.graveyard | WARNING | BLOCKED by tombstone | similarity=0.94 | pattern_losses=1 | total_lost=$-7.37
2026-03-12 20:44:58 | qs.scalper   | INFO  | GRAVEYARD blocked DOGE/USDT LONG (sim=0.94)
2026-03-12 20:44:58 | qs.exploit_gate | INFO  | Gate OPEN | type=TRENDING conf=0.33 | H=0.808(TRENDING) S=0.755 AC=-0.063(MEAN_REVERTING) VR=1.084(NONE) | pass_rate=100.0%
2026-03-12 20:44:58 | qs.graveyard | WARNING | BLOCKED by tombstone | similarity=0.97 | pattern_losses=1 | total_lost=$-11.24
2026-03-12 20:44:58 | qs.scalper   | INFO  | GRAVEYARD blocked BTC/USDT LONG (sim=0.97)
2026-03-12 20:45:28 | qs.volatility | INFO  | Top 3 volatile: SOL/USDT(0.183%), DOGE/USDT(0.175%), BTC/USDT(0.132%)
2026-03-12 20:45:34 | qs.exploit_gate | INFO  | Gate OPEN | type=TRENDING conf=0.33 | H=0.808(TRENDING) S=0.765 AC=0.017(NONE) VR=1.039(NONE) | pass_rate=100.0%
2026-03-12 20:45:34 | qs.graveyard | WARNING | BLOCKED by tombstone | similarity=0.98 | pattern_losses=1 | total_lost=$-1.38
2026-03-12 20:45:34 | qs.scalper   | INFO  | GRAVEYARD blocked SOL/USDT LONG (sim=0.97)
2026-03-12 20:45:34 | qs.exploit_gate | INFO  | Gate OPEN | type=TRENDING conf=0.31 | H=0.804(TRENDING) S=0.810 AC=-0.053(NONE) VR=0.968(NONE) | pass_rate=100.0%
2026-03-12 20:45:34 | qs.graveyard | WARNING | BLOCKED by tombstone | similarity=0.94 | pattern_losses=1 | total_lost=$-7.37
2026-03-12 20:45:34 | qs.scalper   | INFO  | GRAVEYARD blocked DOGE/USDT LONG (sim=0.94)
2026-03-12 20:45:34 | qs.exploit_gate | INFO  | Gate OPEN | type=TRENDING conf=0.33 | H=0.798(TRENDING) S=0.756 AC=-0.068(MEAN_REVERTING) VR=1.078(NONE) | pass_rate=100.0%
2026-03-12 20:45:34 | qs.graveyard | WARNING | BLOCKED by tombstone | similarity=0.92 | pattern_losses=1 | total_lost=$-11.24
2026-03-12 20:45:34 | qs.scalper   | INFO  | GRAVEYARD blocked BTC/USDT LONG (sim=0.93)
2026-03-12 20:46:06 | qs.volatility | INFO  | Top 3 volatile: SOL/USDT(0.185%), DOGE/USDT(0.185%), ETH/USDT(0.149%)
2026-03-12 20:46:09 | qs.exploit_gate | INFO  | Gate OPEN | type=TRENDING conf=0.33 | H=0.797(TRENDING) S=0.751 AC=0.029(NONE) VR=1.066(NONE) | pass_rate=100.0%
2026-03-12 20:46:09 | qs.graveyard | WARNING | BLOCKED by tombstone | similarity=1.00 | pattern_losses=1 | total_lost=$-11.24
2026-03-12 20:46:09 | qs.scalper   | INFO  | GRAVEYARD blocked SOL/USDT LONG (sim=1.00)
2026-03-12 20:46:09 | qs.exploit_gate | INFO  | Gate OPEN | type=TRENDING conf=0.31 | H=0.807(TRENDING) S=0.808 AC=-0.045(NONE) VR=0.968(NONE) | pass_rate=100.0%
2026-03-12 20:46:09 | qs.exploit_gate | INFO  | Gate OPEN | type=TRENDING conf=0.34 | H=0.796(TRENDING) S=0.735 AC=0.006(NONE) VR=1.084(NONE) | pass_rate=100.0%
2026-03-12 20:46:39 | qs.volatility | INFO  | Top 3 volatile: SOL/USDT(0.185%), DOGE/USDT(0.185%), ETH/USDT(0.149%)
2026-03-12 20:46:42 | qs.exploit_gate | INFO  | Gate OPEN | type=TRENDING conf=0.33 | H=0.797(TRENDING) S=0.755 AC=0.029(NONE) VR=1.056(NONE) | pass_rate=100.0%
2026-03-12 20:46:42 | qs.exploit_gate | INFO  | Gate OPEN | type=TRENDING conf=0.31 | H=0.807(TRENDING) S=0.808 AC=-0.045(NONE) VR=0.966(NONE) | pass_rate=100.0%
2026-03-12 20:46:42 | qs.exploit_gate | INFO  | Gate OPEN | type=TRENDING conf=0.34 | H=0.796(TRENDING) S=0.735 AC=0.005(NONE) VR=1.085(NONE) | pass_rate=100.0%
2026-03-12 20:47:12 | qs.volatility | INFO  | Top 3 volatile: SOL/USDT(0.185%), DOGE/USDT(0.185%), ETH/USDT(0.149%)
2026-03-12 20:47:15 | qs.exploit_gate | INFO  | Gate OPEN | type=TRENDING conf=0.33 | H=0.799(TRENDING) S=0.756 AC=0.036(NONE) VR=1.045(NONE) | pass_rate=100.0%
2026-03-12 20:47:15 | qs.exploit_gate | INFO  | Gate OPEN | type=TRENDING conf=0.31 | H=0.816(TRENDING) S=0.809 AC=-0.025(NONE) VR=0.960(NONE) | pass_rate=100.0%
2026-03-12 20:47:15 | qs.exploit_gate | INFO  | Gate OPEN | type=TRENDING conf=0.34 | H=0.802(TRENDING) S=0.742 AC=0.011(NONE) VR=1.098(NONE) | pass_rate=100.0%
2026-03-12 20:47:15 | qs.graveyard | WARNING | BLOCKED by tombstone | similarity=0.89 | pattern_losses=1 | total_lost=$-11.24
2026-03-12 20:47:15 | qs.scalper   | INFO  | GRAVEYARD blocked ETH/USDT SHORT (sim=0.89)
2026-03-12 20:47:45 | qs.volatility | INFO  | Top 3 volatile: SOL/USDT(0.185%), DOGE/USDT(0.185%), ETH/USDT(0.149%)
2026-03-12 20:47:48 | qs.exploit_gate | INFO  | Gate OPEN | type=TRENDING conf=0.33 | H=0.800(TRENDING) S=0.763 AC=0.008(NONE) VR=1.013(NONE) | pass_rate=100.0%
2026-03-12 20:47:48 | qs.graveyard | WARNING | BLOCKED by tombstone | similarity=0.85 | pattern_losses=1 | total_lost=$-1.38
2026-03-12 20:47:48 | qs.scalper   | INFO  | GRAVEYARD blocked SOL/USDT LONG (sim=0.85)
2026-03-12 20:47:48 | qs.exploit_gate | INFO  | Gate OPEN | type=TRENDING conf=0.31 | H=0.816(TRENDING) S=0.809 AC=-0.034(NONE) VR=0.953(NONE) | pass_rate=100.0%
2026-03-12 20:47:48 | qs.exploit_gate | INFO  | Gate OPEN | type=TRENDING conf=0.34 | H=0.802(TRENDING) S=0.742 AC=0.005(NONE) VR=1.087(NONE) | pass_rate=100.0%
2026-03-12 20:47:48 | qs.graveyard | WARNING | BLOCKED by tombstone | similarity=0.87 | pattern_losses=1 | total_lost=$-1.35
2026-03-12 20:47:48 | qs.scalper   | INFO  | GRAVEYARD blocked ETH/USDT SHORT (sim=0.87)
2026-03-12 20:48:18 | qs.volatility | INFO  | Top 3 volatile: SOL/USDT(0.185%), DOGE/USDT(0.185%), ETH/USDT(0.149%)
2026-03-12 20:48:22 | qs.exploit_gate | INFO  | Gate OPEN | type=TRENDING conf=0.33 | H=0.789(TRENDING) S=0.758 AC=-0.002(NONE) VR=1.022(NONE) | pass_rate=100.0%
2026-03-12 20:48:22 | qs.graveyard | WARNING | BLOCKED by tombstone | similarity=1.00 | pattern_losses=1 | total_lost=$-11.24
2026-03-12 20:48:22 | qs.scalper   | INFO  | GRAVEYARD blocked SOL/USDT LONG (sim=0.99)
2026-03-12 20:48:22 | qs.exploit_gate | INFO  | Gate OPEN | type=TRENDING conf=0.32 | H=0.797(TRENDING) S=0.796 AC=-0.024(NONE) VR=0.956(NONE) | pass_rate=100.0%
2026-03-12 20:48:22 | qs.exploit_gate | INFO  | Gate OPEN | type=TRENDING conf=0.57 | H=0.807(TRENDING) S=0.734 AC=0.004(NONE) VR=1.114(TRENDING) | pass_rate=100.0%
2026-03-12 20:48:22 | qs.graveyard | WARNING | BLOCKED by tombstone | similarity=0.94 | pattern_losses=1 | total_lost=$-11.24
2026-03-12 20:48:22 | qs.scalper   | INFO  | GRAVEYARD blocked ETH/USDT SHORT (sim=0.94)
2026-03-12 20:48:54 | qs.volatility | INFO  | Top 3 volatile: SOL/USDT(0.206%), DOGE/USDT(0.182%), XRP/USDT(0.131%)
2026-03-12 20:48:57 | qs.exploit_gate | INFO  | Gate OPEN | type=TRENDING conf=0.33 | H=0.789(TRENDING) S=0.758 AC=0.006(NONE) VR=1.019(NONE) | pass_rate=100.0%
2026-03-12 20:48:57 | qs.graveyard | WARNING | BLOCKED by tombstone | similarity=0.93 | pattern_losses=1 | total_lost=$-11.24
2026-03-12 20:48:57 | qs.scalper   | INFO  | GRAVEYARD blocked SOL/USDT LONG (sim=0.93)
2026-03-12 20:48:57 | qs.exploit_gate | INFO  | Gate OPEN | type=TRENDING conf=0.31 | H=0.797(TRENDING) S=0.799 AC=-0.023(NONE) VR=0.950(NONE) | pass_rate=100.0%
2026-03-12 20:48:57 | qs.exploit_gate | INFO  | Gate OPEN | type=TRENDING conf=0.33 | H=0.786(TRENDING) S=0.765 AC=-0.048(NONE) VR=0.956(NONE) | pass_rate=100.0%
2026-03-12 21:09:31 | qs.system    | INFO  | Starting Quant Scalper v6 on http://localhost:8000
2026-03-12 21:09:59 | qs.system    | INFO  | Starting bot mode=paper symbols=['BTC/USDT', 'ETH/USDT', 'SOL/USDT', 'BNB/USDT', 'DOGE/USDT', 'XRP/USDT']
2026-03-12 21:10:01 | qs.data      | INFO  | Exchange initialized for BTC/USDT
2026-03-12 21:10:01 | qs.data      | INFO  | Exchange initialized for ETH/USDT
2026-03-12 21:10:01 | qs.data      | INFO  | Exchange initialized for SOL/USDT
2026-03-12 21:10:01 | qs.data      | INFO  | Exchange initialized for BNB/USDT
2026-03-12 21:10:01 | qs.data      | INFO  | Exchange initialized for DOGE/USDT
2026-03-12 21:10:01 | qs.data      | INFO  | Exchange initialized for XRP/USDT
2026-03-12 21:10:01 | qs.graveyard | INFO  | Loaded 7 tombstones from graveyard
2026-03-12 21:10:01 | qs.data      | INFO  | Exchange initialized for BTC/USDT
2026-03-12 21:10:01 | qs.data      | INFO  | Exchange initialized for ETH/USDT
2026-03-12 21:10:01 | qs.data      | INFO  | Exchange initialized for SOL/USDT
2026-03-12 21:10:01 | qs.data      | INFO  | Exchange initialized for BNB/USDT
2026-03-12 21:10:01 | qs.data      | INFO  | Exchange initialized for DOGE/USDT
2026-03-12 21:10:01 | qs.data      | INFO  | Exchange initialized for XRP/USDT
2026-03-12 21:10:04 | qs.ml        | INFO  | Computing features for training...
2026-03-12 21:10:04 | qs.ml        | INFO  | Trained: val_accuracy=51.8% samples=478 top_features=['macd_hist_z', 'bb_width_z', 'hour_cos']
2026-03-12 21:10:25 | qs.volatility | INFO  | Top 3 volatile: SOL/USDT(0.163%), DOGE/USDT(0.163%), XRP/USDT(0.116%)
2026-03-12 21:10:28 | qs.system    | INFO  | Starting bot mode=paper symbols=['BTC/USDT', 'ETH/USDT', 'SOL/USDT', 'BNB/USDT', 'DOGE/USDT', 'XRP/USDT']
2026-03-12 21:10:28 | qs.data      | INFO  | Exchange initialized for BTC/USDT
2026-03-12 21:10:28 | qs.data      | INFO  | Exchange initialized for ETH/USDT
2026-03-12 21:10:28 | qs.data      | INFO  | Exchange initialized for SOL/USDT
2026-03-12 21:10:28 | qs.data      | INFO  | Exchange initialized for BNB/USDT
2026-03-12 21:10:29 | qs.data      | INFO  | Exchange initialized for DOGE/USDT
2026-03-12 21:10:29 | qs.data      | INFO  | Exchange initialized for XRP/USDT
2026-03-12 21:10:29 | qs.graveyard | INFO  | Loaded 7 tombstones from graveyard
2026-03-12 21:10:29 | qs.data      | INFO  | Exchange initialized for BTC/USDT
2026-03-12 21:10:29 | qs.data      | INFO  | Exchange initialized for ETH/USDT
2026-03-12 21:10:29 | qs.data      | INFO  | Exchange initialized for SOL/USDT
2026-03-12 21:10:29 | qs.data      | INFO  | Exchange initialized for BNB/USDT
2026-03-12 21:10:29 | qs.data      | INFO  | Exchange initialized for DOGE/USDT
2026-03-12 21:10:29 | qs.data      | INFO  | Exchange initialized for XRP/USDT
2026-03-12 21:10:32 | qs.ml        | INFO  | Computing features for training...
2026-03-12 21:10:32 | qs.ml        | INFO  | Trained: val_accuracy=47.9% samples=479 top_features=['macd_hist_z', 'atr_norm', 'macd_z']
2026-03-12 21:10:39 | qs.exploit_gate | INFO  | Gate OPEN | type=TRENDING conf=0.33 | H=0.795(TRENDING) S=0.749 AC=-0.001(NONE) VR=0.915(NONE) | pass_rate=100.0%
2026-03-12 21:10:39 | qs.exploit_gate | INFO  | Gate OPEN | type=TRENDING conf=0.30 | H=0.805(TRENDING) S=0.825 AC=-0.030(NONE) VR=0.888(NONE) | pass_rate=100.0%
2026-03-12 21:10:39 | qs.graveyard | WARNING | BLOCKED by tombstone | similarity=0.88 | pattern_losses=1 | total_lost=$-11.24
2026-03-12 21:10:39 | qs.scalper   | INFO  | GRAVEYARD blocked DOGE/USDT LONG (sim=0.88)
2026-03-12 21:10:39 | qs.exploit_gate | INFO  | Gate OPEN | type=TRENDING conf=0.34 | H=0.810(TRENDING) S=0.728 AC=-0.044(NONE) VR=0.848(MEAN_REVERTING) | pass_rate=100.0%
2026-03-12 21:10:52 | qs.volatility | INFO  | Top 3 volatile: DOGE/USDT(0.173%), SOL/USDT(0.167%), ETH/USDT(0.131%)
2026-03-12 21:11:09 | qs.exploit_gate | INFO  | Gate OPEN | type=TRENDING conf=0.30 | H=0.802(TRENDING) S=0.820 AC=-0.031(NONE) VR=0.889(NONE) | pass_rate=100.0%
2026-03-12 21:11:09 | qs.graveyard | WARNING | BLOCKED by tombstone | similarity=0.96 | pattern_losses=1 | total_lost=$-11.24
2026-03-12 21:11:09 | qs.scalper   | INFO  | GRAVEYARD blocked DOGE/USDT LONG (sim=0.96)
2026-03-12 21:11:09 | qs.exploit_gate | INFO  | Gate OPEN | type=TRENDING conf=0.33 | H=0.795(TRENDING) S=0.749 AC=-0.001(NONE) VR=0.913(NONE) | pass_rate=100.0%
2026-03-12 21:11:09 | qs.exploit_gate | INFO  | Gate OPEN | type=TRENDING conf=0.35 | H=0.845(TRENDING) S=0.706 AC=-0.032(NONE) VR=0.871(MEAN_REVERTING) | pass_rate=100.0%
2026-03-12 21:11:09 | qs.graveyard | WARNING | BLOCKED by tombstone | similarity=0.90 | pattern_losses=1 | total_lost=$-1.38
2026-03-12 21:11:09 | qs.scalper   | INFO  | GRAVEYARD blocked ETH/USDT SHORT (sim=0.90)
2026-03-12 21:11:39 | qs.volatility | INFO  | Top 3 volatile: DOGE/USDT(0.173%), SOL/USDT(0.167%), ETH/USDT(0.131%)
2026-03-12 21:11:41 | qs.exploit_gate | INFO  | Gate OPEN | type=TRENDING conf=0.30 | H=0.802(TRENDING) S=0.821 AC=-0.027(NONE) VR=0.884(NONE) | pass_rate=100.0%
2026-03-12 21:11:41 | qs.graveyard | WARNING | BLOCKED by tombstone | similarity=0.92 | pattern_losses=1 | total_lost=$-11.24
2026-03-12 21:11:41 | qs.scalper   | INFO  | GRAVEYARD blocked DOGE/USDT LONG (sim=0.92)
2026-03-12 21:11:41 | qs.exploit_gate | INFO  | Gate OPEN | type=TRENDING conf=0.33 | H=0.790(TRENDING) S=0.748 AC=-0.001(NONE) VR=0.918(NONE) | pass_rate=100.0%
2026-03-12 21:11:41 | qs.exploit_gate | INFO  | Gate OPEN | type=TRENDING conf=0.35 | H=0.831(TRENDING) S=0.704 AC=-0.032(NONE) VR=0.881(NONE) | pass_rate=100.0%
2026-03-12 21:11:41 | qs.graveyard | WARNING | BLOCKED by tombstone | similarity=0.93 | pattern_losses=1 | total_lost=$-11.24
2026-03-12 21:11:41 | qs.scalper   | INFO  | GRAVEYARD blocked ETH/USDT LONG (sim=0.93)
2026-03-12 21:12:11 | qs.volatility | INFO  | Top 3 volatile: DOGE/USDT(0.173%), SOL/USDT(0.167%), ETH/USDT(0.131%)
2026-03-12 21:12:15 | qs.exploit_gate | INFO  | Gate OPEN | type=TRENDING conf=0.30 | H=0.803(TRENDING) S=0.824 AC=-0.029(NONE) VR=0.885(NONE) | pass_rate=100.0%
2026-03-12 21:12:15 | qs.graveyard | WARNING | BLOCKED by tombstone | similarity=0.95 | pattern_losses=1 | total_lost=$-11.24
2026-03-12 21:12:15 | qs.scalper   | INFO  | GRAVEYARD blocked DOGE/USDT LONG (sim=0.95)
2026-03-12 21:12:15 | qs.exploit_gate | INFO  | Gate OPEN | type=TRENDING conf=0.33 | H=0.801(TRENDING) S=0.748 AC=-0.002(NONE) VR=0.916(NONE) | pass_rate=100.0%
2026-03-12 21:12:15 | qs.graveyard | WARNING | BLOCKED by tombstone | similarity=0.94 | pattern_losses=1 | total_lost=$-11.24
2026-03-12 21:12:15 | qs.scalper   | INFO  | GRAVEYARD blocked SOL/USDT SHORT (sim=0.94)
2026-03-12 21:12:15 | qs.exploit_gate | INFO  | Gate OPEN | type=TRENDING conf=0.35 | H=0.841(TRENDING) S=0.706 AC=-0.032(NONE) VR=0.877(MEAN_REVERTING) | pass_rate=100.0%
2026-03-12 21:12:15 | qs.signal    | INFO  | ACCEPT ETH/USDT SHORT grade=C score=0.6 quality=0.647 | {"breakdown": {"technical": 0.674, "ml_confidence": 0.5, "order_flow": 0.818, "volatility": 0.7}}
2026-03-12 21:12:15 | qs.asym_risk | INFO  | SHORT entry=2068.39 | SL=2072.53(0.20%) TP=2064.62 | RR=0.9 EV=1.2546 ✓ +EV
2026-03-12 21:12:15 | qs.risk      | INFO  | Kelly sizing: p=0.63 rr=0.9 kelly_f=-0.0414 risk%=0.0050 quality=0.68 size=$496
2026-03-12 21:12:15 | qs.system    | INFO  | Execution attempt symbol=ETH/USDT signal=SHORT mode=paper size=496.12
2026-03-12 21:12:15 | qs.order     | INFO  | PAPER_FILL ETH/USDT SHORT size=$496.12 price=2067.87 | {"slippage_bps": 2.5, "grade": "C"}
2026-03-12 21:12:15 | qs.system    | INFO  | ENTRY ETH/USDT SHORT q=0.682 gate=TRENDING(0.35) RR=0.9 EV=1.2546 $496
2026-03-12 21:12:45 | qs.volatility | INFO  | Top 3 volatile: DOGE/USDT(0.173%), SOL/USDT(0.167%), ETH/USDT(0.131%)
2026-03-12 21:12:48 | qs.exploit_gate | INFO  | Gate OPEN | type=TRENDING conf=0.30 | H=0.804(TRENDING) S=0.821 AC=-0.028(NONE) VR=0.887(NONE) | pass_rate=100.0%
2026-03-12 21:12:49 | qs.graveyard | WARNING | BLOCKED by tombstone | similarity=0.93 | pattern_losses=1 | total_lost=$-11.24
2026-03-12 21:12:49 | qs.scalper   | INFO  | GRAVEYARD blocked DOGE/USDT LONG (sim=0.93)
2026-03-12 21:12:49 | qs.exploit_gate | INFO  | Gate OPEN | type=TRENDING conf=0.34 | H=0.801(TRENDING) S=0.746 AC=-0.001(NONE) VR=0.918(NONE) | pass_rate=100.0%
2026-03-12 21:12:49 | qs.exploit_gate | INFO  | Gate OPEN | type=TRENDING conf=0.35 | H=0.841(TRENDING) S=0.704 AC=-0.031(NONE) VR=0.877(MEAN_REVERTING) | pass_rate=100.0%
2026-03-12 21:12:49 | qs.graveyard | WARNING | BLOCKED by tombstone | similarity=0.90 | pattern_losses=1 | total_lost=$-11.24
2026-03-12 21:12:49 | qs.scalper   | INFO  | GRAVEYARD blocked ETH/USDT LONG (sim=0.90)
2026-03-12 21:13:19 | qs.volatility | INFO  | Top 3 volatile: DOGE/USDT(0.173%), SOL/USDT(0.167%), ETH/USDT(0.131%)
2026-03-12 21:13:21 | qs.exploit_gate | INFO  | Gate OPEN | type=TRENDING conf=0.30 | H=0.810(TRENDING) S=0.820 AC=-0.027(NONE) VR=0.894(NONE) | pass_rate=100.0%
2026-03-12 21:13:21 | qs.graveyard | WARNING | BLOCKED by tombstone | similarity=0.95 | pattern_losses=1 | total_lost=$-11.24
2026-03-12 21:13:21 | qs.scalper   | INFO  | GRAVEYARD blocked DOGE/USDT LONG (sim=0.95)
2026-03-12 21:13:21 | qs.exploit_gate | INFO  | Gate OPEN | type=TRENDING conf=0.34 | H=0.786(TRENDING) S=0.746 AC=-0.002(NONE) VR=0.925(NONE) | pass_rate=100.0%
2026-03-12 21:13:21 | qs.exploit_gate | INFO  | Gate OPEN | type=TRENDING conf=0.35 | H=0.840(TRENDING) S=0.703 AC=-0.033(NONE) VR=0.880(MEAN_REVERTING) | pass_rate=100.0%
2026-03-12 21:13:21 | qs.graveyard | WARNING | BLOCKED by tombstone | similarity=0.88 | pattern_losses=1 | total_lost=$-1.35
2026-03-12 21:13:21 | qs.scalper   | INFO  | GRAVEYARD blocked ETH/USDT LONG (sim=0.88)
2026-03-12 21:13:54 | qs.volatility | INFO  | Top 3 volatile: SOL/USDT(0.154%), DOGE/USDT(0.161%), ETH/USDT(0.123%)
2026-03-12 21:13:57 | qs.exploit_gate | INFO  | Gate OPEN | type=TRENDING conf=0.34 | H=0.786(TRENDING) S=0.746 AC=-0.002(NONE) VR=0.926(NONE) | pass_rate=100.0%
2026-03-12 21:13:57 | qs.exploit_gate | INFO  | Gate OPEN | type=TRENDING conf=0.30 | H=0.810(TRENDING) S=0.823 AC=-0.026(NONE) VR=0.890(NONE) | pass_rate=100.0%
2026-03-12 21:13:57 | qs.signal    | INFO  | REJECT DOGE/USDT SHORT grade=D score=0.5 quality=0.550 | {"breakdown": {"technical": 0.549, "ml_confidence": 0.5, "order_flow": 0.488, "volatility": 0.7}}
2026-03-12 21:13:57 | qs.exploit_gate | INFO  | Gate OPEN | type=TRENDING conf=0.35 | H=0.840(TRENDING) S=0.703 AC=-0.033(NONE) VR=0.879(MEAN_REVERTING) | pass_rate=100.0%
2026-03-12 21:13:57 | qs.graveyard | WARNING | BLOCKED by tombstone | similarity=0.90 | pattern_losses=1 | total_lost=$-11.24
2026-03-12 21:13:57 | qs.scalper   | INFO  | GRAVEYARD blocked ETH/USDT LONG (sim=0.90)
2026-03-12 21:14:27 | qs.volatility | INFO  | Top 3 volatile: SOL/USDT(0.154%), DOGE/USDT(0.161%), ETH/USDT(0.123%)
2026-03-12 21:14:29 | qs.exploit_gate | INFO  | Gate OPEN | type=TRENDING conf=0.33 | H=0.785(TRENDING) S=0.748 AC=-0.000(NONE) VR=0.895(NONE) | pass_rate=100.0%
2026-03-12 21:14:29 | qs.exploit_gate | INFO  | Gate OPEN | type=TRENDING conf=0.30 | H=0.811(TRENDING) S=0.825 AC=-0.026(NONE) VR=0.880(NONE) | pass_rate=100.0%
2026-03-12 21:14:30 | qs.exploit_gate | INFO  | Gate OPEN | type=TRENDING conf=0.35 | H=0.837(TRENDING) S=0.703 AC=-0.031(NONE) VR=0.824(MEAN_REVERTING) | pass_rate=100.0%
2026-03-12 21:15:00 | qs.volatility | INFO  | Top 3 volatile: SOL/USDT(0.154%), DOGE/USDT(0.161%), ETH/USDT(0.123%)
2026-03-12 21:15:03 | qs.exploit_gate | INFO  | Gate OPEN | type=TRENDING conf=0.33 | H=0.785(TRENDING) S=0.748 AC=-0.000(NONE) VR=0.895(NONE) | pass_rate=100.0%
2026-03-12 21:15:03 | qs.exploit_gate | INFO  | Gate OPEN | type=TRENDING conf=0.30 | H=0.812(TRENDING) S=0.823 AC=-0.028(NONE) VR=0.883(NONE) | pass_rate=100.0%
2026-03-12 21:15:03 | qs.exploit_gate | INFO  | Gate OPEN | type=TRENDING conf=0.35 | H=0.837(TRENDING) S=0.703 AC=-0.031(NONE) VR=0.824(MEAN_REVERTING) | pass_rate=100.0%
2026-03-12 21:15:33 | qs.volatility | INFO  | Top 3 volatile: SOL/USDT(0.154%), DOGE/USDT(0.161%), ETH/USDT(0.123%)
2026-03-12 21:15:35 | qs.exploit_gate | INFO  | Gate OPEN | type=TRENDING conf=0.34 | H=0.792(TRENDING) S=0.744 AC=0.016(NONE) VR=0.882(NONE) | pass_rate=100.0%
2026-03-12 21:15:35 | qs.graveyard | WARNING | BLOCKED by tombstone | similarity=0.89 | pattern_losses=1 | total_lost=$-11.24
2026-03-12 21:15:35 | qs.scalper   | INFO  | GRAVEYARD blocked SOL/USDT SHORT (sim=0.89)
2026-03-12 21:15:35 | qs.exploit_gate | INFO  | Gate OPEN | type=TRENDING conf=0.30 | H=0.805(TRENDING) S=0.820 AC=-0.005(NONE) VR=0.901(NONE) | pass_rate=100.0%
2026-03-12 21:15:35 | qs.exploit_gate | INFO  | Gate OPEN | type=TRENDING conf=0.35 | H=0.847(TRENDING) S=0.701 AC=-0.023(NONE) VR=0.812(MEAN_REVERTING) | pass_rate=100.0%
2026-03-12 21:15:35 | qs.graveyard | WARNING | BLOCKED by tombstone | similarity=0.93 | pattern_losses=1 | total_lost=$-1.35
2026-03-12 21:15:35 | qs.scalper   | INFO  | GRAVEYARD blocked ETH/USDT SHORT (sim=0.93)
2026-03-12 21:16:07 | qs.volatility | INFO  | Top 3 volatile: SOL/USDT(0.154%), DOGE/USDT(0.161%), ETH/USDT(0.123%)
2026-03-12 21:16:09 | qs.exploit_gate | INFO  | Gate OPEN | type=TRENDING conf=0.34 | H=0.788(TRENDING) S=0.736 AC=0.034(NONE) VR=0.881(NONE) | pass_rate=100.0%
2026-03-12 21:16:09 | qs.graveyard | WARNING | BLOCKED by tombstone | similarity=0.93 | pattern_losses=1 | total_lost=$-11.24
2026-03-12 21:16:09 | qs.scalper   | INFO  | GRAVEYARD blocked SOL/USDT SHORT (sim=0.93)
2026-03-12 21:16:09 | qs.exploit_gate | INFO  | Gate OPEN | type=TRENDING conf=0.31 | H=0.800(TRENDING) S=0.812 AC=0.015(NONE) VR=0.924(NONE) | pass_rate=100.0%
2026-03-12 21:16:09 | qs.exploit_gate | INFO  | Gate OPEN | type=TRENDING conf=0.35 | H=0.832(TRENDING) S=0.698 AC=-0.013(NONE) VR=0.811(MEAN_REVERTING) | pass_rate=100.0%
2026-03-12 21:16:09 | qs.graveyard | WARNING | BLOCKED by tombstone | similarity=0.86 | pattern_losses=1 | total_lost=$-1.35
2026-03-12 21:16:09 | qs.scalper   | INFO  | GRAVEYARD blocked ETH/USDT SHORT (sim=0.86)
2026-03-12 21:16:41 | qs.volatility | INFO  | Top 3 volatile: SOL/USDT(0.151%), DOGE/USDT(0.158%), ETH/USDT(0.120%)
2026-03-12 21:16:43 | qs.exploit_gate | INFO  | Gate OPEN | type=TRENDING conf=0.34 | H=0.789(TRENDING) S=0.736 AC=0.036(NONE) VR=0.879(MEAN_REVERTING) | pass_rate=100.0%
2026-03-12 21:16:43 | qs.graveyard | WARNING | BLOCKED by tombstone | similarity=0.90 | pattern_losses=1 | total_lost=$-11.24
2026-03-12 21:16:43 | qs.scalper   | INFO  | GRAVEYARD blocked SOL/USDT SHORT (sim=0.90)
2026-03-12 21:16:43 | qs.exploit_gate | INFO  | Gate OPEN | type=TRENDING conf=0.31 | H=0.800(TRENDING) S=0.815 AC=0.021(NONE) VR=0.922(NONE) | pass_rate=100.0%
2026-03-12 21:16:44 | qs.signal    | INFO  | REJECT DOGE/USDT SHORT grade=D score=0.6 quality=0.588 | {"breakdown": {"technical": 0.674, "ml_confidence": 0.5, "order_flow": 0.521, "volatility": 0.7}}
2026-03-12 21:16:44 | qs.asym_risk | INFO  | SHORT entry=0.09 | SL=0.09(0.39%) TP=0.09 | RR=0.6 EV=0.0000 ✓ +EV
2026-03-12 21:16:44 | qs.risk      | INFO  | Kelly sizing: p=0.63 rr=0.6 kelly_f=-0.0414 risk%=0.0050 quality=0.62 size=$254
2026-03-12 21:16:44 | qs.system    | INFO  | LOSS CAP: Reduced $254 → $84 (SL 4.70% × $254 = $11.93 > max $3.97)
2026-03-12 21:16:44 | qs.system    | INFO  | Execution attempt symbol=DOGE/USDT signal=SHORT mode=paper size=84.42
2026-03-12 21:16:44 | qs.order     | INFO  | PAPER_FILL DOGE/USDT SHORT size=$84.42 price=0.09 | {"slippage_bps": 2.5, "grade": "C"}
2026-03-12 21:16:44 | qs.system    | INFO  | ENTRY DOGE/USDT SHORT q=0.618 gate=TRENDING(0.31) RR=0.6 EV=0.0000 $84
2026-03-12 21:17:14 | qs.volatility | INFO  | Top 3 volatile: SOL/USDT(0.151%), DOGE/USDT(0.158%), ETH/USDT(0.120%)
2026-03-12 21:17:16 | qs.exploit_gate | INFO  | Gate OPEN | type=TRENDING conf=0.57 | H=0.785(TRENDING) S=0.731 AC=0.080(TRENDING) VR=0.876(MEAN_REVERTING) | pass_rate=100.0%
2026-03-12 21:17:16 | qs.math_engine | INFO  | O-U SIGNAL: LONG | θ=0.4410 μ=86.75 half_life=1.6 z=-1.87 vpin=0.206
2026-03-12 21:17:16 | qs.graveyard | WARNING | BLOCKED by tombstone | similarity=0.90 | pattern_losses=1 | total_lost=$-11.24
2026-03-12 21:17:16 | qs.scalper   | INFO  | GRAVEYARD blocked SOL/USDT LONG (sim=0.90)
2026-03-12 21:17:16 | qs.exploit_gate | INFO  | Gate OPEN | type=TRENDING conf=0.54 | H=0.809(TRENDING) S=0.812 AC=0.070(TRENDING) VR=0.950(NONE) | pass_rate=100.0%
2026-03-12 21:17:17 | qs.signal    | INFO  | REJECT DOGE/USDT SHORT grade=D score=0.6 quality=0.569 | {"breakdown": {"technical": 0.549, "ml_confidence": 0.5, "order_flow": 0.581, "volatility": 0.7}}
2026-03-12 21:17:17 | qs.asym_risk | INFO  | NEGATIVE EV: -0.0000 — trade blocked (p=0.62 RR=0.5)
2026-03-12 21:17:17 | qs.asym_risk | INFO  | SHORT entry=0.09 | SL=0.09(0.43%) TP=0.09 | RR=0.5 EV=-0.0000 ✗ -EV BLOCKED
2026-03-12 21:17:17 | qs.scalper   | INFO  | NEGATIVE EV blocked DOGE/USDT SHORT (EV=-0.0000)
2026-03-12 21:17:17 | qs.exploit_gate | INFO  | Gate OPEN | type=TRENDING conf=0.35 | H=0.834(TRENDING) S=0.696 AC=0.018(NONE) VR=0.806(MEAN_REVERTING) | pass_rate=100.0%
2026-03-12 21:17:17 | qs.graveyard | WARNING | BLOCKED by tombstone | similarity=0.89 | pattern_losses=1 | total_lost=$-1.35
2026-03-12 21:17:17 | qs.scalper   | INFO  | GRAVEYARD blocked ETH/USDT SHORT (sim=0.89)
2026-03-12 21:17:47 | qs.volatility | INFO  | Top 3 volatile: SOL/USDT(0.151%), DOGE/USDT(0.158%), ETH/USDT(0.120%)
2026-03-12 21:17:51 | qs.exploit_gate | INFO  | Gate OPEN | type=TRENDING conf=0.57 | H=0.785(TRENDING) S=0.731 AC=0.078(TRENDING) VR=0.877(MEAN_REVERTING) | pass_rate=100.0%
2026-03-12 21:17:51 | qs.graveyard | WARNING | BLOCKED by tombstone | similarity=0.88 | pattern_losses=1 | total_lost=$-11.24
2026-03-12 21:17:51 | qs.scalper   | INFO  | GRAVEYARD blocked SOL/USDT SHORT (sim=0.88)
2026-03-12 21:17:51 | qs.exploit_gate | INFO  | Gate OPEN | type=TRENDING conf=0.54 | H=0.808(TRENDING) S=0.812 AC=0.070(TRENDING) VR=0.950(NONE) | pass_rate=100.0%
2026-03-12 21:17:51 | qs.signal    | INFO  | REJECT DOGE/USDT SHORT grade=D score=0.6 quality=0.590 | {"breakdown": {"technical": 0.674, "ml_confidence": 0.5, "order_flow": 0.53, "volatility": 0.7}}
2026-03-12 21:17:51 | qs.asym_risk | INFO  | NEGATIVE EV: -0.0000 — trade blocked (p=0.64 RR=0.5)
2026-03-12 21:17:51 | qs.asym_risk | INFO  | SHORT entry=0.09 | SL=0.09(0.42%) TP=0.09 | RR=0.5 EV=-0.0000 ✗ -EV BLOCKED
2026-03-12 21:17:51 | qs.scalper   | INFO  | NEGATIVE EV blocked DOGE/USDT SHORT (EV=-0.0000)
2026-03-12 21:17:51 | qs.exploit_gate | INFO  | Gate OPEN | type=TRENDING conf=0.35 | H=0.834(TRENDING) S=0.696 AC=0.018(NONE) VR=0.805(MEAN_REVERTING) | pass_rate=100.0%
2026-03-12 21:17:52 | qs.signal    | INFO  | REJECT ETH/USDT SHORT grade=D score=0.5 quality=0.507 | {"breakdown": {"technical": 0.549, "ml_confidence": 0.5, "order_flow": 0.275, "volatility": 0.7}}
2026-03-12 21:18:22 | qs.volatility | INFO  | Top 3 volatile: SOL/USDT(0.151%), DOGE/USDT(0.158%), ETH/USDT(0.120%)
2026-03-12 21:18:25 | qs.exploit_gate | INFO  | Gate OPEN | type=TRENDING conf=0.56 | H=0.774(TRENDING) S=0.759 AC=0.117(TRENDING) VR=1.025(NONE) | pass_rate=100.0%
2026-03-12 21:18:25 | qs.graveyard | WARNING | BLOCKED by tombstone | similarity=0.90 | pattern_losses=1 | total_lost=$-11.24
2026-03-12 21:18:25 | qs.scalper   | INFO  | GRAVEYARD blocked SOL/USDT SHORT (sim=0.90)
2026-03-12 21:18:25 | qs.exploit_gate | INFO  | Gate OPEN | type=TRENDING conf=0.53 | H=0.815(TRENDING) S=0.837 AC=0.154(TRENDING) VR=1.078(NONE) | pass_rate=100.0%
2026-03-12 21:18:25 | qs.math_engine | INFO  | O-U SIGNAL: LONG | θ=0.3117 μ=0.09 half_life=2.2 z=-1.81 vpin=0.278
2026-03-12 21:18:25 | qs.graveyard | WARNING | BLOCKED by tombstone | similarity=0.86 | pattern_losses=1 | total_lost=$-11.24
2026-03-12 21:18:25 | qs.scalper   | INFO  | GRAVEYARD blocked DOGE/USDT LONG (sim=0.86)
2026-03-12 21:18:25 | qs.exploit_gate | INFO  | Gate OPEN | type=TRENDING conf=0.51 | H=0.833(TRENDING) S=0.883 AC=0.159(TRENDING) VR=1.031(NONE) | pass_rate=100.0%
2026-03-12 21:18:25 | qs.graveyard | WARNING | BLOCKED by tombstone | similarity=0.89 | pattern_losses=1 | total_lost=$-11.24
2026-03-12 21:18:25 | qs.scalper   | INFO  | GRAVEYARD blocked ETH/USDT SHORT (sim=0.89)
2026-03-12 21:18:55 | qs.volatility | INFO  | Top 3 volatile: SOL/USDT(0.151%), DOGE/USDT(0.158%), ETH/USDT(0.120%)
2026-03-12 21:18:57 | qs.exploit_gate | INFO  | Gate OPEN | type=TRENDING conf=0.56 | H=0.774(TRENDING) S=0.758 AC=0.118(TRENDING) VR=1.026(NONE) | pass_rate=100.0%
2026-03-12 21:18:58 | qs.signal    | INFO  | REJECT SOL/USDT SHORT grade=D score=0.6 quality=0.558 | {"breakdown": {"technical": 0.549, "ml_confidence": 0.5, "order_flow": 0.529, "volatility": 0.7}}
2026-03-12 21:18:58 | qs.asym_risk | INFO  | SHORT entry=86.56 | SL=86.88(0.37%) TP=86.23 | RR=1.0 EV=0.0796 ✓ +EV
2026-03-12 21:18:58 | qs.risk      | INFO  | Kelly sizing: p=0.65 rr=1.0 kelly_f=-0.0460 risk%=0.0050 quality=0.61 size=$272
2026-03-12 21:18:58 | qs.system    | INFO  | Execution attempt symbol=SOL/USDT signal=SHORT mode=paper size=272.26
2026-03-12 21:18:58 | qs.order     | INFO  | PAPER_FILL SOL/USDT SHORT size=$272.26 price=86.54 | {"slippage_bps": 2.5, "grade": "C"}
2026-03-12 21:18:58 | qs.system    | INFO  | ENTRY SOL/USDT SHORT q=0.614 gate=TRENDING(0.56) RR=1.0 EV=0.0796 $272
2026-03-12 21:19:29 | qs.volatility | INFO  | Top 3 volatile: ETH/USDT(0.125%), DOGE/USDT(0.157%), SOL/USDT(0.150%)
2026-03-12 21:19:32 | qs.exploit_gate | INFO  | Gate OPEN | type=TRENDING conf=0.51 | H=0.835(TRENDING) S=0.881 AC=0.158(TRENDING) VR=1.070(NONE) | pass_rate=100.0%
2026-03-12 21:19:32 | qs.math_engine | INFO  | O-U SIGNAL: LONG | θ=0.3669 μ=2068.20 half_life=1.9 z=-2.24 vpin=0.537
2026-03-12 21:19:32 | qs.graveyard | WARNING | BLOCKED by tombstone | similarity=0.88 | pattern_losses=1 | total_lost=$-1.35
2026-03-12 21:19:32 | qs.scalper   | INFO  | GRAVEYARD blocked ETH/USDT LONG (sim=0.88)
2026-03-12 21:19:32 | qs.exploit_gate | INFO  | Gate OPEN | type=TRENDING conf=0.77 | H=0.814(TRENDING) S=0.826 AC=0.136(TRENDING) VR=1.120(TRENDING) | pass_rate=100.0%
2026-03-12 21:19:32 | qs.math_engine | INFO  | O-U SIGNAL: LONG | θ=0.2133 μ=0.09 half_life=3.2 z=-1.98 vpin=0.564
2026-03-12 21:19:32 | qs.signal    | INFO  | REJECT DOGE/USDT LONG grade=D score=0.6 quality=0.598 | {"breakdown": {"technical": 0.799, "ml_confidence": 0.5, "order_flow": 0.414, "volatility": 0.7}}
2026-03-12 21:19:32 | qs.asym_risk | INFO  | LONG entry=0.09 | SL=0.09(0.20%) TP=0.09 | RR=2.0 EV=0.0002 ✓ +EV
2026-03-12 21:19:32 | qs.risk      | INFO  | Kelly sizing: p=0.67 rr=2.0 kelly_f=-0.0149 risk%=0.0050 quality=0.67 size=$499
2026-03-12 21:19:32 | qs.system    | INFO  | LOSS CAP: Reduced $499 → $88 (SL 4.51% × $499 = $22.52 > max $3.99)
2026-03-12 21:19:32 | qs.system    | INFO  | Execution attempt symbol=DOGE/USDT signal=LONG mode=paper size=88.48
2026-03-12 21:19:32 | qs.order     | INFO  | PAPER_FILL DOGE/USDT LONG size=$88.48 price=0.09 | {"slippage_bps": 2.5, "grade": "C"}
2026-03-12 21:19:32 | qs.system    | INFO  | ENTRY DOGE/USDT LONG q=0.674 gate=TRENDING(0.77) RR=2.0 EV=0.0002 $88
2026-03-12 21:20:02 | qs.volatility | INFO  | Top 3 volatile: ETH/USDT(0.125%), DOGE/USDT(0.157%), SOL/USDT(0.150%)
2026-03-12 21:20:04 | qs.graveyard | INFO  | New tombstone buried | loss=$-0.05 | total=8
2026-03-12 21:20:04 | qs.exploit_gate | INFO  | Gate OPEN | type=TRENDING conf=0.51 | H=0.835(TRENDING) S=0.883 AC=0.162(TRENDING) VR=1.041(NONE) | pass_rate=100.0%
2026-03-12 21:20:04 | qs.math_engine | INFO  | O-U SIGNAL: LONG | θ=0.2794 μ=2067.67 half_life=2.5 z=-2.66 vpin=0.468
2026-03-12 21:20:04 | qs.signal    | INFO  | REJECT ETH/USDT LONG grade=D score=0.5 quality=0.506 | {"breakdown": {"technical": 0.549, "ml_confidence": 0.5, "order_flow": 0.267, "volatility": 0.7}}
2026-03-12 21:20:04 | qs.exploit_gate | INFO  | Gate OPEN | type=TRENDING conf=0.77 | H=0.813(TRENDING) S=0.826 AC=0.136(TRENDING) VR=1.117(TRENDING) | pass_rate=100.0%
2026-03-12 21:20:04 | qs.math_engine | INFO  | O-U SIGNAL: LONG | θ=0.1969 μ=0.09 half_life=3.5 z=-2.02 vpin=0.564
2026-03-12 21:20:04 | qs.graveyard | WARNING | BLOCKED by tombstone | similarity=0.86 | pattern_losses=1 | total_lost=$-0.05
2026-03-12 21:20:04 | qs.scalper   | INFO  | GRAVEYARD blocked DOGE/USDT LONG (sim=0.86)
2026-03-12 21:20:04 | qs.exploit_gate | INFO  | Gate OPEN | type=TRENDING conf=0.56 | H=0.775(TRENDING) S=0.766 AC=0.118(TRENDING) VR=1.027(NONE) | pass_rate=100.0%
2026-03-12 21:20:04 | qs.math_engine | INFO  | O-U SIGNAL: LONG | θ=0.2663 μ=86.71 half_life=2.6 z=-2.17 vpin=0.163
2026-03-12 21:20:04 | qs.graveyard | WARNING | BLOCKED by tombstone | similarity=1.01 | pattern_losses=1 | total_lost=$-0.05
2026-03-12 21:20:04 | qs.scalper   | INFO  | GRAVEYARD blocked SOL/USDT LONG (sim=1.01)
2026-03-12 21:20:16 | qs.system    | INFO  | Starting bot mode=paper symbols=['BTC/USDT', 'ETH/USDT', 'SOL/USDT', 'BNB/USDT', 'DOGE/USDT', 'XRP/USDT']
2026-03-12 21:20:16 | qs.data      | INFO  | Exchange initialized for BTC/USDT
2026-03-12 21:20:16 | qs.data      | INFO  | Exchange initialized for ETH/USDT
2026-03-12 21:20:16 | qs.data      | INFO  | Exchange initialized for SOL/USDT
2026-03-12 21:20:16 | qs.data      | INFO  | Exchange initialized for BNB/USDT
2026-03-12 21:20:16 | qs.data      | INFO  | Exchange initialized for DOGE/USDT
2026-03-12 21:20:16 | qs.data      | INFO  | Exchange initialized for XRP/USDT
2026-03-12 21:20:16 | qs.graveyard | INFO  | Loaded 8 tombstones from graveyard
2026-03-12 21:20:16 | qs.data      | INFO  | Exchange initialized for BTC/USDT
2026-03-12 21:20:16 | qs.data      | INFO  | Exchange initialized for ETH/USDT
2026-03-12 21:20:16 | qs.data      | INFO  | Exchange initialized for SOL/USDT
2026-03-12 21:20:16 | qs.data      | INFO  | Exchange initialized for BNB/USDT
2026-03-12 21:20:16 | qs.data      | INFO  | Exchange initialized for DOGE/USDT
2026-03-12 21:20:16 | qs.data      | INFO  | Exchange initialized for XRP/USDT
2026-03-12 21:20:19 | qs.ml        | INFO  | Computing features for training...
2026-03-12 21:20:20 | qs.ml        | INFO  | Trained: val_accuracy=51.7% samples=481 top_features=['macd_z', 'macd_hist_z', 'atr_norm']
2026-03-12 21:20:37 | qs.volatility | INFO  | Top 3 volatile: DOGE/USDT(0.168%), ETH/USDT(0.140%), SOL/USDT(0.160%)
2026-03-12 21:20:54 | qs.exploit_gate | INFO  | Gate OPEN | type=TRENDING conf=0.77 | H=0.822(TRENDING) S=0.825 AC=0.154(TRENDING) VR=1.135(TRENDING) | pass_rate=100.0%
2026-03-12 21:20:54 | qs.graveyard | WARNING | BLOCKED by tombstone | similarity=0.88 | pattern_losses=1 | total_lost=$-1.38
2026-03-12 21:20:54 | qs.scalper   | INFO  | GRAVEYARD blocked DOGE/USDT SHORT (sim=0.88)
2026-03-12 21:20:54 | qs.exploit_gate | INFO  | Gate OPEN | type=TRENDING conf=0.51 | H=0.842(TRENDING) S=0.881 AC=0.174(TRENDING) VR=1.061(NONE) | pass_rate=100.0%
2026-03-12 21:20:54 | qs.signal    | INFO  | ACCEPT ETH/USDT SHORT grade=C score=0.7 quality=0.702 | {"breakdown": {"technical": 0.799, "ml_confidence": 0.5, "order_flow": 0.938, "volatility": 0.7}}
2026-03-12 21:20:54 | qs.asym_risk | INFO  | SHORT entry=2059.91 | SL=2072.35(0.60%) TP=2052.70 | RR=0.6 EV=2.3708 ✓ +EV
2026-03-12 21:20:54 | qs.risk      | INFO  | Kelly sizing: p=0.64 rr=0.6 kelly_f=-0.0183 risk%=0.0050 quality=0.75 size=$165
2026-03-12 21:20:54 | qs.system    | INFO  | Execution attempt symbol=ETH/USDT signal=SHORT mode=paper size=165.16
2026-03-12 21:20:54 | qs.order     | INFO  | PAPER_FILL ETH/USDT SHORT size=$165.16 price=2059.40 | {"slippage_bps": 2.5, "grade": "B"}
2026-03-12 21:20:54 | qs.system    | INFO  | ENTRY ETH/USDT SHORT q=0.754 gate=TRENDING(0.51) RR=0.6 EV=2.3708 $165
2026-03-12 21:21:24 | qs.volatility | INFO  | Top 3 volatile: DOGE/USDT(0.168%), ETH/USDT(0.140%), SOL/USDT(0.160%)
2026-03-12 21:21:27 | qs.exploit_gate | INFO  | Gate OPEN | type=TRENDING conf=0.78 | H=0.816(TRENDING) S=0.814 AC=0.157(TRENDING) VR=1.176(TRENDING) | pass_rate=100.0%
2026-03-12 21:21:27 | qs.graveyard | WARNING | BLOCKED by tombstone | similarity=0.92 | pattern_losses=1 | total_lost=$-0.05
2026-03-12 21:21:27 | qs.scalper   | INFO  | GRAVEYARD blocked DOGE/USDT SHORT (sim=0.92)
2026-03-12 21:21:27 | qs.exploit_gate | INFO  | Gate OPEN | type=TRENDING conf=0.51 | H=0.854(TRENDING) S=0.882 AC=0.169(TRENDING) VR=1.056(NONE) | pass_rate=100.0%
2026-03-12 21:21:27 | qs.graveyard | WARNING | BLOCKED by tombstone | similarity=0.92 | pattern_losses=1 | total_lost=$-0.05
2026-03-12 21:21:27 | qs.scalper   | INFO  | GRAVEYARD blocked ETH/USDT SHORT (sim=0.92)
2026-03-12 21:21:27 | qs.exploit_gate | INFO  | Gate OPEN | type=TRENDING conf=0.56 | H=0.789(TRENDING) S=0.764 AC=0.118(TRENDING) VR=1.031(NONE) | pass_rate=100.0%
2026-03-12 21:21:27 | qs.graveyard | WARNING | BLOCKED by tombstone | similarity=0.94 | pattern_losses=1 | total_lost=$-0.05
2026-03-12 21:21:27 | qs.scalper   | INFO  | GRAVEYARD blocked SOL/USDT SHORT (sim=0.94)
2026-03-12 21:21:57 | qs.volatility | INFO  | Top 3 volatile: DOGE/USDT(0.168%), ETH/USDT(0.140%), SOL/USDT(0.160%)
2026-03-12 21:21:59 | qs.exploit_gate | INFO  | Gate OPEN | type=TRENDING conf=0.78 | H=0.816(TRENDING) S=0.813 AC=0.146(TRENDING) VR=1.178(TRENDING) | pass_rate=100.0%
2026-03-12 21:21:59 | qs.graveyard | WARNING | BLOCKED by tombstone | similarity=0.99 | pattern_losses=1 | total_lost=$-0.05
2026-03-12 21:21:59 | qs.scalper   | INFO  | GRAVEYARD blocked DOGE/USDT SHORT (sim=0.99)
2026-03-12 21:21:59 | qs.exploit_gate | INFO  | Gate OPEN | type=TRENDING conf=0.52 | H=0.854(TRENDING) S=0.880 AC=0.167(TRENDING) VR=1.072(NONE) | pass_rate=100.0%
2026-03-12 21:21:59 | qs.graveyard | WARNING | BLOCKED by tombstone | similarity=0.99 | pattern_losses=1 | total_lost=$-0.05
2026-03-12 21:21:59 | qs.scalper   | INFO  | GRAVEYARD blocked ETH/USDT SHORT (sim=0.99)
2026-03-12 21:21:59 | qs.exploit_gate | INFO  | Gate OPEN | type=TRENDING conf=0.56 | H=0.789(TRENDING) S=0.764 AC=0.109(TRENDING) VR=1.033(NONE) | pass_rate=100.0%
2026-03-12 21:21:59 | qs.graveyard | WARNING | BLOCKED by tombstone | similarity=1.03 | pattern_losses=1 | total_lost=$-0.05
2026-03-12 21:21:59 | qs.scalper   | INFO  | GRAVEYARD blocked SOL/USDT SHORT (sim=1.03)
2026-03-12 21:22:29 | qs.volatility | INFO  | Top 3 volatile: DOGE/USDT(0.168%), ETH/USDT(0.140%), SOL/USDT(0.160%)
2026-03-12 21:22:32 | qs.exploit_gate | INFO  | Gate OPEN | type=TRENDING conf=0.77 | H=0.808(TRENDING) S=0.815 AC=0.144(TRENDING) VR=1.167(TRENDING) | pass_rate=100.0%
2026-03-12 21:22:32 | qs.graveyard | WARNING | BLOCKED by tombstone | similarity=1.02 | pattern_losses=1 | total_lost=$-0.05
2026-03-12 21:22:32 | qs.scalper   | INFO  | GRAVEYARD blocked DOGE/USDT SHORT (sim=1.02)
2026-03-12 21:22:32 | qs.exploit_gate | INFO  | Gate OPEN | type=TRENDING conf=0.52 | H=0.842(TRENDING) S=0.878 AC=0.165(TRENDING) VR=1.065(NONE) | pass_rate=100.0%
2026-03-12 21:22:32 | qs.graveyard | WARNING | BLOCKED by tombstone | similarity=0.87 | pattern_losses=1 | total_lost=$-11.24
2026-03-12 21:22:32 | qs.scalper   | INFO  | GRAVEYARD blocked ETH/USDT SHORT (sim=0.87)
2026-03-12 21:22:32 | qs.exploit_gate | INFO  | Gate OPEN | type=TRENDING conf=0.56 | H=0.797(TRENDING) S=0.764 AC=0.104(TRENDING) VR=1.027(NONE) | pass_rate=100.0%
2026-03-12 21:22:32 | qs.graveyard | WARNING | BLOCKED by tombstone | similarity=0.91 | pattern_losses=1 | total_lost=$-11.24
2026-03-12 21:22:32 | qs.scalper   | INFO  | GRAVEYARD blocked SOL/USDT SHORT (sim=0.91)
2026-03-12 21:23:02 | qs.volatility | INFO  | Top 3 volatile: DOGE/USDT(0.168%), ETH/USDT(0.140%), SOL/USDT(0.160%)
2026-03-12 21:23:04 | qs.exploit_gate | INFO  | Gate OPEN | type=TRENDING conf=0.77 | H=0.835(TRENDING) S=0.821 AC=0.151(TRENDING) VR=1.135(TRENDING) | pass_rate=100.0%
2026-03-12 21:23:04 | qs.exploit_gate | INFO  | Gate OPEN | type=TRENDING conf=0.52 | H=0.841(TRENDING) S=0.868 AC=0.181(TRENDING) VR=0.989(NONE) | pass_rate=100.0%
2026-03-12 21:23:05 | qs.exploit_gate | INFO  | Gate OPEN | type=TRENDING conf=0.56 | H=0.797(TRENDING) S=0.773 AC=0.095(TRENDING) VR=0.991(NONE) | pass_rate=100.0%
2026-03-12 21:23:38 | qs.volatility | INFO  | Top 3 volatile: DOGE/USDT(0.179%), ETH/USDT(0.149%), SOL/USDT(0.173%)
2026-03-12 21:23:43 | qs.exploit_gate | INFO  | Gate OPEN | type=TRENDING conf=0.77 | H=0.835(TRENDING) S=0.820 AC=0.143(TRENDING) VR=1.132(TRENDING) | pass_rate=100.0%
2026-03-12 21:23:43 | qs.exploit_gate | INFO  | Gate OPEN | type=TRENDING conf=0.52 | H=0.840(TRENDING) S=0.868 AC=0.171(TRENDING) VR=0.990(NONE) | pass_rate=100.0%
2026-03-12 21:23:43 | qs.exploit_gate | INFO  | Gate OPEN | type=TRENDING conf=0.56 | H=0.798(TRENDING) S=0.772 AC=0.106(TRENDING) VR=0.995(NONE) | pass_rate=100.0%
2026-03-12 21:24:13 | qs.volatility | INFO  | Top 3 volatile: DOGE/USDT(0.179%), ETH/USDT(0.149%), SOL/USDT(0.173%)
2026-03-12 21:24:14 | qs.exploit_gate | INFO  | Gate OPEN | type=TRENDING conf=0.77 | H=0.819(TRENDING) S=0.821 AC=0.177(TRENDING) VR=1.158(TRENDING) | pass_rate=100.0%
2026-03-12 21:24:14 | qs.graveyard | WARNING | BLOCKED by tombstone | similarity=0.95 | pattern_losses=1 | total_lost=$-11.24
2026-03-12 21:24:14 | qs.scalper   | INFO  | GRAVEYARD blocked DOGE/USDT SHORT (sim=0.95)
2026-03-12 21:24:14 | qs.exploit_gate | INFO  | Gate OPEN | type=TRENDING conf=0.52 | H=0.845(TRENDING) S=0.863 AC=0.218(TRENDING) VR=1.018(NONE) | pass_rate=100.0%
2026-03-12 21:24:14 | qs.graveyard | WARNING | BLOCKED by tombstone | similarity=0.86 | pattern_losses=1 | total_lost=$-11.24
2026-03-12 21:24:14 | qs.scalper   | INFO  | GRAVEYARD blocked ETH/USDT SHORT (sim=0.86)
2026-03-12 21:24:14 | qs.exploit_gate | INFO  | Gate OPEN | type=TRENDING conf=0.56 | H=0.799(TRENDING) S=0.769 AC=0.133(TRENDING) VR=1.027(NONE) | pass_rate=100.0%
2026-03-12 21:24:44 | qs.volatility | INFO  | Top 3 volatile: DOGE/USDT(0.179%), ETH/USDT(0.149%), SOL/USDT(0.173%)
2026-03-12 21:24:47 | qs.exploit_gate | INFO  | Gate OPEN | type=TRENDING conf=0.77 | H=0.819(TRENDING) S=0.821 AC=0.177(TRENDING) VR=1.153(TRENDING) | pass_rate=100.0%
2026-03-12 21:24:47 | qs.graveyard | WARNING | BLOCKED by tombstone | similarity=0.97 | pattern_losses=1 | total_lost=$-0.05
2026-03-12 21:24:47 | qs.scalper   | INFO  | GRAVEYARD blocked DOGE/USDT SHORT (sim=0.97)
2026-03-12 21:24:47 | qs.exploit_gate | INFO  | Gate OPEN | type=TRENDING conf=0.52 | H=0.845(TRENDING) S=0.861 AC=0.220(TRENDING) VR=1.028(NONE) | pass_rate=100.0%
2026-03-12 21:24:47 | qs.exploit_gate | INFO  | Gate OPEN | type=TRENDING conf=0.56 | H=0.799(TRENDING) S=0.770 AC=0.129(TRENDING) VR=1.014(NONE) | pass_rate=100.0%
2026-03-12 21:25:17 | qs.volatility | INFO  | Top 3 volatile: DOGE/USDT(0.179%), ETH/USDT(0.149%), SOL/USDT(0.173%)
2026-03-12 21:25:19 | qs.exploit_gate | INFO  | Gate OPEN | type=TRENDING conf=0.78 | H=0.847(TRENDING) S=0.809 AC=0.175(TRENDING) VR=1.193(TRENDING) | pass_rate=100.0%
2026-03-12 21:25:19 | qs.exploit_gate | INFO  | Gate OPEN | type=TRENDING conf=0.76 | H=0.846(TRENDING) S=0.849 AC=0.212(TRENDING) VR=1.110(TRENDING) | pass_rate=100.0%
2026-03-12 21:25:19 | qs.exploit_gate | INFO  | Gate OPEN | type=TRENDING conf=0.56 | H=0.813(TRENDING) S=0.763 AC=0.126(TRENDING) VR=1.047(NONE) | pass_rate=100.0%
2026-03-12 21:25:51 | qs.volatility | INFO  | Top 3 volatile: DOGE/USDT(0.179%), ETH/USDT(0.149%), SOL/USDT(0.173%)
2026-03-12 21:25:53 | qs.exploit_gate | INFO  | Gate OPEN | type=TRENDING conf=0.78 | H=0.847(TRENDING) S=0.809 AC=0.178(TRENDING) VR=1.193(TRENDING) | pass_rate=100.0%
2026-03-12 21:25:53 | qs.graveyard | WARNING | BLOCKED by tombstone | similarity=0.92 | pattern_losses=1 | total_lost=$-0.05
2026-03-12 21:25:53 | qs.scalper   | INFO  | GRAVEYARD blocked DOGE/USDT SHORT (sim=0.92)
2026-03-12 21:25:53 | qs.exploit_gate | INFO  | Gate OPEN | type=TRENDING conf=0.76 | H=0.846(TRENDING) S=0.850 AC=0.213(TRENDING) VR=1.108(TRENDING) | pass_rate=100.0%
2026-03-12 21:25:53 | qs.graveyard | WARNING | BLOCKED by tombstone | similarity=0.92 | pattern_losses=1 | total_lost=$-0.05
2026-03-12 21:25:53 | qs.scalper   | INFO  | GRAVEYARD blocked ETH/USDT SHORT (sim=0.92)
2026-03-12 21:25:53 | qs.exploit_gate | INFO  | Gate OPEN | type=TRENDING conf=0.56 | H=0.813(TRENDING) S=0.763 AC=0.126(TRENDING) VR=1.047(NONE) | pass_rate=100.0%
2026-03-12 21:26:26 | qs.volatility | INFO  | Top 3 volatile: DOGE/USDT(0.171%), ETH/USDT(0.140%), SOL/USDT(0.162%)
2026-03-12 21:26:29 | qs.exploit_gate | INFO  | Gate OPEN | type=TRENDING conf=0.78 | H=0.832(TRENDING) S=0.810 AC=0.181(TRENDING) VR=1.196(TRENDING) | pass_rate=100.0%
2026-03-12 21:26:29 | qs.exploit_gate | INFO  | Gate OPEN | type=TRENDING conf=0.76 | H=0.845(TRENDING) S=0.845 AC=0.228(TRENDING) VR=1.129(TRENDING) | pass_rate=100.0%
2026-03-12 21:26:29 | qs.exploit_gate | INFO  | Gate OPEN | type=TRENDING conf=0.56 | H=0.808(TRENDING) S=0.762 AC=0.131(TRENDING) VR=1.053(NONE) | pass_rate=100.0%
2026-03-12 21:26:59 | qs.volatility | INFO  | Top 3 volatile: DOGE/USDT(0.171%), ETH/USDT(0.140%), SOL/USDT(0.162%)
2026-03-12 21:27:02 | qs.exploit_gate | INFO  | Gate OPEN | type=TRENDING conf=0.78 | H=0.833(TRENDING) S=0.809 AC=0.181(TRENDING) VR=1.192(TRENDING) | pass_rate=100.0%
2026-03-12 21:27:02 | qs.graveyard | WARNING | BLOCKED by tombstone | similarity=0.89 | pattern_losses=1 | total_lost=$-0.05
2026-03-12 21:27:02 | qs.scalper   | INFO  | GRAVEYARD blocked DOGE/USDT SHORT (sim=0.89)
2026-03-12 21:27:02 | qs.exploit_gate | INFO  | Gate OPEN | type=TRENDING conf=0.76 | H=0.845(TRENDING) S=0.844 AC=0.229(TRENDING) VR=1.128(TRENDING) | pass_rate=100.0%
2026-03-12 21:27:02 | qs.exploit_gate | INFO  | Gate OPEN | type=TRENDING conf=0.56 | H=0.805(TRENDING) S=0.758 AC=0.135(TRENDING) VR=1.069(NONE) | pass_rate=100.0%
2026-03-12 21:27:32 | qs.volatility | INFO  | Top 3 volatile: DOGE/USDT(0.171%), ETH/USDT(0.140%), SOL/USDT(0.162%)
2026-03-12 21:27:35 | qs.exploit_gate | INFO  | Gate OPEN | type=TRENDING conf=0.78 | H=0.840(TRENDING) S=0.807 AC=0.179(TRENDING) VR=1.209(TRENDING) | pass_rate=100.0%
2026-03-12 21:27:35 | qs.exploit_gate | INFO  | Gate OPEN | type=TRENDING conf=0.77 | H=0.843(TRENDING) S=0.834 AC=0.244(TRENDING) VR=1.154(TRENDING) | pass_rate=100.0%
2026-03-12 21:27:35 | qs.graveyard | WARNING | BLOCKED by tombstone | similarity=0.87 | pattern_losses=1 | total_lost=$-11.24
2026-03-12 21:27:35 | qs.scalper   | INFO  | GRAVEYARD blocked ETH/USDT SHORT (sim=0.87)
2026-03-12 21:27:35 | qs.exploit_gate | INFO  | Gate OPEN | type=TRENDING conf=0.56 | H=0.805(TRENDING) S=0.758 AC=0.135(TRENDING) VR=1.069(NONE) | pass_rate=100.0%
2026-03-12 21:28:05 | qs.volatility | INFO  | Top 3 volatile: DOGE/USDT(0.171%), ETH/USDT(0.140%), SOL/USDT(0.162%)
2026-03-12 21:28:07 | qs.exploit_gate | INFO  | Gate OPEN | type=TRENDING conf=0.78 | H=0.845(TRENDING) S=0.804 AC=0.178(TRENDING) VR=1.211(TRENDING) | pass_rate=100.0%
2026-03-12 21:28:07 | qs.graveyard | WARNING | BLOCKED by tombstone | similarity=0.93 | pattern_losses=1 | total_lost=$-11.24
2026-03-12 21:28:07 | qs.scalper   | INFO  | GRAVEYARD blocked DOGE/USDT SHORT (sim=0.93)
2026-03-12 21:28:07 | qs.exploit_gate | INFO  | Gate OPEN | type=TRENDING conf=0.77 | H=0.861(TRENDING) S=0.836 AC=0.250(TRENDING) VR=1.159(TRENDING) | pass_rate=100.0%
2026-03-12 21:28:07 | qs.graveyard | WARNING | BLOCKED by tombstone | similarity=0.90 | pattern_losses=1 | total_lost=$-11.24
2026-03-12 21:28:07 | qs.scalper   | INFO  | GRAVEYARD blocked ETH/USDT SHORT (sim=0.90)
2026-03-12 21:28:07 | qs.exploit_gate | INFO  | Gate OPEN | type=TRENDING conf=0.56 | H=0.823(TRENDING) S=0.758 AC=0.134(TRENDING) VR=1.066(NONE) | pass_rate=100.0%
2026-03-12 21:28:07 | qs.graveyard | WARNING | BLOCKED by tombstone | similarity=0.94 | pattern_losses=1 | total_lost=$-11.24
2026-03-12 21:28:07 | qs.scalper   | INFO  | GRAVEYARD blocked SOL/USDT SHORT (sim=0.94)
2026-03-12 21:28:37 | qs.volatility | INFO  | Top 3 volatile: DOGE/USDT(0.171%), ETH/USDT(0.140%), SOL/USDT(0.162%)
2026-03-12 21:28:41 | qs.exploit_gate | INFO  | Gate OPEN | type=TRENDING conf=0.78 | H=0.845(TRENDING) S=0.809 AC=0.174(TRENDING) VR=1.206(TRENDING) | pass_rate=100.0%
2026-03-12 21:28:41 | qs.graveyard | WARNING | BLOCKED by tombstone | similarity=0.92 | pattern_losses=1 | total_lost=$-11.24
2026-03-12 21:28:41 | qs.scalper   | INFO  | GRAVEYARD blocked DOGE/USDT SHORT (sim=0.92)
2026-03-12 21:28:41 | qs.exploit_gate | INFO  | Gate OPEN | type=TRENDING conf=0.77 | H=0.861(TRENDING) S=0.839 AC=0.251(TRENDING) VR=1.152(TRENDING) | pass_rate=100.0%
2026-03-12 21:28:41 | qs.graveyard | WARNING | BLOCKED by tombstone | similarity=0.91 | pattern_losses=1 | total_lost=$-0.05
2026-03-12 21:28:41 | qs.scalper   | INFO  | GRAVEYARD blocked ETH/USDT SHORT (sim=0.91)
2026-03-12 21:28:41 | qs.exploit_gate | INFO  | Gate OPEN | type=TRENDING conf=0.56 | H=0.823(TRENDING) S=0.759 AC=0.134(TRENDING) VR=1.064(NONE) | pass_rate=100.0%
2026-03-12 21:28:41 | qs.graveyard | WARNING | BLOCKED by tombstone | similarity=0.92 | pattern_losses=1 | total_lost=$-0.05
2026-03-12 21:28:41 | qs.scalper   | INFO  | GRAVEYARD blocked SOL/USDT SHORT (sim=0.92)
2026-03-12 21:29:14 | qs.volatility | INFO  | Top 3 volatile: DOGE/USDT(0.174%), ETH/USDT(0.136%), BTC/USDT(0.111%)
2026-03-12 21:29:16 | qs.exploit_gate | INFO  | Gate OPEN | type=TRENDING conf=0.78 | H=0.843(TRENDING) S=0.813 AC=0.186(TRENDING) VR=1.188(TRENDING) | pass_rate=100.0%
2026-03-12 21:29:16 | qs.graveyard | WARNING | BLOCKED by tombstone | similarity=0.89 | pattern_losses=1 | total_lost=$-11.24
2026-03-12 21:29:16 | qs.scalper   | INFO  | GRAVEYARD blocked DOGE/USDT SHORT (sim=0.89)
2026-03-12 21:29:16 | qs.exploit_gate | INFO  | Gate OPEN | type=TRENDING conf=0.76 | H=0.854(TRENDING) S=0.841 AC=0.269(TRENDING) VR=1.158(TRENDING) | pass_rate=100.0%
2026-03-12 21:29:17 | qs.signal    | INFO  | REJECT ETH/USDT SHORT grade=D score=0.5 quality=0.548 | {"breakdown": {"technical": 0.799, "ml_confidence": 0.5, "order_flow": 0.167, "volatility": 0.7}}
2026-03-12 21:29:17 | qs.asym_risk | INFO  | NEGATIVE EV: -1.3057 — trade blocked (p=0.62 RR=0.4)
2026-03-12 21:29:17 | qs.asym_risk | INFO  | SHORT entry=2060.14 | SL=2069.49(0.45%) TP=2056.61 | RR=0.4 EV=-1.3057 ✗ -EV BLOCKED
2026-03-12 21:29:17 | qs.scalper   | INFO  | NEGATIVE EV blocked ETH/USDT SHORT (EV=-1.3057)
2026-03-12 21:29:17 | qs.exploit_gate | INFO  | Gate OPEN | type=TRENDING conf=0.77 | H=0.845(TRENDING) S=0.832 AC=0.136(TRENDING) VR=1.148(TRENDING) | pass_rate=100.0%
2026-03-12 21:29:17 | qs.graveyard | WARNING | BLOCKED by tombstone | similarity=0.87 | pattern_losses=1 | total_lost=$-11.24
2026-03-12 21:29:17 | qs.scalper   | INFO  | GRAVEYARD blocked BTC/USDT SHORT (sim=0.87)
2026-03-12 21:29:47 | qs.volatility | INFO  | Top 3 volatile: DOGE/USDT(0.174%), ETH/USDT(0.136%), BTC/USDT(0.111%)
2026-03-12 21:29:49 | qs.exploit_gate | INFO  | Gate OPEN | type=TRENDING conf=0.78 | H=0.844(TRENDING) S=0.808 AC=0.180(TRENDING) VR=1.196(TRENDING) | pass_rate=100.0%
2026-03-12 21:29:49 | qs.graveyard | WARNING | BLOCKED by tombstone | similarity=0.98 | pattern_losses=1 | total_lost=$-0.05
2026-03-12 21:29:49 | qs.scalper   | INFO  | GRAVEYARD blocked DOGE/USDT SHORT (sim=0.98)
2026-03-12 21:29:49 | qs.exploit_gate | INFO  | Gate OPEN | type=TRENDING conf=0.76 | H=0.853(TRENDING) S=0.839 AC=0.264(TRENDING) VR=1.161(TRENDING) | pass_rate=100.0%
2026-03-12 21:29:49 | qs.graveyard | WARNING | BLOCKED by tombstone | similarity=0.93 | pattern_losses=1 | total_lost=$-1.35
2026-03-12 21:29:49 | qs.scalper   | INFO  | GRAVEYARD blocked ETH/USDT SHORT (sim=0.93)
2026-03-12 21:29:49 | qs.exploit_gate | INFO  | Gate OPEN | type=TRENDING conf=0.77 | H=0.845(TRENDING) S=0.835 AC=0.138(TRENDING) VR=1.143(TRENDING) | pass_rate=100.0%
2026-03-12 21:29:49 | qs.graveyard | WARNING | BLOCKED by tombstone | similarity=0.90 | pattern_losses=1 | total_lost=$-1.35
2026-03-12 21:29:49 | qs.scalper   | INFO  | GRAVEYARD blocked BTC/USDT SHORT (sim=0.90)
2026-03-12 21:30:19 | qs.volatility | INFO  | Top 3 volatile: DOGE/USDT(0.174%), ETH/USDT(0.136%), BTC/USDT(0.111%)
2026-03-12 21:30:22 | qs.exploit_gate | INFO  | Gate OPEN | type=TRENDING conf=0.78 | H=0.820(TRENDING) S=0.804 AC=0.187(TRENDING) VR=1.200(TRENDING) | pass_rate=100.0%
2026-03-12 21:30:22 | qs.graveyard | WARNING | BLOCKED by tombstone | similarity=0.91 | pattern_losses=1 | total_lost=$-11.24
2026-03-12 21:30:22 | qs.scalper   | INFO  | GRAVEYARD blocked DOGE/USDT SHORT (sim=0.91)
2026-03-12 21:30:22 | qs.exploit_gate | INFO  | Gate OPEN | type=TRENDING conf=0.77 | H=0.855(TRENDING) S=0.836 AC=0.272(TRENDING) VR=1.172(TRENDING) | pass_rate=100.0%
2026-03-12 21:30:22 | qs.graveyard | WARNING | BLOCKED by tombstone | similarity=0.89 | pattern_losses=1 | total_lost=$-0.05
2026-03-12 21:30:22 | qs.scalper   | INFO  | GRAVEYARD blocked ETH/USDT SHORT (sim=0.89)
2026-03-12 21:30:22 | qs.exploit_gate | INFO  | Gate OPEN | type=TRENDING conf=0.77 | H=0.838(TRENDING) S=0.831 AC=0.137(TRENDING) VR=1.148(TRENDING) | pass_rate=100.0%
2026-03-12 21:30:22 | qs.graveyard | WARNING | BLOCKED by tombstone | similarity=0.97 | pattern_losses=1 | total_lost=$-1.35
2026-03-12 21:30:22 | qs.scalper   | INFO  | GRAVEYARD blocked BTC/USDT SHORT (sim=0.97)
2026-03-12 21:30:54 | qs.volatility | INFO  | Top 3 volatile: DOGE/USDT(0.174%), ETH/USDT(0.136%), BTC/USDT(0.111%)
2026-03-12 21:30:56 | qs.exploit_gate | INFO  | Gate OPEN | type=TRENDING conf=0.78 | H=0.820(TRENDING) S=0.806 AC=0.184(TRENDING) VR=1.192(TRENDING) | pass_rate=100.0%
2026-03-12 21:30:56 | qs.graveyard | WARNING | BLOCKED by tombstone | similarity=0.93 | pattern_losses=1 | total_lost=$-0.05
2026-03-12 21:30:56 | qs.scalper   | INFO  | GRAVEYARD blocked DOGE/USDT SHORT (sim=0.93)
2026-03-12 21:30:56 | qs.exploit_gate | INFO  | Gate OPEN | type=TRENDING conf=0.77 | H=0.855(TRENDING) S=0.836 AC=0.270(TRENDING) VR=1.167(TRENDING) | pass_rate=100.0%
2026-03-12 21:30:56 | qs.graveyard | WARNING | BLOCKED by tombstone | similarity=0.95 | pattern_losses=1 | total_lost=$-1.35
2026-03-12 21:30:56 | qs.scalper   | INFO  | GRAVEYARD blocked ETH/USDT SHORT (sim=0.95)
2026-03-12 21:30:56 | qs.exploit_gate | INFO  | Gate OPEN | type=TRENDING conf=0.77 | H=0.838(TRENDING) S=0.835 AC=0.130(TRENDING) VR=1.136(TRENDING) | pass_rate=100.0%
2026-03-12 21:30:56 | qs.graveyard | WARNING | BLOCKED by tombstone | similarity=0.98 | pattern_losses=1 | total_lost=$-0.05
2026-03-12 21:30:56 | qs.scalper   | INFO  | GRAVEYARD blocked BTC/USDT SHORT (sim=0.98)
2026-03-12 21:31:26 | qs.volatility | INFO  | Top 3 volatile: DOGE/USDT(0.174%), ETH/USDT(0.136%), BTC/USDT(0.111%)
2026-03-12 21:31:28 | qs.exploit_gate | INFO  | Gate OPEN | type=TRENDING conf=0.78 | H=0.840(TRENDING) S=0.806 AC=0.189(TRENDING) VR=1.189(TRENDING) | pass_rate=100.0%
2026-03-12 21:31:28 | qs.graveyard | WARNING | BLOCKED by tombstone | similarity=0.93 | pattern_losses=1 | total_lost=$-11.24
2026-03-12 21:31:28 | qs.scalper   | INFO  | GRAVEYARD blocked DOGE/USDT SHORT (sim=0.93)
2026-03-12 21:31:28 | qs.exploit_gate | INFO  | Gate OPEN | type=TRENDING conf=0.77 | H=0.860(TRENDING) S=0.838 AC=0.274(TRENDING) VR=1.162(TRENDING) | pass_rate=100.0%
2026-03-12 21:31:28 | qs.exploit_gate | INFO  | Gate OPEN | type=TRENDING conf=0.77 | H=0.853(TRENDING) S=0.835 AC=0.147(TRENDING) VR=1.133(TRENDING) | pass_rate=100.0%
2026-03-12 21:34:05 | qs.system    | INFO  | Starting Quant Scalper v6 on http://localhost:8000
2026-03-12 21:35:03 | qs.system    | INFO  | Starting bot mode=paper symbols=['BTC/USDT', 'ETH/USDT', 'SOL/USDT', 'BNB/USDT', 'DOGE/USDT', 'XRP/USDT']
2026-03-12 21:35:05 | qs.data      | INFO  | Exchange initialized for BTC/USDT
2026-03-12 21:35:05 | qs.data      | INFO  | Exchange initialized for ETH/USDT
2026-03-12 21:35:05 | qs.data      | INFO  | Exchange initialized for SOL/USDT
2026-03-12 21:35:05 | qs.data      | INFO  | Exchange initialized for BNB/USDT
2026-03-12 21:35:05 | qs.data      | INFO  | Exchange initialized for DOGE/USDT
2026-03-12 21:35:05 | qs.data      | INFO  | Exchange initialized for XRP/USDT
2026-03-12 21:35:05 | qs.graveyard | INFO  | Loaded 8 tombstones from graveyard
2026-03-12 21:35:05 | qs.data      | INFO  | Exchange initialized for BTC/USDT
2026-03-12 21:35:05 | qs.data      | INFO  | Exchange initialized for ETH/USDT
2026-03-12 21:35:05 | qs.data      | INFO  | Exchange initialized for SOL/USDT
2026-03-12 21:35:05 | qs.data      | INFO  | Exchange initialized for BNB/USDT
2026-03-12 21:35:05 | qs.data      | INFO  | Exchange initialized for DOGE/USDT
2026-03-12 21:35:05 | qs.data      | INFO  | Exchange initialized for XRP/USDT
2026-03-12 21:35:07 | qs.ml        | INFO  | Computing features for training...
2026-03-12 21:35:07 | qs.ml        | INFO  | Trained: val_accuracy=48.2% samples=484 top_features=['macd_hist_z', 'bb_width_z', 'atr_norm']
2026-03-12 21:35:23 | qs.volatility | INFO  | Top 3 volatile: DOGE/USDT(0.164%), ETH/USDT(0.129%), SOL/USDT(0.143%)
2026-03-12 21:35:37 | qs.exploit_gate | INFO  | Gate OPEN | type=TRENDING conf=0.77 | H=0.835(TRENDING) S=0.817 AC=0.163(TRENDING) VR=1.126(TRENDING) | pass_rate=100.0%
2026-03-12 21:35:37 | qs.exploit_gate | INFO  | Gate OPEN | type=TRENDING conf=0.77 | H=0.858(TRENDING) S=0.834 AC=0.283(TRENDING) VR=1.173(TRENDING) | pass_rate=100.0%
2026-03-12 21:35:37 | qs.exploit_gate | INFO  | Gate OPEN | type=TRENDING conf=0.56 | H=0.803(TRENDING) S=0.760 AC=0.146(TRENDING) VR=1.046(NONE) | pass_rate=100.0%
2026-03-12 21:36:08 | qs.volatility | INFO  | Top 3 volatile: DOGE/USDT(0.164%), ETH/USDT(0.129%), SOL/USDT(0.143%)
2026-03-12 21:36:09 | qs.exploit_gate | INFO  | Gate OPEN | type=TRENDING conf=0.77 | H=0.836(TRENDING) S=0.816 AC=0.166(TRENDING) VR=1.131(TRENDING) | pass_rate=100.0%
2026-03-12 21:36:09 | qs.exploit_gate | INFO  | Gate OPEN | type=TRENDING conf=0.77 | H=0.866(TRENDING) S=0.836 AC=0.277(TRENDING) VR=1.176(TRENDING) | pass_rate=100.0%
2026-03-12 21:36:09 | qs.exploit_gate | INFO  | Gate OPEN | type=TRENDING conf=0.56 | H=0.816(TRENDING) S=0.759 AC=0.139(TRENDING) VR=1.049(NONE) | pass_rate=100.0%
2026-03-12 21:36:40 | qs.volatility | INFO  | Top 3 volatile: DOGE/USDT(0.164%), ETH/USDT(0.129%), SOL/USDT(0.143%)
2026-03-12 21:36:42 | qs.exploit_gate | INFO  | Gate OPEN | type=TRENDING conf=0.77 | H=0.836(TRENDING) S=0.820 AC=0.132(TRENDING) VR=1.108(TRENDING) | pass_rate=100.0%
2026-03-12 21:36:42 | qs.exploit_gate | INFO  | Gate OPEN | type=TRENDING conf=0.76 | H=0.866(TRENDING) S=0.842 AC=0.255(TRENDING) VR=1.155(TRENDING) | pass_rate=100.0%
2026-03-12 21:36:42 | qs.graveyard | WARNING | BLOCKED by tombstone | similarity=0.90 | pattern_losses=1 | total_lost=$-1.35
2026-03-12 21:36:42 | qs.scalper   | INFO  | GRAVEYARD blocked ETH/USDT SHORT (sim=0.91)
2026-03-12 21:36:42 | qs.exploit_gate | INFO  | Gate OPEN | type=TRENDING conf=0.56 | H=0.815(TRENDING) S=0.760 AC=0.123(TRENDING) VR=1.038(NONE) | pass_rate=100.0%
2026-03-12 21:37:12 | qs.volatility | INFO  | Top 3 volatile: DOGE/USDT(0.164%), ETH/USDT(0.129%), SOL/USDT(0.143%)
2026-03-12 21:37:15 | qs.exploit_gate | INFO  | Gate OPEN | type=TRENDING conf=0.77 | H=0.824(TRENDING) S=0.821 AC=0.134(TRENDING) VR=1.112(TRENDING) | pass_rate=100.0%
2026-03-12 21:37:15 | qs.exploit_gate | INFO  | Gate OPEN | type=TRENDING conf=0.77 | H=0.860(TRENDING) S=0.838 AC=0.269(TRENDING) VR=1.170(TRENDING) | pass_rate=100.0%
2026-03-12 21:37:15 | qs.exploit_gate | INFO  | Gate OPEN | type=TRENDING conf=0.56 | H=0.812(TRENDING) S=0.759 AC=0.137(TRENDING) VR=1.056(NONE) | pass_rate=100.0%
2026-03-12 21:37:45 | qs.volatility | INFO  | Top 3 volatile: DOGE/USDT(0.164%), ETH/USDT(0.129%), SOL/USDT(0.143%)
2026-03-12 21:37:48 | qs.exploit_gate | INFO  | Gate OPEN | type=TRENDING conf=0.77 | H=0.824(TRENDING) S=0.821 AC=0.131(TRENDING) VR=1.108(TRENDING) | pass_rate=100.0%
2026-03-12 21:37:48 | qs.exploit_gate | INFO  | Gate OPEN | type=TRENDING conf=0.77 | H=0.860(TRENDING) S=0.838 AC=0.269(TRENDING) VR=1.169(TRENDING) | pass_rate=100.0%
2026-03-12 21:37:48 | qs.exploit_gate | INFO  | Gate OPEN | type=TRENDING conf=0.56 | H=0.812(TRENDING) S=0.759 AC=0.135(TRENDING) VR=1.055(NONE) | pass_rate=100.0%
2026-03-12 21:38:19 | qs.volatility | INFO  | Top 3 volatile: DOGE/USDT(0.177%), ETH/USDT(0.134%), SOL/USDT(0.154%)
2026-03-12 21:38:21 | qs.exploit_gate | INFO  | Gate OPEN | type=TRENDING conf=0.77 | H=0.836(TRENDING) S=0.818 AC=0.145(TRENDING) VR=1.130(TRENDING) | pass_rate=100.0%
2026-03-12 21:38:21 | qs.graveyard | WARNING | BLOCKED by tombstone | similarity=0.97 | pattern_losses=1 | total_lost=$-11.24
2026-03-12 21:38:21 | qs.scalper   | INFO  | GRAVEYARD blocked DOGE/USDT LONG (sim=0.97)
2026-03-12 21:38:21 | qs.exploit_gate | INFO  | Gate OPEN | type=TRENDING conf=0.77 | H=0.858(TRENDING) S=0.836 AC=0.287(TRENDING) VR=1.192(TRENDING) | pass_rate=100.0%
2026-03-12 21:38:21 | qs.exploit_gate | INFO  | Gate OPEN | type=TRENDING conf=0.56 | H=0.816(TRENDING) S=0.759 AC=0.144(TRENDING) VR=1.063(NONE) | pass_rate=100.0%
2026-03-12 21:38:21 | qs.graveyard | WARNING | BLOCKED by tombstone | similarity=0.96 | pattern_losses=1 | total_lost=$-11.24
2026-03-12 21:38:21 | qs.scalper   | INFO  | GRAVEYARD blocked SOL/USDT LONG (sim=0.96)
2026-03-12 21:38:51 | qs.volatility | INFO  | Top 3 volatile: DOGE/USDT(0.177%), ETH/USDT(0.134%), SOL/USDT(0.154%)
2026-03-12 21:38:54 | qs.exploit_gate | INFO  | Gate OPEN | type=TRENDING conf=0.77 | H=0.836(TRENDING) S=0.818 AC=0.147(TRENDING) VR=1.129(TRENDING) | pass_rate=100.0%
2026-03-12 21:38:54 | qs.graveyard | WARNING | BLOCKED by tombstone | similarity=0.94 | pattern_losses=1 | total_lost=$-11.24
2026-03-12 21:38:54 | qs.scalper   | INFO  | GRAVEYARD blocked DOGE/USDT LONG (sim=0.94)
2026-03-12 21:38:54 | qs.exploit_gate | INFO  | Gate OPEN | type=TRENDING conf=0.77 | H=0.858(TRENDING) S=0.836 AC=0.287(TRENDING) VR=1.192(TRENDING) | pass_rate=100.0%
2026-03-12 21:38:54 | qs.exploit_gate | INFO  | Gate OPEN | type=TRENDING conf=0.56 | H=0.816(TRENDING) S=0.759 AC=0.150(TRENDING) VR=1.066(NONE) | pass_rate=100.0%
2026-03-12 21:38:54 | qs.graveyard | WARNING | BLOCKED by tombstone | similarity=0.92 | pattern_losses=1 | total_lost=$-0.05
2026-03-12 21:38:54 | qs.scalper   | INFO  | GRAVEYARD blocked SOL/USDT LONG (sim=0.92)
2026-03-12 21:39:24 | qs.volatility | INFO  | Top 3 volatile: DOGE/USDT(0.177%), ETH/USDT(0.134%), SOL/USDT(0.154%)
2026-03-12 21:39:26 | qs.exploit_gate | INFO  | Gate OPEN | type=TRENDING conf=0.77 | H=0.834(TRENDING) S=0.819 AC=0.150(TRENDING) VR=1.150(TRENDING) | pass_rate=100.0%
2026-03-12 21:39:26 | qs.graveyard | WARNING | BLOCKED by tombstone | similarity=0.92 | pattern_losses=1 | total_lost=$-0.05
2026-03-12 21:39:26 | qs.scalper   | INFO  | GRAVEYARD blocked DOGE/USDT LONG (sim=0.92)
2026-03-12 21:39:26 | qs.exploit_gate | INFO  | Gate OPEN | type=TRENDING conf=0.77 | H=0.854(TRENDING) S=0.828 AC=0.292(TRENDING) VR=1.207(TRENDING) | pass_rate=100.0%
2026-03-12 21:39:26 | qs.exploit_gate | INFO  | Gate OPEN | type=TRENDING conf=0.56 | H=0.812(TRENDING) S=0.758 AC=0.153(TRENDING) VR=1.085(NONE) | pass_rate=100.0%
2026-03-12 21:39:26 | qs.graveyard | WARNING | BLOCKED by tombstone | similarity=0.95 | pattern_losses=1 | total_lost=$-11.24
2026-03-12 21:39:26 | qs.scalper   | INFO  | GRAVEYARD blocked SOL/USDT LONG (sim=0.95)
2026-03-12 21:39:56 | qs.volatility | INFO  | Top 3 volatile: DOGE/USDT(0.177%), ETH/USDT(0.134%), SOL/USDT(0.154%)
2026-03-12 21:39:58 | qs.exploit_gate | INFO  | Gate OPEN | type=TRENDING conf=0.77 | H=0.834(TRENDING) S=0.818 AC=0.147(TRENDING) VR=1.143(TRENDING) | pass_rate=100.0%
2026-03-12 21:39:58 | qs.graveyard | WARNING | BLOCKED by tombstone | similarity=0.92 | pattern_losses=1 | total_lost=$-0.05
2026-03-12 21:39:58 | qs.scalper   | INFO  | GRAVEYARD blocked DOGE/USDT LONG (sim=0.92)
2026-03-12 21:39:58 | qs.exploit_gate | INFO  | Gate OPEN | type=TRENDING conf=0.77 | H=0.854(TRENDING) S=0.828 AC=0.292(TRENDING) VR=1.205(TRENDING) | pass_rate=100.0%
2026-03-12 21:39:58 | qs.exploit_gate | INFO  | Gate OPEN | type=TRENDING conf=0.56 | H=0.812(TRENDING) S=0.758 AC=0.153(TRENDING) VR=1.084(NONE) | pass_rate=100.0%
2026-03-12 21:39:58 | qs.graveyard | WARNING | BLOCKED by tombstone | similarity=0.91 | pattern_losses=1 | total_lost=$-0.05
2026-03-12 21:39:58 | qs.scalper   | INFO  | GRAVEYARD blocked SOL/USDT LONG (sim=0.91)
2026-03-12 21:40:31 | qs.volatility | INFO  | Top 3 volatile: DOGE/USDT(0.177%), ETH/USDT(0.134%), SOL/USDT(0.154%)
2026-03-12 21:40:34 | qs.exploit_gate | INFO  | Gate OPEN | type=TRENDING conf=0.77 | H=0.832(TRENDING) S=0.817 AC=0.151(TRENDING) VR=1.146(TRENDING) | pass_rate=100.0%
2026-03-12 21:40:34 | qs.graveyard | WARNING | BLOCKED by tombstone | similarity=0.96 | pattern_losses=1 | total_lost=$-11.24
2026-03-12 21:40:34 | qs.scalper   | INFO  | GRAVEYARD blocked DOGE/USDT LONG (sim=0.96)
2026-03-12 21:40:34 | qs.exploit_gate | INFO  | Gate OPEN | type=TRENDING conf=0.77 | H=0.869(TRENDING) S=0.828 AC=0.293(TRENDING) VR=1.201(TRENDING) | pass_rate=100.0%
2026-03-12 21:40:34 | qs.exploit_gate | INFO  | Gate OPEN | type=TRENDING conf=0.56 | H=0.825(TRENDING) S=0.758 AC=0.150(TRENDING) VR=1.068(NONE) | pass_rate=100.0%
2026-03-12 21:40:34 | qs.graveyard | WARNING | BLOCKED by tombstone | similarity=0.95 | pattern_losses=1 | total_lost=$-11.24
2026-03-12 21:40:34 | qs.scalper   | INFO  | GRAVEYARD blocked SOL/USDT LONG (sim=0.95)
2026-03-12 21:41:05 | qs.volatility | INFO  | Top 3 volatile: DOGE/USDT(0.180%), SOL/USDT(0.155%), ETH/USDT(0.125%)
2026-03-12 21:41:07 | qs.exploit_gate | INFO  | Gate OPEN | type=TRENDING conf=0.77 | H=0.832(TRENDING) S=0.817 AC=0.151(TRENDING) VR=1.146(TRENDING) | pass_rate=100.0%
2026-03-12 21:41:07 | qs.graveyard | WARNING | BLOCKED by tombstone | similarity=0.93 | pattern_losses=1 | total_lost=$-11.24
2026-03-12 21:41:07 | qs.scalper   | INFO  | GRAVEYARD blocked DOGE/USDT LONG (sim=0.93)
2026-03-12 21:41:07 | qs.exploit_gate | INFO  | Gate OPEN | type=TRENDING conf=0.56 | H=0.825(TRENDING) S=0.758 AC=0.150(TRENDING) VR=1.069(NONE) | pass_rate=100.0%
2026-03-12 21:41:07 | qs.graveyard | WARNING | BLOCKED by tombstone | similarity=0.92 | pattern_losses=1 | total_lost=$-11.24
2026-03-12 21:41:07 | qs.scalper   | INFO  | GRAVEYARD blocked SOL/USDT LONG (sim=0.92)
2026-03-12 21:41:07 | qs.exploit_gate | INFO  | Gate OPEN | type=TRENDING conf=0.77 | H=0.863(TRENDING) S=0.828 AC=0.295(TRENDING) VR=1.199(TRENDING) | pass_rate=100.0%
2026-03-12 21:41:07 | qs.graveyard | WARNING | BLOCKED by tombstone | similarity=0.86 | pattern_losses=1 | total_lost=$-1.35
2026-03-12 21:41:07 | qs.scalper   | INFO  | GRAVEYARD blocked ETH/USDT LONG (sim=0.86)
2026-03-12 21:41:37 | qs.volatility | INFO  | Top 3 volatile: DOGE/USDT(0.180%), SOL/USDT(0.155%), ETH/USDT(0.125%)
2026-03-12 21:41:39 | qs.exploit_gate | INFO  | Gate OPEN | type=TRENDING conf=0.77 | H=0.833(TRENDING) S=0.818 AC=0.157(TRENDING) VR=1.138(TRENDING) | pass_rate=100.0%
2026-03-12 21:41:39 | qs.graveyard | WARNING | BLOCKED by tombstone | similarity=0.95 | pattern_losses=1 | total_lost=$-11.24
2026-03-12 21:41:39 | qs.scalper   | INFO  | GRAVEYARD blocked DOGE/USDT LONG (sim=0.95)
2026-03-12 21:41:39 | qs.exploit_gate | INFO  | Gate OPEN | type=TRENDING conf=0.56 | H=0.814(TRENDING) S=0.753 AC=0.142(TRENDING) VR=1.080(NONE) | pass_rate=100.0%
2026-03-12 21:41:39 | qs.graveyard | WARNING | BLOCKED by tombstone | similarity=0.95 | pattern_losses=1 | total_lost=$-11.24
2026-03-12 21:41:39 | qs.scalper   | INFO  | GRAVEYARD blocked SOL/USDT LONG (sim=0.95)
2026-03-12 21:41:39 | qs.exploit_gate | INFO  | Gate OPEN | type=TRENDING conf=0.77 | H=0.863(TRENDING) S=0.828 AC=0.295(TRENDING) VR=1.199(TRENDING) | pass_rate=100.0%
2026-03-12 21:41:39 | qs.graveyard | WARNING | BLOCKED by tombstone | similarity=0.95 | pattern_losses=1 | total_lost=$-11.24
2026-03-12 21:41:39 | qs.scalper   | INFO  | GRAVEYARD blocked ETH/USDT LONG (sim=0.95)
2026-03-12 21:42:09 | qs.volatility | INFO  | Top 3 volatile: DOGE/USDT(0.180%), SOL/USDT(0.155%), ETH/USDT(0.125%)
2026-03-12 21:42:13 | qs.exploit_gate | INFO  | Gate OPEN | type=TRENDING conf=0.78 | H=0.824(TRENDING) S=0.812 AC=0.155(TRENDING) VR=1.118(TRENDING) | pass_rate=100.0%
2026-03-12 21:42:13 | qs.graveyard | WARNING | BLOCKED by tombstone | similarity=0.96 | pattern_losses=1 | total_lost=$-11.24
2026-03-12 21:42:13 | qs.scalper   | INFO  | GRAVEYARD blocked DOGE/USDT LONG (sim=0.96)
2026-03-12 21:42:13 | qs.exploit_gate | INFO  | Gate OPEN | type=TRENDING conf=0.57 | H=0.830(TRENDING) S=0.748 AC=0.137(TRENDING) VR=1.071(NONE) | pass_rate=100.0%
2026-03-12 21:42:13 | qs.graveyard | WARNING | BLOCKED by tombstone | similarity=0.96 | pattern_losses=1 | total_lost=$-11.24
2026-03-12 21:42:13 | qs.scalper   | INFO  | GRAVEYARD blocked SOL/USDT LONG (sim=0.96)
2026-03-12 21:42:13 | qs.exploit_gate | INFO  | Gate OPEN | type=TRENDING conf=0.77 | H=0.858(TRENDING) S=0.827 AC=0.283(TRENDING) VR=1.169(TRENDING) | pass_rate=100.0%
2026-03-12 21:42:13 | qs.graveyard | WARNING | BLOCKED by tombstone | similarity=0.92 | pattern_losses=1 | total_lost=$-11.24
2026-03-12 21:42:13 | qs.scalper   | INFO  | GRAVEYARD blocked ETH/USDT LONG (sim=0.92)
2026-03-12 21:42:43 | qs.volatility | INFO  | Top 3 volatile: DOGE/USDT(0.180%), SOL/USDT(0.155%), ETH/USDT(0.125%)
2026-03-12 21:42:46 | qs.exploit_gate | INFO  | Gate OPEN | type=TRENDING conf=0.78 | H=0.823(TRENDING) S=0.812 AC=0.155(TRENDING) VR=1.118(TRENDING) | pass_rate=100.0%
2026-03-12 21:42:46 | qs.graveyard | WARNING | BLOCKED by tombstone | similarity=0.96 | pattern_losses=1 | total_lost=$-11.24
2026-03-12 21:42:46 | qs.scalper   | INFO  | GRAVEYARD blocked DOGE/USDT LONG (sim=0.95)
2026-03-12 21:42:46 | qs.exploit_gate | INFO  | Gate OPEN | type=TRENDING conf=0.57 | H=0.830(TRENDING) S=0.748 AC=0.137(TRENDING) VR=1.070(NONE) | pass_rate=100.0%
2026-03-12 21:42:46 | qs.graveyard | WARNING | BLOCKED by tombstone | similarity=0.95 | pattern_losses=1 | total_lost=$-11.24
2026-03-12 21:42:46 | qs.scalper   | INFO  | GRAVEYARD blocked SOL/USDT LONG (sim=0.95)
2026-03-12 21:42:46 | qs.exploit_gate | INFO  | Gate OPEN | type=TRENDING conf=0.77 | H=0.859(TRENDING) S=0.827 AC=0.283(TRENDING) VR=1.169(TRENDING) | pass_rate=100.0%
2026-03-12 21:42:46 | qs.graveyard | WARNING | BLOCKED by tombstone | similarity=0.89 | pattern_losses=1 | total_lost=$-1.35
2026-03-12 21:42:46 | qs.scalper   | INFO  | GRAVEYARD blocked ETH/USDT LONG (sim=0.89)
2026-03-12 21:43:16 | qs.volatility | INFO  | Top 3 volatile: DOGE/USDT(0.180%), SOL/USDT(0.155%), ETH/USDT(0.125%)
2026-03-12 21:43:18 | qs.exploit_gate | INFO  | Gate OPEN | type=TRENDING conf=0.54 | H=0.839(TRENDING) S=0.817 AC=0.154(TRENDING) VR=1.019(NONE) | pass_rate=100.0%
2026-03-12 21:43:18 | qs.graveyard | WARNING | BLOCKED by tombstone | similarity=0.96 | pattern_losses=1 | total_lost=$-11.24
2026-03-12 21:43:18 | qs.scalper   | INFO  | GRAVEYARD blocked DOGE/USDT LONG (sim=0.96)
2026-03-12 21:43:18 | qs.exploit_gate | INFO  | Gate OPEN | type=TRENDING conf=0.57 | H=0.822(TRENDING) S=0.748 AC=0.139(TRENDING) VR=0.964(NONE) | pass_rate=100.0%
2026-03-12 21:43:18 | qs.graveyard | WARNING | BLOCKED by tombstone | similarity=0.95 | pattern_losses=1 | total_lost=$-11.24
2026-03-12 21:43:18 | qs.scalper   | INFO  | GRAVEYARD blocked SOL/USDT LONG (sim=0.95)
2026-03-12 21:43:18 | qs.exploit_gate | INFO  | Gate OPEN | type=TRENDING conf=0.54 | H=0.858(TRENDING) S=0.826 AC=0.288(TRENDING) VR=1.070(NONE) | pass_rate=100.0%
2026-03-12 21:43:18 | qs.graveyard | WARNING | BLOCKED by tombstone | similarity=0.88 | pattern_losses=1 | total_lost=$-1.35
2026-03-12 21:43:18 | qs.scalper   | INFO  | GRAVEYARD blocked ETH/USDT SHORT (sim=0.88)
2026-03-12 21:43:49 | qs.volatility | INFO  | Top 3 volatile: DOGE/USDT(0.160%), ETH/USDT(0.123%), XRP/USDT(0.104%)
2026-03-12 21:43:52 | qs.exploit_gate | INFO  | Gate OPEN | type=TRENDING conf=0.54 | H=0.839(TRENDING) S=0.817 AC=0.154(TRENDING) VR=1.019(NONE) | pass_rate=100.0%
2026-03-12 21:43:52 | qs.graveyard | WARNING | BLOCKED by tombstone | similarity=0.92 | pattern_losses=1 | total_lost=$-11.24
2026-03-12 21:43:52 | qs.scalper   | INFO  | GRAVEYARD blocked DOGE/USDT LONG (sim=0.93)
2026-03-12 21:43:52 | qs.exploit_gate | INFO  | Gate OPEN | type=TRENDING conf=0.54 | H=0.858(TRENDING) S=0.826 AC=0.288(TRENDING) VR=1.070(NONE) | pass_rate=100.0%
2026-03-12 21:43:52 | qs.graveyard | WARNING | BLOCKED by tombstone | similarity=0.92 | pattern_losses=1 | total_lost=$-11.24
2026-03-12 21:43:52 | qs.scalper   | INFO  | GRAVEYARD blocked ETH/USDT SHORT (sim=0.92)
2026-03-12 21:43:53 | qs.exploit_gate | INFO  | Gate OPEN | type=TRENDING conf=0.57 | H=0.836(TRENDING) S=0.748 AC=0.167(TRENDING) VR=0.976(NONE) | pass_rate=100.0%
2026-03-12 21:43:53 | qs.graveyard | WARNING | BLOCKED by tombstone | similarity=0.96 | pattern_losses=1 | total_lost=$-0.05
2026-03-12 21:43:53 | qs.scalper   | INFO  | GRAVEYARD blocked XRP/USDT SHORT (sim=0.96)
2026-03-12 21:44:23 | qs.volatility | INFO  | Top 3 volatile: DOGE/USDT(0.160%), ETH/USDT(0.123%), XRP/USDT(0.104%)
2026-03-12 21:44:25 | qs.exploit_gate | INFO  | Gate OPEN | type=TRENDING conf=0.54 | H=0.821(TRENDING) S=0.818 AC=0.142(TRENDING) VR=0.917(NONE) | pass_rate=100.0%
2026-03-12 21:44:25 | qs.graveyard | WARNING | BLOCKED by tombstone | similarity=0.96 | pattern_losses=1 | total_lost=$-11.24
2026-03-12 21:44:25 | qs.scalper   | INFO  | GRAVEYARD blocked DOGE/USDT LONG (sim=0.96)
2026-03-12 21:44:25 | qs.exploit_gate | INFO  | Gate OPEN | type=TRENDING conf=0.54 | H=0.852(TRENDING) S=0.828 AC=0.277(TRENDING) VR=0.955(NONE) | pass_rate=100.0%
2026-03-12 21:44:25 | qs.graveyard | WARNING | BLOCKED by tombstone | similarity=0.94 | pattern_losses=1 | total_lost=$-11.24
2026-03-12 21:44:25 | qs.scalper   | INFO  | GRAVEYARD blocked ETH/USDT LONG (sim=0.94)
2026-03-12 21:44:25 | qs.exploit_gate | INFO  | Gate OPEN | type=TRENDING conf=0.57 | H=0.807(TRENDING) S=0.747 AC=0.130(TRENDING) VR=0.903(NONE) | pass_rate=100.0%
2026-03-12 21:44:25 | qs.graveyard | WARNING | BLOCKED by tombstone | similarity=0.93 | pattern_losses=1 | total_lost=$-0.05
2026-03-12 21:44:25 | qs.scalper   | INFO  | GRAVEYARD blocked XRP/USDT LONG (sim=0.93)
2026-03-12 21:44:55 | qs.volatility | INFO  | Top 3 volatile: DOGE/USDT(0.160%), ETH/USDT(0.123%), XRP/USDT(0.104%)
2026-03-12 21:44:57 | qs.exploit_gate | INFO  | Gate OPEN | type=TRENDING conf=0.54 | H=0.821(TRENDING) S=0.818 AC=0.142(TRENDING) VR=0.917(NONE) | pass_rate=100.0%
2026-03-12 21:44:57 | qs.graveyard | WARNING | BLOCKED by tombstone | similarity=0.96 | pattern_losses=1 | total_lost=$-11.24
2026-03-12 21:44:57 | qs.scalper   | INFO  | GRAVEYARD blocked DOGE/USDT LONG (sim=0.96)
2026-03-12 21:44:57 | qs.exploit_gate | INFO  | Gate OPEN | type=TRENDING conf=0.54 | H=0.852(TRENDING) S=0.828 AC=0.278(TRENDING) VR=0.956(NONE) | pass_rate=100.0%
2026-03-12 21:44:57 | qs.exploit_gate | INFO  | Gate OPEN | type=TRENDING conf=0.57 | H=0.807(TRENDING) S=0.747 AC=0.129(TRENDING) VR=0.902(NONE) | pass_rate=100.0%
2026-03-12 21:44:57 | qs.graveyard | WARNING | BLOCKED by tombstone | similarity=0.88 | pattern_losses=1 | total_lost=$-1.38
2026-03-12 21:44:57 | qs.scalper   | INFO  | GRAVEYARD blocked XRP/USDT LONG (sim=0.88)
2026-03-12 21:45:27 | qs.volatility | INFO  | Top 3 volatile: DOGE/USDT(0.160%), ETH/USDT(0.123%), XRP/USDT(0.104%)
2026-03-12 21:45:29 | qs.exploit_gate | INFO  | Gate OPEN | type=TRENDING conf=0.52 | H=0.807(TRENDING) S=0.861 AC=0.090(TRENDING) VR=0.941(NONE) | pass_rate=100.0%
2026-03-12 21:45:29 | qs.exploit_gate | INFO  | Gate OPEN | type=TRENDING conf=0.53 | H=0.859(TRENDING) S=0.855 AC=0.216(TRENDING) VR=0.975(NONE) | pass_rate=100.0%
2026-03-12 21:45:29 | qs.graveyard | WARNING | BLOCKED by tombstone | similarity=0.88 | pattern_losses=1 | total_lost=$-1.35
2026-03-12 21:45:29 | qs.scalper   | INFO  | GRAVEYARD blocked ETH/USDT SHORT (sim=0.88)
2026-03-12 21:45:29 | qs.exploit_gate | INFO  | Gate OPEN | type=TRENDING conf=0.57 | H=0.810(TRENDING) S=0.741 AC=0.096(TRENDING) VR=0.910(NONE) | pass_rate=100.0%
2026-03-12 21:45:29 | qs.graveyard | WARNING | BLOCKED by tombstone | similarity=0.91 | pattern_losses=1 | total_lost=$-11.24
2026-03-12 21:45:29 | qs.scalper   | INFO  | GRAVEYARD blocked XRP/USDT SHORT (sim=0.91)
2026-03-12 21:46:01 | qs.volatility | INFO  | Top 3 volatile: DOGE/USDT(0.160%), ETH/USDT(0.123%), XRP/USDT(0.104%)
2026-03-12 21:46:03 | qs.exploit_gate | INFO  | Gate OPEN | type=TRENDING conf=0.52 | H=0.807(TRENDING) S=0.861 AC=0.088(TRENDING) VR=0.937(NONE) | pass_rate=100.0%
2026-03-12 21:46:03 | qs.exploit_gate | INFO  | Gate OPEN | type=TRENDING conf=0.53 | H=0.839(TRENDING) S=0.850 AC=0.177(TRENDING) VR=1.008(NONE) | pass_rate=100.0%
2026-03-12 21:46:03 | qs.graveyard | WARNING | BLOCKED by tombstone | similarity=0.88 | pattern_losses=1 | total_lost=$-11.24
2026-03-12 21:46:03 | qs.scalper   | INFO  | GRAVEYARD blocked ETH/USDT SHORT (sim=0.88)
2026-03-12 21:46:03 | qs.exploit_gate | INFO  | Gate OPEN | type=TRENDING conf=0.57 | H=0.802(TRENDING) S=0.741 AC=0.074(TRENDING) VR=0.898(NONE) | pass_rate=100.0%
2026-03-12 21:46:03 | qs.graveyard | WARNING | BLOCKED by tombstone | similarity=0.89 | pattern_losses=1 | total_lost=$-11.24
2026-03-12 21:46:03 | qs.scalper   | INFO  | GRAVEYARD blocked XRP/USDT SHORT (sim=0.89)
2026-03-12 21:46:34 | qs.volatility | INFO  | Top 3 volatile: DOGE/USDT(0.162%), ETH/USDT(0.134%), SOL/USDT(0.154%)
2026-03-12 21:46:36 | qs.exploit_gate | INFO  | Gate OPEN | type=TRENDING conf=0.53 | H=0.802(TRENDING) S=0.855 AC=0.073(TRENDING) VR=0.950(NONE) | pass_rate=100.0%
2026-03-12 21:46:36 | qs.graveyard | WARNING | BLOCKED by tombstone | similarity=1.00 | pattern_losses=1 | total_lost=$-0.05
2026-03-12 21:46:36 | qs.scalper   | INFO  | GRAVEYARD blocked DOGE/USDT SHORT (sim=1.00)
2026-03-12 21:46:36 | qs.exploit_gate | INFO  | Gate OPEN | type=TRENDING conf=0.53 | H=0.839(TRENDING) S=0.855 AC=0.187(TRENDING) VR=1.003(NONE) | pass_rate=100.0%
2026-03-12 21:46:36 | qs.signal    | INFO  | REJECT ETH/USDT SHORT grade=D score=0.6 quality=0.551 | {"breakdown": {"technical": 0.924, "ml_confidence": 0.5, "order_flow": 0.025, "volatility": 0.7}}
2026-03-12 21:46:36 | qs.asym_risk | INFO  | NEGATIVE EV: -1.7764 — trade blocked (p=0.60 RR=0.2)
2026-03-12 21:46:36 | qs.asym_risk | INFO  | SHORT entry=2058.39 | SL=2065.58(0.35%) TP=2056.61 | RR=0.2 EV=-1.7764 ✗ -EV BLOCKED
2026-03-12 21:46:36 | qs.scalper   | INFO  | NEGATIVE EV blocked ETH/USDT SHORT (EV=-1.7764)
2026-03-12 21:46:36 | qs.exploit_gate | INFO  | Gate OPEN | type=TRENDING conf=0.34 | H=0.794(TRENDING) S=0.739 AC=0.011(NONE) VR=0.757(MEAN_REVERTING) | pass_rate=100.0%
2026-03-12 21:46:36 | qs.graveyard | WARNING | BLOCKED by tombstone | similarity=0.90 | pattern_losses=1 | total_lost=$-0.05
2026-03-12 21:46:36 | qs.scalper   | INFO  | GRAVEYARD blocked SOL/USDT SHORT (sim=0.90)
2026-03-12 21:47:06 | qs.volatility | INFO  | Top 3 volatile: DOGE/USDT(0.162%), ETH/USDT(0.134%), SOL/USDT(0.154%)
2026-03-12 21:47:09 | qs.exploit_gate | INFO  | Gate OPEN | type=TRENDING conf=0.53 | H=0.798(TRENDING) S=0.852 AC=0.066(TRENDING) VR=0.982(NONE) | pass_rate=100.0%
2026-03-12 21:47:09 | qs.exploit_gate | INFO  | Gate OPEN | type=TRENDING conf=0.53 | H=0.839(TRENDING) S=0.855 AC=0.183(TRENDING) VR=1.006(NONE) | pass_rate=100.0%
2026-03-12 21:47:09 | qs.signal    | INFO  | REJECT ETH/USDT SHORT grade=D score=0.6 quality=0.570 | {"breakdown": {"technical": 0.924, "ml_confidence": 0.5, "order_flow": 0.119, "volatility": 0.7}}
2026-03-12 21:47:09 | qs.asym_risk | INFO  | NEGATIVE EV: -1.0359 — trade blocked (p=0.62 RR=0.4)
2026-03-12 21:47:09 | qs.asym_risk | INFO  | SHORT entry=2058.96 | SL=2065.58(0.32%) TP=2056.61 | RR=0.4 EV=-1.0359 ✗ -EV BLOCKED
2026-03-12 21:47:09 | qs.scalper   | INFO  | NEGATIVE EV blocked ETH/USDT SHORT (EV=-1.0359)
2026-03-12 21:47:09 | qs.exploit_gate | INFO  | Gate OPEN | type=TRENDING conf=0.32 | H=0.773(TRENDING) S=0.796 AC=-0.006(NONE) VR=0.852(MEAN_REVERTING) | pass_rate=100.0%
2026-03-12 21:47:39 | qs.volatility | INFO  | Top 3 volatile: DOGE/USDT(0.162%), ETH/USDT(0.134%), SOL/USDT(0.154%)
2026-03-12 21:47:41 | qs.exploit_gate | INFO  | Gate OPEN | type=TRENDING conf=0.29 | H=0.798(TRENDING) S=0.857 AC=0.053(NONE) VR=0.953(NONE) | pass_rate=100.0%
2026-03-12 21:47:42 | qs.graveyard | WARNING | BLOCKED by tombstone | similarity=0.91 | pattern_losses=1 | total_lost=$-0.05
2026-03-12 21:47:42 | qs.scalper   | INFO  | GRAVEYARD blocked DOGE/USDT LONG (sim=0.91)
2026-03-12 21:47:42 | qs.exploit_gate | INFO  | Gate OPEN | type=TRENDING conf=0.53 | H=0.819(TRENDING) S=0.849 AC=0.191(TRENDING) VR=1.051(NONE) | pass_rate=100.0%
2026-03-12 21:47:42 | qs.graveyard | WARNING | BLOCKED by tombstone | similarity=0.95 | pattern_losses=1 | total_lost=$-0.05
2026-03-12 21:47:42 | qs.scalper   | INFO  | GRAVEYARD blocked ETH/USDT SHORT (sim=0.95)
2026-03-12 21:47:42 | qs.exploit_gate | INFO  | Gate OPEN | type=TRENDING conf=0.31 | H=0.773(TRENDING) S=0.799 AC=-0.019(NONE) VR=0.833(MEAN_REVERTING) | pass_rate=100.0%
2026-03-12 21:47:42 | qs.graveyard | WARNING | BLOCKED by tombstone | similarity=0.93 | pattern_losses=1 | total_lost=$-0.05
2026-03-12 21:47:42 | qs.scalper   | INFO  | GRAVEYARD blocked SOL/USDT LONG (sim=0.93)
2026-03-12 21:48:12 | qs.volatility | INFO  | Top 3 volatile: DOGE/USDT(0.162%), ETH/USDT(0.134%), SOL/USDT(0.154%)
2026-03-12 21:48:14 | qs.exploit_gate | INFO  | Gate OPEN | type=TRENDING conf=0.29 | H=0.794(TRENDING) S=0.858 AC=0.058(NONE) VR=0.940(NONE) | pass_rate=100.0%
2026-03-12 21:48:14 | qs.graveyard | WARNING | BLOCKED by tombstone | similarity=0.93 | pattern_losses=1 | total_lost=$-0.05
2026-03-12 21:48:14 | qs.scalper   | INFO  | GRAVEYARD blocked DOGE/USDT LONG (sim=0.93)
2026-03-12 21:48:14 | qs.exploit_gate | INFO  | Gate OPEN | type=TRENDING conf=0.52 | H=0.835(TRENDING) S=0.857 AC=0.189(TRENDING) VR=1.020(NONE) | pass_rate=100.0%
2026-03-12 21:48:14 | qs.exploit_gate | INFO  | Gate OPEN | type=TRENDING conf=0.31 | H=0.777(TRENDING) S=0.805 AC=-0.012(NONE) VR=0.819(MEAN_REVERTING) | pass_rate=100.0%
2026-03-12 21:48:14 | qs.graveyard | WARNING | BLOCKED by tombstone | similarity=0.94 | pattern_losses=1 | total_lost=$-0.05
2026-03-12 21:48:14 | qs.scalper   | INFO  | GRAVEYARD blocked SOL/USDT LONG (sim=0.94)
2026-03-12 21:48:44 | qs.volatility | INFO  | Top 3 volatile: DOGE/USDT(0.162%), ETH/USDT(0.134%), SOL/USDT(0.154%)
2026-03-12 21:48:46 | qs.exploit_gate | INFO  | Gate OPEN | type=TRENDING conf=0.52 | H=0.794(TRENDING) S=0.858 AC=0.065(TRENDING) VR=0.937(NONE) | pass_rate=100.0%
2026-03-12 21:48:46 | qs.graveyard | WARNING | BLOCKED by tombstone | similarity=0.93 | pattern_losses=1 | total_lost=$-0.05
2026-03-12 21:48:46 | qs.scalper   | INFO  | GRAVEYARD blocked DOGE/USDT LONG (sim=0.93)
2026-03-12 21:48:46 | qs.exploit_gate | INFO  | Gate OPEN | type=TRENDING conf=0.52 | H=0.835(TRENDING) S=0.857 AC=0.188(TRENDING) VR=1.021(NONE) | pass_rate=100.0%
2026-03-12 21:48:46 | qs.exploit_gate | INFO  | Gate OPEN | type=TRENDING conf=0.31 | H=0.777(TRENDING) S=0.805 AC=-0.009(NONE) VR=0.818(MEAN_REVERTING) | pass_rate=100.0%
2026-03-12 21:48:46 | qs.graveyard | WARNING | BLOCKED by tombstone | similarity=0.88 | pattern_losses=1 | total_lost=$-1.38
2026-03-12 21:48:46 | qs.scalper   | INFO  | GRAVEYARD blocked SOL/USDT LONG (sim=0.89)
2026-03-12 21:49:17 | qs.volatility | INFO  | Top 3 volatile: SOL/USDT(0.154%), DOGE/USDT(0.163%), ETH/USDT(0.132%)
2026-03-12 21:49:19 | qs.exploit_gate | INFO  | Gate OPEN | type=TRENDING conf=0.32 | H=0.783(TRENDING) S=0.794 AC=0.003(NONE) VR=0.844(MEAN_REVERTING) | pass_rate=100.0%
2026-03-12 21:49:19 | qs.graveyard | WARNING | BLOCKED by tombstone | similarity=0.95 | pattern_losses=1 | total_lost=$-11.24
2026-03-12 21:49:19 | qs.scalper   | INFO  | GRAVEYARD blocked SOL/USDT LONG (sim=0.95)
2026-03-12 21:49:19 | qs.exploit_gate | INFO  | Gate OPEN | type=TRENDING conf=0.29 | H=0.790(TRENDING) S=0.859 AC=0.057(NONE) VR=0.939(NONE) | pass_rate=100.0%
2026-03-12 21:49:19 | qs.graveyard | WARNING | BLOCKED by tombstone | similarity=0.91 | pattern_losses=1 | total_lost=$-11.24
2026-03-12 21:49:19 | qs.scalper   | INFO  | GRAVEYARD blocked DOGE/USDT LONG (sim=0.91)
2026-03-12 21:49:19 | qs.exploit_gate | INFO  | Gate OPEN | type=TRENDING conf=0.53 | H=0.840(TRENDING) S=0.848 AC=0.188(TRENDING) VR=1.042(NONE) | pass_rate=100.0%
2026-03-12 21:49:19 | qs.graveyard | WARNING | BLOCKED by tombstone | similarity=0.91 | pattern_losses=1 | total_lost=$-11.24
2026-03-12 21:49:19 | qs.scalper   | INFO  | GRAVEYARD blocked ETH/USDT SHORT (sim=0.91)
2026-03-12 21:49:49 | qs.volatility | INFO  | Top 3 volatile: SOL/USDT(0.154%), DOGE/USDT(0.163%), ETH/USDT(0.132%)
2026-03-12 21:49:52 | qs.exploit_gate | INFO  | Gate OPEN | type=TRENDING conf=0.32 | H=0.783(TRENDING) S=0.795 AC=0.002(NONE) VR=0.844(MEAN_REVERTING) | pass_rate=100.0%
2026-03-12 21:49:52 | qs.graveyard | WARNING | BLOCKED by tombstone | similarity=0.95 | pattern_losses=1 | total_lost=$-11.24
2026-03-12 21:49:52 | qs.scalper   | INFO  | GRAVEYARD blocked SOL/USDT LONG (sim=0.95)
2026-03-12 21:49:52 | qs.exploit_gate | INFO  | Gate OPEN | type=TRENDING conf=0.29 | H=0.791(TRENDING) S=0.859 AC=0.056(NONE) VR=0.936(NONE) | pass_rate=100.0%
2026-03-12 21:49:52 | qs.exploit_gate | INFO  | Gate OPEN | type=TRENDING conf=0.53 | H=0.840(TRENDING) S=0.848 AC=0.188(TRENDING) VR=1.043(NONE) | pass_rate=100.0%
2026-03-12 21:49:52 | qs.graveyard | WARNING | BLOCKED by tombstone | similarity=0.88 | pattern_losses=1 | total_lost=$-1.35
2026-03-12 21:49:52 | qs.scalper   | INFO  | GRAVEYARD blocked ETH/USDT SHORT (sim=0.88)
2026-03-12 21:50:02 | qs.system    | INFO  | Starting bot mode=paper symbols=['BTC/USDT', 'ETH/USDT', 'SOL/USDT', 'BNB/USDT', 'DOGE/USDT', 'XRP/USDT']
2026-03-12 21:50:02 | qs.data      | INFO  | Exchange initialized for BTC/USDT
2026-03-12 21:50:02 | qs.data      | INFO  | Exchange initialized for ETH/USDT
2026-03-12 21:50:02 | qs.data      | INFO  | Exchange initialized for SOL/USDT
2026-03-12 21:50:02 | qs.data      | INFO  | Exchange initialized for BNB/USDT
2026-03-12 21:50:02 | qs.data      | INFO  | Exchange initialized for DOGE/USDT
2026-03-12 21:50:02 | qs.data      | INFO  | Exchange initialized for XRP/USDT
2026-03-12 21:50:02 | qs.graveyard | INFO  | Loaded 8 tombstones from graveyard
2026-03-12 21:50:02 | qs.data      | INFO  | Exchange initialized for BTC/USDT
2026-03-12 21:50:02 | qs.data      | INFO  | Exchange initialized for ETH/USDT
2026-03-12 21:50:02 | qs.data      | INFO  | Exchange initialized for SOL/USDT
2026-03-12 21:50:02 | qs.data      | INFO  | Exchange initialized for BNB/USDT
2026-03-12 21:50:02 | qs.data      | INFO  | Exchange initialized for DOGE/USDT
2026-03-12 21:50:02 | qs.data      | INFO  | Exchange initialized for XRP/USDT
2026-03-12 21:50:05 | qs.ml        | INFO  | Computing features for training...
2026-03-12 21:50:06 | qs.ml        | INFO  | Trained: val_accuracy=51.8% samples=479 top_features=['macd_hist_z', 'atr_norm', 'macd_z']
2026-03-12 21:50:07 | qs.system    | INFO  | Starting bot mode=paper symbols=['BTC/USDT', 'ETH/USDT', 'SOL/USDT', 'BNB/USDT', 'DOGE/USDT', 'XRP/USDT']
2026-03-12 21:50:07 | qs.data      | INFO  | Exchange initialized for BTC/USDT
2026-03-12 21:50:07 | qs.data      | INFO  | Exchange initialized for ETH/USDT
2026-03-12 21:50:07 | qs.data      | INFO  | Exchange initialized for SOL/USDT
2026-03-12 21:50:07 | qs.data      | INFO  | Exchange initialized for BNB/USDT
2026-03-12 21:50:07 | qs.data      | INFO  | Exchange initialized for DOGE/USDT
2026-03-12 21:50:07 | qs.data      | INFO  | Exchange initialized for XRP/USDT
2026-03-12 21:50:07 | qs.graveyard | INFO  | Loaded 8 tombstones from graveyard
2026-03-12 21:50:07 | qs.data      | INFO  | Exchange initialized for BTC/USDT
2026-03-12 21:50:07 | qs.data      | INFO  | Exchange initialized for ETH/USDT
2026-03-12 21:50:07 | qs.data      | INFO  | Exchange initialized for SOL/USDT
2026-03-12 21:50:07 | qs.data      | INFO  | Exchange initialized for BNB/USDT
2026-03-12 21:50:07 | qs.data      | INFO  | Exchange initialized for DOGE/USDT
2026-03-12 21:50:07 | qs.data      | INFO  | Exchange initialized for XRP/USDT
2026-03-12 21:50:10 | qs.ml        | INFO  | Computing features for training...
2026-03-12 21:50:10 | qs.ml        | INFO  | Trained: val_accuracy=51.8% samples=479 top_features=['macd_hist_z', 'atr_norm', 'macd_z']
2026-03-12 21:50:14 | qs.system    | INFO  | Starting bot mode=paper symbols=['BTC/USDT', 'ETH/USDT', 'SOL/USDT', 'BNB/USDT', 'DOGE/USDT', 'XRP/USDT']
2026-03-12 21:50:14 | qs.data      | INFO  | Exchange initialized for BTC/USDT
2026-03-12 21:50:14 | qs.data      | INFO  | Exchange initialized for ETH/USDT
2026-03-12 21:50:14 | qs.data      | INFO  | Exchange initialized for SOL/USDT
2026-03-12 21:50:14 | qs.data      | INFO  | Exchange initialized for BNB/USDT
2026-03-12 21:50:14 | qs.data      | INFO  | Exchange initialized for DOGE/USDT
2026-03-12 21:50:14 | qs.data      | INFO  | Exchange initialized for XRP/USDT
2026-03-12 21:50:14 | qs.graveyard | INFO  | Loaded 8 tombstones from graveyard
2026-03-12 21:50:14 | qs.data      | INFO  | Exchange initialized for BTC/USDT
2026-03-12 21:50:14 | qs.data      | INFO  | Exchange initialized for ETH/USDT
2026-03-12 21:50:14 | qs.data      | INFO  | Exchange initialized for SOL/USDT
2026-03-12 21:50:14 | qs.data      | INFO  | Exchange initialized for BNB/USDT
2026-03-12 21:50:14 | qs.data      | INFO  | Exchange initialized for DOGE/USDT
2026-03-12 21:50:14 | qs.data      | INFO  | Exchange initialized for XRP/USDT
2026-03-12 21:50:17 | qs.ml        | INFO  | Computing features for training...
2026-03-12 21:50:18 | qs.ml        | INFO  | Trained: val_accuracy=50.6% samples=480 top_features=['macd_hist_z', 'bb_width_z', 'macd_z']
2026-03-12 21:50:39 | qs.volatility | INFO  | Top 3 volatile: SOL/USDT(0.158%), XRP/USDT(0.113%), DOGE/USDT(0.166%)
2026-03-12 21:50:53 | qs.exploit_gate | INFO  | Gate OPEN | type=TRENDING conf=0.31 | H=0.792(TRENDING) S=0.797 AC=-0.002(NONE) VR=0.844(MEAN_REVERTING) | pass_rate=100.0%
2026-03-12 21:50:53 | qs.graveyard | WARNING | BLOCKED by tombstone | similarity=0.93 | pattern_losses=1 | total_lost=$-0.05
2026-03-12 21:50:53 | qs.scalper   | INFO  | GRAVEYARD blocked SOL/USDT LONG (sim=0.93)
2026-03-12 21:50:53 | qs.exploit_gate | INFO  | Gate OPEN | type=TRENDING conf=0.57 | H=0.810(TRENDING) S=0.740 AC=0.082(TRENDING) VR=0.905(NONE) | pass_rate=100.0%
2026-03-12 21:50:53 | qs.graveyard | WARNING | BLOCKED by tombstone | similarity=0.93 | pattern_losses=1 | total_lost=$-0.05
2026-03-12 21:50:53 | qs.scalper   | INFO  | GRAVEYARD blocked XRP/USDT LONG (sim=0.93)
2026-03-12 21:50:53 | qs.exploit_gate | INFO  | Gate OPEN | type=TRENDING conf=0.29 | H=0.796(TRENDING) S=0.864 AC=0.049(NONE) VR=0.932(NONE) | pass_rate=100.0%
2026-03-12 21:50:53 | qs.graveyard | WARNING | BLOCKED by tombstone | similarity=0.95 | pattern_losses=1 | total_lost=$-11.24
2026-03-12 21:50:53 | qs.scalper   | INFO  | GRAVEYARD blocked DOGE/USDT LONG (sim=0.95)
